//file auto-generated from resource/db_wot61.xm by bin2h.exe
size_t db_wot61_len = 43440;
unsigned char db_wot61[43440]=
{
	0x45,0x78,0x74,0x65,0x6E,0x64,0x65,0x64,0x20,0x4D,0x6F,
	0x64,0x75,0x6C,0x65,0x3A,0x20,0x57,0x6F,0x54,0x57,0x20,
	0x52,0x61,0x7A,0x6F,0x72,0x20,0x31,0x39,0x31,0x31,0x20,
	0x49,0x6E,0x74,0x20,0x1A,0x46,0x61,0x73,0x74,0x54,0x72,
	0x61,0x63,0x6B,0x65,0x72,0x20,0x76,0x32,0x2E,0x30,0x30,
	0x20,0x20,0x20,0x04,0x01,0x14,0x01,0x00,0x00,0x1D,0x00,
	0x05,0x00,0x04,0x00,0x1C,0x00,0x1F,0x00,0x01,0x00,0x03,
	0x00,0x7D,0x00,0x02,0x05,0x06,0x07,0x00,0x01,0x03,0x04,
	0x08,0x09,0x0A,0x0B,0x0C,0x0D,0x0E,0x0F,0x16,0x17,0x16,
	0x18,0x11,0x12,0x19,0x1A,0x13,0x14,0x1B,0x15,0x10,0x00,
	0x00,0x00,0x00,0x00,0x00,0x00,0x00,0x00,0x00,0x00,0x00,
	0x00,0x00,0x00,0x00,0x00,0x00,0x00,0x00,0x00,0x00,0x00,
	0x00,0x00,0x00,0x00,0x00,0x00,0x00,0x00,0x00,0x00,0x00,
	0x00,0x00,0x00,0x00,0x00,0x00,0x00,0x00,0x00,0x00,0x00,
	0x00,0x00,0x00,0x00,0x00,0x00,0x00,0x00,0x00,0x00,0x00,
	0x00,0x00,0x00,0x00,0x00,0x00,0x00,0x00,0x00,0x00,0x00,
	0x00,0x00,0x00,0x00,0x00,0x00,0x00,0x00,0x00,0x00,0x00,
	0x00,0x00,0x00,0x00,0x00,0x00,0x00,0x00,0x00,0x00,0x00,
	0x00,0x00,0x00,0x00,0x00,0x00,0x00,0x00,0x00,0x00,0x00,
	0x00,0x00,0x00,0x00,0x00,0x00,0x00,0x00,0x00,0x00,0x00,
	0x00,0x00,0x00,0x00,0x00,0x00,0x00,0x00,0x00,0x00,0x00,
	0x00,0x00,0x00,0x00,0x00,0x00,0x00,0x00,0x00,0x00,0x00,
	0x00,0x00,0x00,0x00,0x00,0x00,0x00,0x00,0x00,0x00,0x00,
	0x00,0x00,0x00,0x00,0x00,0x00,0x00,0x00,0x00,0x00,0x00,
	0x00,0x00,0x00,0x00,0x00,0x00,0x00,0x00,0x00,0x00,0x00,
	0x00,0x00,0x00,0x00,0x00,0x00,0x00,0x00,0x00,0x00,0x00,
	0x00,0x00,0x00,0x00,0x00,0x00,0x00,0x00,0x00,0x00,0x00,
	0x00,0x00,0x00,0x00,0x00,0x00,0x00,0x00,0x00,0x00,0x00,
	0x00,0x00,0x00,0x00,0x00,0x00,0x00,0x00,0x00,0x00,0x00,
	0x00,0x00,0x00,0x00,0x00,0x00,0x00,0x00,0x00,0x00,0x00,
	0x00,0x00,0x00,0x00,0x00,0x00,0x09,0x00,0x00,0x00,0x00,
	0x40,0x00,0x71,0x02,0x83,0x2F,0x02,0x83,0x4E,0x0A,0x35,
	0x0C,0x50,0x08,0x80,0x9B,0x47,0x08,0x04,0x72,0x80,0x80,
	0x98,0x08,0x70,0x88,0x04,0x93,0x53,0x06,0x37,0x83,0x2F,
	0x02,0x98,0x08,0x60,0x88,0x04,0x98,0x0C,0x0A,0x80,0x98,
	0x08,0x50,0x88,0x04,0x83,0x3B,0x02,0x83,0x4E,0x0A,0x98,
	0x08,0x40,0x88,0x04,0x81,0x61,0x80,0x98,0x08,0x30,0x88,
	0x04,0x83,0x2F,0x02,0x83,0x48,0x0B,0x98,0x08,0x20,0x88,
	0x04,0x81,0x61,0x80,0x98,0x08,0x10,0x88,0x04,0x93,0x53,
	0x05,0x37,0x83,0x41,0x09,0x9B,0x2F,0x03,0x0A,0x0A,0x88,
	0x04,0x98,0x0C,0x0A,0x80,0x88,0x0A,0x88,0x04,0x83,0x36,
	0x02,0x83,0x48,0x0B,0x88,0x04,0x88,0x04,0x80,0x80,0x88,
	0x04,0x88,0x04,0x83,0x39,0x02,0x83,0x48,0x0B,0x9B,0x53,
	0x03,0x0A,0x0F,0x88,0x04,0x80,0x80,0x88,0x0A,0x88,0x04,
	0x93,0x53,0x06,0x37,0x83,0x4E,0x0A,0x8B,0x5D,0x03,0x0A,
	0x88,0x04,0x90,0x37,0x81,0x61,0x88,0x0A,0x88,0x04,0x9B,
	0x2F,0x02,0x0A,0x06,0x83,0x48,0x0B,0x88,0x0A,0x8B,0x49,
	0x08,0x04,0x89,0x61,0x0A,0x80,0x49,0x04,0x28,0x04,0x00,
	0x88,0x04,0x83,0x2F,0x02,0x83,0x48,0x0B,0x88,0x04,0x88,
	0x04,0x80,0x80,0x88,0x04,0x88,0x04,0x93,0x53,0x08,0x37,
	0x83,0x4E,0x0A,0x8B,0x5A,0x03,0x0A,0x88,0x04,0x90,0x37,
	0x80,0x88,0x0A,0x88,0x04,0x83,0x2F,0x02,0x83,0x48,0x0B,
	0x88,0x0A,0x8B,0x4A,0x08,0x04,0x80,0x80,0x4A,0x04,0x28,
	0x04,0x00,0x88,0x04,0x80,0x83,0x41,0x09,0x88,0x04,0x88,
	0x04,0x80,0x80,0x88,0x04,0x88,0x04,0x83,0x36,0x02,0x83,
	0x48,0x0B,0x8B,0x5F,0x03,0x0A,0x88,0x04,0x80,0x80,0x88,
	0x0A,0x88,0x04,0x93,0x53,0x01,0x37,0x83,0x39,0x02,0x88,
	0x0A,0x8B,0x43,0x08,0x04,0x98,0x0C,0x0A,0x80,0x43,0x04,
	0x28,0x04,0x00,0x88,0x04,0x93,0x53,0x03,0x37,0x83,0x3B,
	0x02,0x88,0x04,0x88,0x04,0x98,0x0C,0x0A,0x81,0x61,0x88,
	0x04,0x88,0x04,0x83,0x2B,0x02,0x83,0x4E,0x0A,0x88,0x04,
	0x88,0x04,0x80,0x80,0x88,0x04,0x88,0x04,0x93,0x4F,0x05,
	0x47,0x83,0x2B,0x02,0x88,0x04,0x88,0x04,0x98,0x0C,0x0A,
	0x80,0x88,0x04,0x88,0x04,0x83,0x37,0x02,0x83,0x4E,0x0A,
	0x8B,0x56,0x03,0x0A,0x88,0x04,0x81,0x61,0x80,0x88,0x0A,
	0x88,0x04,0x83,0x2B,0x02,0x83,0x48,0x0B,0x43,0x04,0x28,
	0x04,0x00,0x88,0x04,0x81,0x61,0x80,0x88,0x04,0x88,0x04,
	0x93,0x4F,0x03,0x47,0x83,0x41,0x09,0x88,0x04,0x88,0x04,
	0x98,0x0C,0x0A,0x80,0x88,0x04,0x88,0x04,0x83,0x34,0x02,
	0x83,0x48,0x0B,0x88,0x04,0x88,0x04,0x80,0x80,0x88,0x04,
	0x88,0x04,0x83,0x36,0x02,0x83,0x48,0x0B,0x8B,0x55,0x03,
	0x0A,0x8B,0x4A,0x08,0x04,0x80,0x80,0x88,0x0A,0x88,0x04,
	0x93,0x4F,0x06,0x47,0x83,0x4E,0x0A,0x8B,0x56,0x03,0x0A,
	0x88,0x04,0x90,0x47,0x80,0x88,0x0A,0x88,0x04,0x83,0x2B,
	0x02,0x83,0x48,0x0B,0x4A,0x04,0x28,0x04,0x00,0x88,0x04,
	0x80,0x80,0x88,0x04,0x88,0x04,0x80,0x83,0x48,0x0B,0x88,
	0x04,0x88,0x04,0x80,0x80,0x88,0x04,0x88,0x04,0x93,0x4F,
	0x03,0x47,0x83,0x4E,0x0A,0x8B,0x53,0x03,0x0A,0x88,0x04,
	0x90,0x47,0x80,0x88,0x0A,0x88,0x04,0x83,0x2B,0x02,0x83,
	0x48,0x0B,0x4A,0x04,0x28,0x04,0x00,0x88,0x04,0x80,0x81,
	0x61,0x88,0x04,0x88,0x04,0x83,0x2B,0x02,0x83,0x41,0x09,
	0x88,0x04,0x8B,0x47,0x08,0x04,0x81,0x61,0x80,0x47,0x04,
	0x28,0x04,0x00,0x88,0x04,0x83,0x32,0x02,0x83,0x48,0x0B,
	0x8B,0x51,0x03,0x0A,0x88,0x04,0x80,0x80,0x88,0x0A,0x88,
	0x04,0x93,0x53,0x01,0x37,0x83,0x34,0x02,0x88,0x0A,0x8B,
	0x49,0x08,0x04,0x98,0x0C,0x0A,0x81,0x61,0x49,0x04,0x28,
	0x04,0x00,0x88,0x04,0x93,0x53,0x03,0x35,0x83,0x37,0x02,
	0x88,0x04,0x88,0x04,0x98,0x0C,0x0A,0x81,0x61,0x88,0x04,
	0x88,0x04,0x09,0x00,0x00,0x00,0x00,0x40,0x00,0x7D,0x02,
	0x83,0x2D,0x02,0x83,0x4E,0x0A,0x98,0x0A,0x0A,0x98,0x04,
	0x82,0x80,0x80,0x88,0x0A,0x88,0x04,0x93,0x51,0x06,0x47,
	0x83,0x2D,0x02,0x88,0x0A,0x88,0x04,0x98,0x0C,0x0A,0x80,
	0x88,0x0A,0x88,0x04,0x83,0x39,0x02,0x83,0x4E,0x0A,0x8B,
	0x58,0x03,0x0A,0x88,0x04,0x81,0x61,0x80,0x88,0x0A,0x88,
	0x04,0x83,0x2D,0x02,0x83,0x48,0x0B,0x49,0x04,0x28,0x04,
	0x00,0x88,0x04,0x81,0x61,0x80,0x88,0x04,0x88,0x04,0x93,
	0x51,0x05,0x47,0x83,0x41,0x09,0x88,0x04,0x88,0x04,0x98,
	0x0C,0x0A,0x80,0x88,0x04,0x88,0x04,0x83,0x34,0x02,0x83,
	0x48,0x0B,0x88,0x04,0x88,0x04,0x80,0x80,0x88,0x04,0x88,
	0x04,0x83,0x36,0x02,0x83,0x48,0x0B,0x8B,0x56,0x03,0x0A,
	0x88,0x04,0x80,0x80,0x88,0x0A,0x88,0x04,0x93,0x51,0x05,
	0x47,0x83,0x4E,0x0A,0x8B,0x5A,0x03,0x0A,0x88,0x04,0x90,
	0x47,0x81,0x61,0x88,0x0A,0x88,0x04,0x9B,0x2D,0x02,0x0A,
	0x06,0x83,0x48,0x0B,0x88,0x0A,0x8B,0x47,0x08,0x04,0x89,
	0x61,0x0A,0x80,0x47,0x04,0x29,0x04,0x00,0x88,0x04,0x83,
	0x2D,0x02,0x83,0x48,0x0B,0x88,0x04,0x88,0x04,0x80,0x80,
	0x88,0x04,0x88,0x04,0x93,0x51,0x05,0x47,0x83,0x4E,0x0A,
	0x8B,0x58,0x03,0x0A,0x88,0x04,0x90,0x47,0x80,0x88,0x0A,
	0x88,0x04,0x83,0x2D,0x02,0x83,0x48,0x0B,0x88,0x0A,0x88,
	0x04,0x80,0x80,0x88,0x0A,0x88,0x04,0x80,0x83,0x41,0x09,
	0x88,0x0A,0x8B,0x45,0x08,0x04,0x80,0x80,0x45,0x04,0x28,
	0x04,0x00,0x88,0x04,0x83,0x34,0x02,0x83,0x48,0x0B,0x8B,
	0x56,0x03,0x0A,0x88,0x04,0x80,0x80,0x88,0x0A,0x88,0x04,
	0x93,0x51,0x05,0x47,0x83,0x36,0x02,0x88,0x0A,0x9B,0x49,
	0x08,0x03,0x0A,0x98,0x0C,0x0A,0x80,0x49,0x04,0x28,0x04,
	0x00,0x88,0x03,0x93,0x51,0x05,0x47,0x83,0x39,0x02,0x88,
	0x04,0x88,0x03,0x98,0x0C,0x0A,0x81,0x61,0x88,0x04,0x88,
	0x03,0x83,0x2A,0x02,0x83,0x4E,0x0A,0x88,0x04,0x88,0x03,
	0x80,0x80,0x88,0x04,0x88,0x04,0x93,0x51,0x06,0x49,0x83,
	0x2A,0x02,0x88,0x04,0x88,0x04,0x98,0x0C,0x0A,0x80,0x88,
	0x04,0x88,0x04,0x83,0x36,0x02,0x83,0x4E,0x0A,0x8B,0x55,
	0x03,0x0A,0x88,0x04,0x81,0x61,0x80,0x88,0x0A,0x88,0x04,
	0x83,0x2A,0x02,0x83,0x48,0x0B,0x49,0x04,0x28,0x04,0x00,
	0x88,0x04,0x81,0x61,0x80,0x88,0x04,0x88,0x04,0x93,0x51,
	0x05,0x49,0x83,0x41,0x09,0x88,0x04,0x88,0x04,0x98,0x0C,
	0x0A,0x80,0x88,0x04,0x88,0x04,0x83,0x32,0x02,0x83,0x48,
	0x0B,0x88,0x04,0x88,0x04,0x80,0x80,0x88,0x04,0x88,0x04,
	0x83,0x34,0x02,0x83,0x48,0x0B,0x8B,0x51,0x03,0x0A,0x88,
	0x04,0x80,0x80,0x88,0x0A,0x88,0x04,0x93,0x51,0x05,0x49,
	0x83,0x4E,0x0A,0x8B,0x56,0x03,0x0A,0x88,0x04,0x90,0x49,
	0x80,0x88,0x0A,0x88,0x04,0x83,0x2A,0x02,0x83,0x48,0x0B,
	0x88,0x0A,0x8B,0x4A,0x08,0x04,0x80,0x80,0x4A,0x04,0x28,
	0x04,0x00,0x88,0x04,0x80,0x83,0x48,0x0B,0x88,0x04,0x49,
	0x08,0x28,0x04,0x00,0x80,0x80,0x49,0x04,0x18,0x04,0x00,
	0x88,0x04,0x93,0x51,0x05,0x49,0x83,0x4E,0x0A,0x8B,0x55,
	0x03,0x0A,0x4A,0x08,0x28,0x04,0x00,0x90,0x49,0x80,0x4A,
	0x04,0x18,0x04,0x00,0x88,0x04,0x83,0x2A,0x02,0x83,0x48,
	0x0B,0x88,0x04,0x8B,0x49,0x08,0x04,0x80,0x81,0x61,0x49,
	0x04,0x28,0x04,0x00,0x88,0x04,0x83,0x2A,0x02,0x83,0x41,
	0x09,0x88,0x04,0x4A,0x08,0x28,0x04,0x00,0x81,0x61,0x80,
	0x4A,0x04,0x18,0x04,0x00,0x88,0x04,0x83,0x32,0x02,0x83,
	0x48,0x0B,0x8B,0x58,0x03,0x0A,0x49,0x08,0x28,0x04,0x00,
	0x80,0x80,0x49,0x04,0x18,0x04,0x00,0x88,0x04,0x93,0x51,
	0x05,0x49,0x83,0x34,0x02,0x88,0x04,0x8B,0x4C,0x08,0x04,
	0x98,0x0C,0x0A,0x81,0x61,0x4C,0x04,0x28,0x04,0x00,0x88,
	0x04,0x93,0x51,0x05,0x49,0x83,0x36,0x02,0x88,0x04,0x88,
	0x04,0x98,0x0C,0x0A,0x81,0x61,0x88,0x04,0x88,0x04,0x09,
	0x00,0x00,0x00,0x00,0x40,0x00,0xF2,0x01,0x83,0x4E,0x0A,
	0x9B,0x2F,0x02,0x0F,0x03,0x9B,0x2F,0x05,0x08,0xD0,0x93,
	0x47,0x06,0x37,0x80,0x80,0x80,0x90,0x37,0x83,0x4E,0x0B,
	0x9B,0x2F,0x02,0x0C,0x10,0x80,0x90,0x37,0x80,0x80,0x80,
	0x90,0x37,0x9B,0x5A,0x03,0x0A,0x0F,0x83,0x39,0x02,0x80,
	0x90,0x37,0x88,0x0A,0x80,0x80,0x90,0x37,0x83,0x4E,0x0B,
	0x83,0x3B,0x02,0x80,0x90,0x37,0x80,0x80,0x80,0x90,0x37,
	0x83,0x4E,0x0A,0x9B,0x3B,0x02,0x0C,0x10,0x80,0x90,0x37,
	0x80,0x80,0x80,0x90,0x37,0x83,0x4E,0x0B,0x83,0x39,0x02,
	0x80,0x90,0x37,0x80,0x80,0x80,0x90,0x37,0x9B,0x53,0x03,
	0x0A,0x0F,0x83,0x3B,0x02,0x80,0x90,0x37,0x88,0x0A,0x80,
	0x80,0x90,0x37,0x9B,0x5D,0x03,0x0A,0x0F,0x83,0x39,0x02,
	0x80,0x90,0x37,0x88,0x0A,0x80,0x80,0x90,0x37,0x83,0x4E,
	0x0A,0x83,0x40,0x02,0x80,0x90,0x37,0x80,0x80,0x80,0x90,
	0x37,0x83,0x4E,0x0B,0x83,0x3E,0x02,0x80,0x90,0x37,0x80,
	0x80,0x80,0x90,0x37,0x9B,0x5A,0x03,0x0A,0x0F,0x83,0x3B,
	0x02,0x80,0x90,0x37,0x88,0x0A,0x80,0x80,0x90,0x37,0x83,
	0x4E,0x0B,0x83,0x39,0x02,0x80,0x90,0x37,0x80,0x80,0x80,
	0x90,0x37,0x83,0x4E,0x0A,0x83,0x3B,0x02,0x80,0x90,0x37,
	0x80,0x80,0x80,0x90,0x37,0x9B,0x5F,0x03,0x0A,0x0F,0x83,
	0x39,0x02,0x80,0x90,0x37,0x88,0x0A,0x80,0x80,0x90,0x37,
	0x83,0x4E,0x0B,0x83,0x36,0x02,0x80,0x90,0x37,0x80,0x80,
	0x80,0x90,0x37,0x87,0x4E,0x0A,0x28,0x83,0x39,0x02,0x80,
	0x90,0x37,0x87,0x4E,0x0A,0x30,0x80,0x80,0x90,0x37,0x83,
	0x4E,0x0A,0x83,0x2F,0x02,0x80,0x90,0x37,0x80,0x80,0x80,
	0x90,0x37,0x83,0x4E,0x0B,0x9B,0x2F,0x02,0x0C,0x10,0x80,
	0x90,0x37,0x80,0x80,0x80,0x90,0x37,0x9B,0x56,0x03,0x0A,
	0x0F,0x83,0x39,0x02,0x80,0x90,0x37,0x88,0x0A,0x80,0x80,
	0x90,0x37,0x83,0x4E,0x0B,0x83,0x3B,0x02,0x80,0x90,0x37,
	0x80,0x80,0x80,0x90,0x37,0x83,0x4E,0x0A,0x9B,0x3B,0x02,
	0x0C,0x10,0x80,0x90,0x37,0x80,0x80,0x80,0x90,0x37,0x83,
	0x4E,0x0B,0x83,0x39,0x02,0x80,0x90,0x37,0x80,0x80,0x80,
	0x90,0x37,0x9B,0x55,0x03,0x0A,0x0F,0x83,0x3B,0x02,0x80,
	0x90,0x37,0x88,0x0A,0x80,0x80,0x90,0x37,0x9B,0x56,0x03,
	0x0A,0x0F,0x83,0x39,0x02,0x80,0x90,0x37,0x88,0x0A,0x80,
	0x80,0x90,0x37,0x83,0x4E,0x0A,0x83,0x40,0x02,0x80,0x90,
	0x37,0x80,0x80,0x80,0x90,0x37,0x83,0x4E,0x0B,0x83,0x3E,
	0x02,0x80,0x90,0x37,0x80,0x80,0x80,0x90,0x37,0x9B,0x53,
	0x03,0x0A,0x0F,0x83,0x3B,0x02,0x80,0x90,0x37,0x88,0x0A,
	0x80,0x80,0x90,0x37,0x83,0x4E,0x0B,0x83,0x39,0x02,0x80,
	0x90,0x37,0x80,0x80,0x80,0x90,0x37,0x83,0x4E,0x0A,0x83,
	0x3B,0x02,0x80,0x90,0x37,0x80,0x80,0x80,0x90,0x37,0x9B,
	0x51,0x03,0x0A,0x0F,0x83,0x36,0x02,0x80,0x90,0x37,0x88,
	0x0A,0x80,0x80,0x90,0x37,0x83,0x4E,0x0B,0x83,0x34,0x02,
	0x80,0x90,0x37,0x80,0x80,0x80,0x90,0x37,0x83,0x4E,0x0B,
	0x83,0x36,0x02,0x80,0x90,0x37,0x80,0x80,0x80,0x90,0x37,
	0x09,0x00,0x00,0x00,0x00,0x40,0x00,0x73,0x02,0x83,0x2F,
	0x02,0x83,0x4E,0x0A,0x98,0x0A,0x0A,0x9B,0x4E,0x08,0x04,
	0x72,0x80,0x80,0x4E,0x04,0x28,0x04,0x72,0x88,0x04,0x93,
	0x53,0x06,0x37,0x83,0x2F,0x02,0x88,0x04,0x88,0x04,0x98,
	0x0C,0x0A,0x80,0x88,0x04,0x88,0x04,0x83,0x3B,0x02,0x83,
	0x4E,0x0A,0x8B,0x5A,0x03,0x0A,0x88,0x04,0x81,0x61,0x80,
	0x88,0x0A,0x88,0x04,0x83,0x2F,0x02,0x83,0x48,0x0B,0x4E,
	0x04,0x28,0x04,0x72,0x88,0x04,0x81,0x61,0x80,0x88,0x04,
	0x88,0x04,0x93,0x53,0x05,0x37,0x83,0x41,0x09,0x88,0x04,
	0x88,0x04,0x98,0x0C,0x0A,0x80,0x88,0x04,0x88,0x04,0x83,
	0x36,0x02,0x83,0x48,0x0B,0x88,0x04,0x88,0x04,0x80,0x80,
	0x88,0x04,0x88,0x04,0x83,0x39,0x02,0x83,0x48,0x0B,0x8B,
	0x53,0x03,0x0A,0x88,0x04,0x80,0x80,0x88,0x0A,0x88,0x04,
	0x93,0x53,0x06,0x37,0x83,0x4E,0x0A,0x8B,0x5D,0x03,0x0A,
	0x88,0x04,0x90,0x37,0x81,0x61,0x88,0x0A,0x88,0x04,0x9B,
	0x2F,0x02,0x0A,0x06,0x83,0x48,0x0B,0x88,0x0A,0x8B,0x51,
	0x08,0x04,0x89,0x61,0x0A,0x80,0x51,0x04,0x28,0x04,0x00,
	0x88,0x04,0x83,0x2F,0x02,0x83,0x48,0x0B,0x88,0x04,0x88,
	0x04,0x80,0x80,0x88,0x04,0x88,0x04,0x93,0x53,0x08,0x37,
	0x83,0x4E,0x0A,0x8B,0x5A,0x03,0x0A,0x88,0x04,0x90,0x37,
	0x80,0x88,0x0A,0x88,0x04,0x83,0x2F,0x02,0x83,0x48,0x0B,
	0x88,0x0A,0x8B,0x53,0x08,0x04,0x80,0x80,0x53,0x04,0x28,
	0x04,0x00,0x88,0x04,0x80,0x83,0x41,0x09,0x88,0x04,0x88,
	0x04,0x80,0x80,0x88,0x04,0x88,0x04,0x83,0x36,0x02,0x83,
	0x48,0x0B,0x8B,0x5F,0x03,0x0A,0x88,0x04,0x80,0x80,0x88,
	0x0A,0x88,0x04,0x93,0x53,0x01,0x37,0x83,0x39,0x02,0x88,
	0x0A,0x8B,0x51,0x08,0x04,0x98,0x0C,0x0A,0x80,0x51,0x04,
	0x28,0x04,0x00,0x88,0x04,0x93,0x53,0x03,0x37,0x83,0x3B,
	0x02,0x88,0x04,0x88,0x04,0x98,0x0C,0x0A,0x81,0x61,0x88,
	0x04,0x88,0x04,0x83,0x2B,0x02,0x83,0x4E,0x0A,0x88,0x04,
	0x88,0x04,0x80,0x80,0x88,0x04,0x88,0x04,0x93,0x4F,0x05,
	0x47,0x83,0x2B,0x02,0x88,0x04,0x88,0x04,0x98,0x0C,0x0A,
	0x80,0x88,0x04,0x88,0x04,0x83,0x37,0x02,0x83,0x4E,0x0A,
	0x8B,0x56,0x03,0x0A,0x88,0x04,0x81,0x61,0x80,0x88,0x0A,
	0x88,0x04,0x83,0x2B,0x02,0x83,0x48,0x0B,0x51,0x04,0x28,
	0x04,0x00,0x88,0x04,0x81,0x61,0x80,0x88,0x04,0x88,0x04,
	0x93,0x4F,0x03,0x47,0x83,0x41,0x09,0x88,0x04,0x8B,0x4F,
	0x08,0x04,0x98,0x0C,0x0A,0x80,0x4F,0x04,0x28,0x04,0x00,
	0x88,0x04,0x83,0x34,0x02,0x83,0x48,0x0B,0x88,0x04,0x88,
	0x04,0x80,0x80,0x88,0x04,0x88,0x04,0x83,0x36,0x02,0x83,
	0x48,0x0B,0x8B,0x55,0x03,0x0A,0x88,0x04,0x80,0x80,0x88,
	0x0A,0x88,0x04,0x93,0x4F,0x06,0x47,0x83,0x4E,0x0A,0x8B,
	0x56,0x03,0x0A,0x88,0x04,0x90,0x47,0x80,0x88,0x0A,0x88,
	0x04,0x83,0x2B,0x02,0x83,0x48,0x0B,0x88,0x0A,0x8B,0x4E,
	0x08,0x04,0x80,0x80,0x4E,0x04,0x28,0x04,0x00,0x88,0x04,
	0x80,0x83,0x48,0x0B,0x88,0x04,0x88,0x04,0x80,0x80,0x88,
	0x04,0x88,0x04,0x93,0x4F,0x03,0x47,0x83,0x4E,0x0A,0x8B,
	0x53,0x03,0x0A,0x8B,0x4C,0x08,0x04,0x90,0x47,0x80,0x88,
	0x0A,0x88,0x04,0x83,0x2B,0x02,0x83,0x48,0x0B,0x4C,0x04,
	0x28,0x04,0x00,0x88,0x04,0x80,0x81,0x61,0x88,0x04,0x88,
	0x04,0x83,0x2B,0x02,0x83,0x41,0x09,0x88,0x04,0x8B,0x4A,
	0x08,0x04,0x81,0x61,0x80,0x4A,0x04,0x28,0x04,0x00,0x88,
	0x04,0x83,0x32,0x02,0x83,0x48,0x0B,0x8B,0x51,0x03,0x0A,
	0x88,0x04,0x80,0x80,0x88,0x0A,0x88,0x04,0x93,0x53,0x01,
	0x37,0x83,0x34,0x02,0x88,0x0A,0x8B,0x4C,0x08,0x04,0x98,
	0x0C,0x0A,0x81,0x61,0x4C,0x04,0x28,0x04,0x00,0x88,0x04,
	0x93,0x53,0x03,0x35,0x83,0x37,0x02,0x88,0x04,0x88,0x04,
	0x98,0x0C,0x0A,0x81,0x61,0x88,0x04,0x88,0x04,0x09,0x00,
	0x00,0x00,0x00,0x40,0x00,0x61,0x02,0x83,0x2D,0x02,0x83,
	0x4E,0x0A,0x88,0x04,0x98,0x04,0x82,0x80,0x80,0x88,0x04,
	0x88,0x04,0x93,0x51,0x06,0x47,0x83,0x2D,0x02,0x88,0x04,
	0x88,0x04,0x98,0x0C,0x0A,0x80,0x88,0x04,0x88,0x04,0x83,
	0x39,0x02,0x83,0x4E,0x0A,0x8B,0x58,0x03,0x0A,0x88,0x04,
	0x81,0x61,0x80,0x88,0x0A,0x88,0x04,0x83,0x2D,0x02,0x83,
	0x48,0x0B,0x4C,0x04,0x28,0x04,0x00,0x88,0x04,0x81,0x61,
	0x80,0x88,0x04,0x88,0x04,0x93,0x51,0x05,0x47,0x83,0x41,
	0x09,0x88,0x04,0x88,0x04,0x98,0x0C,0x0A,0x80,0x88,0x04,
	0x88,0x04,0x83,0x34,0x02,0x83,0x48,0x0B,0x88,0x04,0x88,
	0x04,0x80,0x80,0x88,0x04,0x88,0x04,0x83,0x36,0x02,0x83,
	0x48,0x0B,0x8B,0x56,0x03,0x0A,0x8B,0x4A,0x08,0x04,0x80,
	0x80,0x88,0x0A,0x88,0x04,0x93,0x51,0x05,0x47,0x83,0x4E,
	0x0A,0x8B,0x5A,0x03,0x0A,0x88,0x04,0x90,0x47,0x81,0x61,
	0x88,0x0A,0x88,0x04,0x9B,0x2D,0x02,0x0A,0x06,0x83,0x48,
	0x0B,0x88,0x0A,0x9B,0x4E,0x08,0x03,0x1F,0x89,0x61,0x0A,
	0x80,0x4E,0x04,0x28,0x04,0x00,0x98,0x03,0x1F,0x83,0x2D,
	0x02,0x83,0x48,0x0B,0x88,0x04,0x88,0x04,0x80,0x80,0x88,
	0x04,0x88,0x04,0x93,0x51,0x05,0x47,0x83,0x4E,0x0A,0x8B,
	0x58,0x03,0x0A,0x88,0x04,0x90,0x47,0x80,0x88,0x0A,0x88,
	0x04,0x83,0x2D,0x02,0x83,0x48,0x0B,0x88,0x0A,0x8B,0x4F,
	0x08,0x04,0x80,0x80,0x4F,0x04,0x28,0x04,0x00,0x88,0x04,
	0x80,0x83,0x41,0x09,0x88,0x04,0x88,0x04,0x80,0x80,0x88,
	0x04,0x88,0x04,0x83,0x34,0x02,0x83,0x48,0x0B,0x8B,0x56,
	0x03,0x0A,0x88,0x04,0x80,0x80,0x88,0x0A,0x88,0x04,0x93,
	0x51,0x05,0x47,0x83,0x36,0x02,0x88,0x0A,0x9B,0x4E,0x08,
	0x03,0x0A,0x98,0x0C,0x0A,0x80,0x4E,0x04,0x28,0x04,0x00,
	0x88,0x03,0x93,0x51,0x05,0x47,0x83,0x39,0x02,0x88,0x04,
	0x88,0x03,0x98,0x0C,0x0A,0x81,0x61,0x88,0x04,0x98,0x06,
	0x01,0x83,0x2A,0x02,0x83,0x4E,0x0A,0x98,0x06,0x01,0x88,
	0x04,0x80,0x80,0x88,0x04,0x98,0x06,0x01,0x93,0x51,0x06,
	0x49,0x80,0x98,0x06,0x01,0x88,0x04,0x98,0x0C,0x0A,0x80,
	0x88,0x04,0x98,0x06,0x02,0x83,0x36,0x02,0x80,0x8B,0x55,
	0x03,0x0A,0x88,0x04,0x81,0x61,0x80,0x88,0x0A,0x98,0x06,
	0x02,0x83,0x2A,0x02,0x80,0x4E,0x04,0x1A,0x04,0x00,0x88,
	0x04,0x81,0x61,0x80,0x88,0x04,0x98,0x06,0x02,0x93,0x51,
	0x05,0x49,0x80,0x88,0x04,0x88,0x04,0x98,0x0C,0x0A,0x80,
	0x88,0x04,0x98,0x06,0x02,0x83,0x32,0x02,0x80,0x88,0x04,
	0x88,0x04,0x80,0x80,0x88,0x0A,0x98,0x06,0x03,0x83,0x34,
	0x02,0x80,0x8B,0x51,0x03,0x0A,0x88,0x04,0x80,0x80,0x88,
	0x0A,0x98,0x06,0x03,0x93,0x51,0x05,0x49,0x80,0x8B,0x56,
	0x03,0x0A,0x98,0x06,0x01,0x90,0x49,0x80,0x88,0x0A,0x88,
	0x04,0x83,0x2A,0x02,0x80,0x4E,0x04,0x15,0x04,0x00,0x98,
	0x06,0x01,0x80,0x80,0x88,0x04,0x88,0x04,0x80,0x80,0x88,
	0x06,0x98,0x06,0x02,0x80,0x80,0x88,0x06,0x88,0x04,0x93,
	0x51,0x05,0x49,0x83,0x4D,0x0A,0x8B,0x55,0x03,0x0A,0x98,
	0x06,0x02,0x90,0x49,0x80,0x88,0x0A,0x88,0x04,0x83,0x2A,
	0x02,0x80,0x4E,0x04,0x12,0x04,0x00,0x98,0x06,0x02,0x80,
	0x81,0x61,0x88,0x04,0x88,0x04,0x83,0x2A,0x02,0x83,0x41,
	0x09,0x88,0x04,0x98,0x06,0x02,0x81,0x61,0x80,0x88,0x04,
	0x88,0x04,0x83,0x32,0x02,0x83,0x48,0x0B,0x8B,0x58,0x03,
	0x0A,0x98,0x06,0x03,0x80,0x80,0x88,0x0A,0x88,0x04,0x93,
	0x51,0x05,0x49,0x83,0x34,0x02,0x4E,0x04,0x11,0x04,0x00,
	0x98,0x06,0x03,0x98,0x0C,0x0A,0x81,0x61,0x88,0x04,0x88,
	0x04,0x93,0x51,0x05,0x49,0x83,0x36,0x02,0x88,0x04,0x98,
	0x06,0x03,0x98,0x0C,0x0A,0x81,0x61,0x88,0x04,0x88,0x04,
	0x09,0x00,0x00,0x00,0x00,0x40,0x00,0xEE,0x01,0x83,0x4E,
	0x0A,0x9B,0x2F,0x02,0x0F,0x03,0x80,0x93,0x47,0x06,0x37,
	0x80,0x80,0x80,0x90,0x37,0x83,0x4E,0x0B,0x9B,0x2F,0x02,
	0x0C,0x10,0x80,0x90,0x37,0x80,0x80,0x80,0x90,0x37,0x9B,
	0x5A,0x03,0x0A,0x0F,0x83,0x39,0x02,0x80,0x90,0x37,0x88,
	0x0A,0x80,0x80,0x90,0x37,0x83,0x4E,0x0B,0x83,0x3B,0x02,
	0x80,0x90,0x37,0x80,0x80,0x80,0x90,0x37,0x83,0x4E,0x0A,
	0x9B,0x3B,0x02,0x0C,0x10,0x80,0x90,0x37,0x80,0x80,0x80,
	0x90,0x37,0x83,0x4E,0x0B,0x83,0x39,0x02,0x80,0x90,0x37,
	0x80,0x80,0x80,0x90,0x37,0x9B,0x53,0x03,0x0A,0x0F,0x83,
	0x3B,0x02,0x80,0x90,0x37,0x88,0x0A,0x80,0x80,0x90,0x37,
	0x9B,0x5D,0x03,0x0A,0x0F,0x83,0x39,0x02,0x80,0x90,0x37,
	0x88,0x0A,0x80,0x80,0x90,0x37,0x83,0x4E,0x0A,0x83,0x40,
	0x02,0x80,0x90,0x37,0x80,0x80,0x80,0x90,0x37,0x83,0x4E,
	0x0B,0x83,0x3E,0x02,0x80,0x90,0x37,0x80,0x80,0x80,0x90,
	0x37,0x9B,0x5A,0x03,0x0A,0x0F,0x83,0x3B,0x02,0x80,0x90,
	0x37,0x88,0x0A,0x80,0x80,0x90,0x37,0x83,0x4E,0x0B,0x83,
	0x39,0x02,0x80,0x90,0x37,0x80,0x80,0x80,0x90,0x37,0x83,
	0x4E,0x0A,0x83,0x3B,0x02,0x80,0x90,0x37,0x80,0x80,0x80,
	0x90,0x37,0x9B,0x5F,0x03,0x0A,0x0F,0x83,0x39,0x02,0x80,
	0x90,0x37,0x88,0x0A,0x80,0x80,0x90,0x37,0x83,0x4E,0x0B,
	0x83,0x36,0x02,0x80,0x90,0x37,0x80,0x80,0x80,0x90,0x37,
	0x87,0x4E,0x0A,0x28,0x83,0x39,0x02,0x80,0x90,0x37,0x87,
	0x4E,0x0A,0x30,0x80,0x80,0x90,0x37,0x83,0x4E,0x0A,0x83,
	0x2F,0x02,0x80,0x90,0x37,0x80,0x80,0x80,0x90,0x37,0x83,
	0x4E,0x0B,0x9B,0x2F,0x02,0x0C,0x10,0x80,0x90,0x37,0x80,
	0x80,0x80,0x90,0x37,0x9B,0x56,0x03,0x0A,0x0F,0x83,0x39,
	0x02,0x80,0x90,0x37,0x88,0x0A,0x80,0x80,0x90,0x37,0x83,
	0x4E,0x0B,0x83,0x3B,0x02,0x80,0x90,0x37,0x80,0x80,0x80,
	0x90,0x37,0x83,0x4E,0x0A,0x9B,0x3B,0x02,0x0C,0x10,0x80,
	0x90,0x37,0x80,0x80,0x80,0x90,0x37,0x83,0x4E,0x0B,0x83,
	0x39,0x02,0x80,0x90,0x37,0x80,0x80,0x80,0x90,0x37,0x9B,
	0x55,0x03,0x0A,0x0F,0x83,0x3B,0x02,0x80,0x90,0x37,0x88,
	0x0A,0x80,0x80,0x90,0x37,0x9B,0x56,0x03,0x0A,0x0F,0x83,
	0x39,0x02,0x80,0x90,0x37,0x88,0x0A,0x80,0x80,0x90,0x37,
	0x83,0x4E,0x0A,0x83,0x40,0x02,0x80,0x90,0x37,0x80,0x80,
	0x80,0x90,0x37,0x83,0x4E,0x0B,0x83,0x3E,0x02,0x80,0x90,
	0x37,0x80,0x80,0x80,0x90,0x37,0x9B,0x53,0x03,0x0A,0x0F,
	0x83,0x3B,0x02,0x80,0x90,0x37,0x88,0x0A,0x80,0x80,0x90,
	0x37,0x83,0x4E,0x0B,0x83,0x39,0x02,0x80,0x90,0x37,0x80,
	0x80,0x80,0x90,0x37,0x83,0x4E,0x0A,0x83,0x3B,0x02,0x80,
	0x90,0x37,0x80,0x80,0x80,0x90,0x37,0x9B,0x51,0x03,0x0A,
	0x0F,0x83,0x36,0x02,0x80,0x90,0x37,0x88,0x0A,0x80,0x80,
	0x90,0x37,0x83,0x4E,0x0B,0x83,0x34,0x02,0x80,0x90,0x37,
	0x80,0x80,0x80,0x90,0x37,0x83,0x4E,0x0B,0x83,0x36,0x02,
	0x80,0x90,0x37,0x80,0x80,0x80,0x90,0x37,0x09,0x00,0x00,
	0x00,0x00,0x40,0x00,0xF2,0x01,0x83,0x4E,0x0A,0x9B,0x2F,
	0x02,0x0F,0x03,0x9B,0x28,0x05,0x08,0xD0,0x93,0x4C,0x06,
	0x37,0x80,0x80,0x80,0x90,0x37,0x83,0x4E,0x0B,0x9B,0x2F,
	0x02,0x0C,0x10,0x80,0x90,0x37,0x80,0x80,0x80,0x90,0x37,
	0x9B,0x58,0x03,0x0A,0x0F,0x83,0x40,0x02,0x80,0x90,0x37,
	0x88,0x0A,0x80,0x80,0x90,0x37,0x83,0x4E,0x0B,0x83,0x3B,
	0x02,0x80,0x90,0x37,0x80,0x80,0x80,0x90,0x37,0x83,0x4E,
	0x0A,0x9B,0x3B,0x02,0x0C,0x10,0x80,0x90,0x37,0x80,0x80,
	0x80,0x90,0x37,0x83,0x4E,0x0B,0x83,0x39,0x02,0x80,0x90,
	0x37,0x80,0x80,0x80,0x90,0x37,0x9B,0x53,0x03,0x0A,0x0F,
	0x83,0x3B,0x02,0x80,0x90,0x37,0x88,0x0A,0x80,0x80,0x90,
	0x37,0x9B,0x5D,0x03,0x0A,0x0F,0x83,0x39,0x02,0x80,0x90,
	0x37,0x88,0x0A,0x80,0x80,0x90,0x37,0x83,0x4E,0x0A,0x83,
	0x40,0x02,0x80,0x90,0x37,0x80,0x80,0x80,0x90,0x37,0x83,
	0x4E,0x0B,0x83,0x3E,0x02,0x80,0x90,0x37,0x80,0x80,0x80,
	0x90,0x37,0x9B,0x5A,0x03,0x0A,0x0F,0x83,0x3B,0x02,0x80,
	0x90,0x37,0x88,0x0A,0x80,0x80,0x90,0x37,0x83,0x4E,0x0B,
	0x83,0x39,0x02,0x80,0x90,0x37,0x80,0x80,0x80,0x90,0x37,
	0x83,0x4E,0x0A,0x83,0x3B,0x02,0x80,0x90,0x37,0x80,0x80,
	0x80,0x90,0x37,0x9B,0x5F,0x03,0x0A,0x0F,0x83,0x39,0x02,
	0x80,0x90,0x37,0x88,0x0A,0x80,0x80,0x90,0x37,0x83,0x4E,
	0x0B,0x83,0x36,0x02,0x80,0x90,0x37,0x80,0x80,0x80,0x90,
	0x37,0x87,0x4E,0x0A,0x28,0x83,0x39,0x02,0x80,0x90,0x37,
	0x87,0x4E,0x0A,0x30,0x80,0x80,0x90,0x37,0x83,0x4E,0x0A,
	0x83,0x2F,0x02,0x80,0x90,0x37,0x80,0x80,0x80,0x90,0x37,
	0x83,0x4E,0x0B,0x9B,0x2F,0x02,0x0C,0x10,0x80,0x90,0x37,
	0x80,0x80,0x80,0x90,0x37,0x9B,0x58,0x03,0x0A,0x0F,0x83,
	0x40,0x02,0x80,0x90,0x37,0x88,0x0A,0x80,0x80,0x90,0x37,
	0x83,0x4E,0x0B,0x83,0x3B,0x02,0x80,0x90,0x37,0x80,0x80,
	0x80,0x90,0x37,0x83,0x4E,0x0A,0x9B,0x3B,0x02,0x0C,0x10,
	0x80,0x90,0x37,0x80,0x80,0x80,0x90,0x37,0x83,0x4E,0x0B,
	0x83,0x39,0x02,0x80,0x90,0x37,0x80,0x80,0x80,0x90,0x37,
	0x9B,0x55,0x03,0x0A,0x0F,0x83,0x3B,0x02,0x80,0x90,0x37,
	0x88,0x0A,0x80,0x80,0x90,0x37,0x9B,0x56,0x03,0x0A,0x0F,
	0x83,0x39,0x02,0x80,0x90,0x37,0x88,0x0A,0x80,0x80,0x90,
	0x37,0x83,0x4E,0x0A,0x83,0x40,0x02,0x80,0x90,0x37,0x80,
	0x80,0x80,0x90,0x37,0x83,0x4E,0x0B,0x83,0x3E,0x02,0x80,
	0x90,0x37,0x80,0x80,0x80,0x90,0x37,0x9B,0x53,0x03,0x0A,
	0x0F,0x83,0x3B,0x02,0x80,0x90,0x37,0x88,0x0A,0x80,0x80,
	0x90,0x37,0x83,0x4E,0x0B,0x83,0x39,0x02,0x80,0x90,0x37,
	0x80,0x80,0x80,0x90,0x37,0x83,0x4E,0x0A,0x83,0x3B,0x02,
	0x80,0x90,0x37,0x80,0x80,0x80,0x90,0x37,0x9B,0x51,0x03,
	0x0A,0x0F,0x83,0x36,0x02,0x80,0x90,0x37,0x88,0x0A,0x80,
	0x80,0x90,0x37,0x83,0x4E,0x0B,0x83,0x34,0x02,0x80,0x90,
	0x37,0x80,0x80,0x80,0x90,0x37,0x83,0x4E,0x0B,0x83,0x36,
	0x02,0x80,0x90,0x37,0x80,0x80,0x80,0x90,0x37,0x09,0x00,
	0x00,0x00,0x00,0x40,0x00,0x64,0x02,0x83,0x4E,0x0A,0x9B,
	0x2F,0x02,0x0F,0x03,0x9B,0x2F,0x05,0x08,0xD0,0x97,0x47,
	0x06,0x50,0x37,0x80,0x80,0x80,0x94,0x4F,0x37,0x83,0x4E,
	0x0B,0x9B,0x2F,0x02,0x0C,0x10,0x80,0x94,0x4F,0x37,0x80,
	0x80,0x80,0x94,0x4E,0x37,0x9B,0x5A,0x03,0x0A,0x0F,0x83,
	0x39,0x02,0x80,0x94,0x4E,0x37,0x88,0x0A,0x80,0x80,0x94,
	0x4D,0x37,0x83,0x4E,0x0B,0x83,0x3B,0x02,0x80,0x94,0x4D,
	0x37,0x80,0x80,0x80,0x94,0x4C,0x37,0x83,0x4E,0x0A,0x9B,
	0x3B,0x02,0x0C,0x10,0x80,0x94,0x4C,0x37,0x80,0x80,0x80,
	0x94,0x4B,0x37,0x83,0x4E,0x0B,0x83,0x39,0x02,0x80,0x94,
	0x4B,0x37,0x80,0x80,0x80,0x94,0x4A,0x37,0x9B,0x53,0x03,
	0x0A,0x0F,0x83,0x3B,0x02,0x80,0x94,0x4A,0x37,0x88,0x0A,
	0x80,0x80,0x94,0x49,0x37,0x9B,0x5D,0x03,0x0A,0x0F,0x83,
	0x39,0x02,0x80,0x94,0x49,0x37,0x88,0x0A,0x80,0x80,0x94,
	0x48,0x37,0x83,0x4E,0x0A,0x83,0x40,0x02,0x80,0x94,0x40,
	0x37,0x80,0x80,0x80,0x94,0x47,0x37,0x83,0x4E,0x0B,0x83,
	0x3E,0x02,0x80,0x94,0x47,0x37,0x80,0x80,0x80,0x94,0x46,
	0x37,0x9B,0x5A,0x03,0x0A,0x0F,0x83,0x3B,0x02,0x80,0x94,
	0x46,0x37,0x88,0x0A,0x80,0x80,0x94,0x45,0x37,0x83,0x4E,
	0x0B,0x83,0x39,0x02,0x80,0x94,0x45,0x37,0x80,0x80,0x80,
	0x94,0x44,0x37,0x83,0x4E,0x0A,0x83,0x3B,0x02,0x80,0x94,
	0x44,0x37,0x80,0x80,0x80,0x94,0x43,0x37,0x9B,0x5F,0x03,
	0x0A,0x0F,0x83,0x39,0x02,0x80,0x94,0x43,0x37,0x88,0x0A,
	0x80,0x80,0x94,0x42,0x37,0x83,0x4E,0x0B,0x83,0x36,0x02,
	0x80,0x94,0x42,0x37,0x80,0x80,0x80,0x94,0x41,0x37,0x87,
	0x4E,0x0A,0x28,0x83,0x39,0x02,0x80,0x94,0x41,0x37,0x87,
	0x4E,0x0A,0x30,0x80,0x80,0x94,0x40,0x37,0x83,0x4E,0x0A,
	0x83,0x2F,0x02,0x80,0x97,0x53,0x06,0x40,0x37,0x80,0x80,
	0x80,0x94,0x3F,0x37,0x83,0x42,0x09,0x9B,0x2F,0x02,0x0C,
	0x10,0x80,0x94,0x3E,0x37,0x80,0x80,0x80,0x94,0x3E,0x37,
	0x9B,0x56,0x03,0x0A,0x0F,0x83,0x39,0x02,0x80,0x94,0x3D,
	0x37,0x88,0x0A,0x80,0x80,0x94,0x3D,0x37,0x83,0x4E,0x0A,
	0x83,0x3B,0x02,0x80,0x94,0x3C,0x37,0x80,0x80,0x80,0x94,
	0x3C,0x37,0x83,0x42,0x09,0x9B,0x3B,0x02,0x0C,0x10,0x80,
	0x94,0x3B,0x37,0x80,0x80,0x80,0x94,0x3B,0x37,0x83,0x4E,
	0x0B,0x83,0x39,0x02,0x80,0x94,0x3A,0x37,0x80,0x80,0x80,
	0x94,0x3A,0x37,0x9B,0x55,0x03,0x0A,0x0F,0x83,0x4E,0x0A,
	0x80,0x94,0x39,0x37,0x88,0x0A,0x80,0x80,0x94,0x39,0x37,
	0x9B,0x56,0x03,0x0A,0x0F,0x83,0x42,0x09,0x80,0x94,0x38,
	0x37,0x88,0x0A,0x80,0x80,0x94,0x38,0x37,0x83,0x4E,0x0B,
	0x83,0x40,0x02,0x80,0x94,0x37,0x37,0x80,0x80,0x80,0x94,
	0x37,0x37,0x83,0x4E,0x0A,0x83,0x3E,0x02,0x80,0x94,0x36,
	0x37,0x80,0x80,0x80,0x94,0x36,0x37,0x9B,0x53,0x03,0x0A,
	0x0F,0x83,0x3B,0x02,0x80,0x5F,0x0A,0x28,0x02,0x10,0x88,
	0x0A,0x80,0x80,0x5D,0x0A,0x28,0x02,0x20,0x83,0x4E,0x0B,
	0x83,0x39,0x02,0x80,0x5B,0x0A,0x28,0x02,0x30,0x80,0x80,
	0x80,0x5A,0x0A,0x28,0x02,0x40,0x83,0x4E,0x0A,0x83,0x3B,
	0x02,0x98,0x01,0x20,0x58,0x0A,0x28,0x02,0x50,0x80,0x80,
	0x88,0x01,0x56,0x0A,0x28,0x02,0x60,0x3B,0x0C,0x20,0x0A,
	0x0F,0x83,0x36,0x02,0x88,0x01,0x55,0x0A,0x28,0x02,0x70,
	0x3B,0x0C,0x28,0x0A,0x0F,0x80,0x88,0x01,0x53,0x0A,0x28,
	0x02,0x80,0x3B,0x0C,0x30,0x0A,0x0F,0x83,0x34,0x02,0x88,
	0x01,0x55,0x0A,0x28,0x01,0x70,0x3B,0x0C,0x38,0x0A,0x0F,
	0x80,0x88,0x01,0x56,0x0A,0x28,0x01,0x60,0x3B,0x0C,0x40,
	0x0A,0x0F,0x83,0x36,0x02,0x88,0x01,0x58,0x0A,0x28,0x01,
	0x50,0x3B,0x0C,0x48,0x0A,0x0F,0x80,0x88,0x01,0x9B,0x5A,
	0x0A,0x01,0x40,0x09,0x00,0x00,0x00,0x00,0x40,0x00,0x6B,
	0x02,0x83,0x2F,0x02,0x83,0x4E,0x0A,0x98,0x0A,0x0A,0x9B,
	0x47,0x08,0x04,0x72,0x80,0x80,0x47,0x04,0x28,0x04,0x72,
	0x88,0x04,0x93,0x53,0x06,0x37,0x83,0x2F,0x02,0x88,0x04,
	0x88,0x04,0x98,0x0C,0x0A,0x80,0x88,0x04,0x88,0x04,0x83,
	0x3B,0x02,0x83,0x4E,0x0A,0x8B,0x5A,0x03,0x0A,0x88,0x04,
	0x81,0x61,0x80,0x88,0x0A,0x88,0x04,0x83,0x2F,0x02,0x83,
	0x48,0x0B,0x47,0x04,0x28,0x04,0x72,0x88,0x04,0x81,0x61,
	0x80,0x88,0x04,0x88,0x04,0x93,0x53,0x05,0x37,0x83,0x41,
	0x09,0x88,0x04,0x88,0x04,0x98,0x0C,0x0A,0x80,0x88,0x04,
	0x88,0x04,0x83,0x36,0x02,0x83,0x48,0x0B,0x88,0x04,0x88,
	0x04,0x80,0x80,0x88,0x04,0x88,0x04,0x83,0x39,0x02,0x83,
	0x48,0x0B,0x8B,0x53,0x03,0x0A,0x88,0x04,0x80,0x80,0x88,
	0x0A,0x88,0x04,0x93,0x53,0x06,0x37,0x83,0x4E,0x0A,0x8B,
	0x5D,0x03,0x0A,0x88,0x04,0x90,0x37,0x81,0x61,0x88,0x0A,
	0x88,0x04,0x9B,0x2F,0x02,0x0A,0x06,0x83,0x48,0x0B,0x88,
	0x0A,0x8B,0x49,0x08,0x04,0x89,0x61,0x0A,0x80,0x49,0x04,
	0x28,0x04,0x00,0x88,0x04,0x83,0x2F,0x02,0x83,0x48,0x0B,
	0x88,0x04,0x88,0x04,0x80,0x80,0x88,0x04,0x88,0x04,0x93,
	0x53,0x08,0x37,0x83,0x4E,0x0A,0x8B,0x5A,0x03,0x0A,0x88,
	0x04,0x90,0x37,0x80,0x88,0x0A,0x88,0x04,0x83,0x2F,0x02,
	0x83,0x48,0x0B,0x88,0x0A,0x8B,0x4A,0x08,0x04,0x80,0x80,
	0x4A,0x04,0x28,0x04,0x00,0x88,0x04,0x80,0x83,0x41,0x09,
	0x88,0x04,0x88,0x04,0x80,0x80,0x88,0x04,0x88,0x04,0x83,
	0x36,0x02,0x83,0x48,0x0B,0x8B,0x5F,0x03,0x0A,0x88,0x04,
	0x80,0x80,0x88,0x0A,0x88,0x04,0x93,0x53,0x01,0x37,0x83,
	0x39,0x02,0x88,0x0A,0x8B,0x4E,0x08,0x04,0x98,0x0C,0x0A,
	0x80,0x4E,0x04,0x28,0x04,0x00,0x88,0x04,0x93,0x53,0x03,
	0x37,0x83,0x3B,0x02,0x88,0x04,0x88,0x04,0x98,0x0C,0x0A,
	0x81,0x61,0x88,0x04,0x88,0x04,0x83,0x2B,0x02,0x83,0x4E,
	0x0A,0x88,0x04,0x88,0x04,0x80,0x80,0x88,0x04,0x88,0x04,
	0x93,0x4F,0x05,0x47,0x83,0x2B,0x02,0x88,0x04,0x88,0x04,
	0x98,0x0C,0x0A,0x80,0x88,0x04,0x88,0x04,0x83,0x37,0x02,
	0x83,0x4E,0x0A,0x8B,0x56,0x03,0x0A,0x88,0x04,0x81,0x61,
	0x80,0x88,0x0A,0x88,0x04,0x83,0x2B,0x02,0x83,0x48,0x0B,
	0x4E,0x04,0x28,0x04,0x00,0x88,0x04,0x81,0x61,0x80,0x88,
	0x04,0x88,0x04,0x93,0x4F,0x03,0x47,0x83,0x41,0x09,0x88,
	0x04,0x8B,0x4C,0x08,0x04,0x98,0x0C,0x0A,0x80,0x4C,0x04,
	0x28,0x04,0x00,0x88,0x04,0x83,0x34,0x02,0x83,0x48,0x0B,
	0x88,0x04,0x88,0x04,0x80,0x80,0x88,0x04,0x88,0x04,0x83,
	0x36,0x02,0x83,0x48,0x0B,0x8B,0x55,0x03,0x0A,0x88,0x04,
	0x80,0x80,0x88,0x0A,0x88,0x04,0x93,0x4F,0x06,0x47,0x83,
	0x4E,0x0A,0x8B,0x56,0x03,0x0A,0x88,0x04,0x90,0x47,0x80,
	0x88,0x0A,0x88,0x04,0x83,0x2B,0x02,0x83,0x48,0x0B,0x80,
	0x8B,0x4A,0x08,0x04,0x80,0x80,0x4A,0x04,0x28,0x04,0x00,
	0x88,0x04,0x80,0x83,0x48,0x0B,0x88,0x04,0x88,0x04,0x80,
	0x80,0x88,0x04,0x88,0x04,0x93,0x4F,0x03,0x47,0x83,0x4E,
	0x0A,0x8B,0x53,0x03,0x0A,0x88,0x04,0x90,0x47,0x80,0x88,
	0x0A,0x88,0x04,0x83,0x2B,0x02,0x83,0x48,0x0B,0x80,0x8B,
	0x4C,0x08,0x04,0x80,0x81,0x61,0x4C,0x08,0x28,0x04,0x00,
	0x88,0x04,0x83,0x2B,0x02,0x83,0x41,0x09,0x88,0x04,0x88,
	0x04,0x81,0x61,0x80,0x88,0x04,0x88,0x04,0x83,0x32,0x02,
	0x83,0x48,0x0B,0x8B,0x51,0x03,0x0A,0x88,0x04,0x80,0x80,
	0x88,0x0A,0x88,0x04,0x93,0x53,0x01,0x37,0x83,0x34,0x02,
	0x88,0x0A,0x8B,0x49,0x08,0x04,0x98,0x0C,0x0A,0x81,0x61,
	0x49,0x04,0x28,0x04,0x00,0x88,0x04,0x93,0x53,0x03,0x35,
	0x83,0x37,0x02,0x88,0x04,0x88,0x04,0x98,0x0C,0x0A,0x81,
	0x61,0x80,0x88,0x04,0x09,0x00,0x00,0x00,0x00,0x40,0x00,
	0x61,0x02,0x83,0x2D,0x02,0x83,0x4E,0x0A,0x98,0x0A,0x0A,
	0x98,0x04,0x82,0x80,0x80,0x88,0x0A,0x88,0x04,0x93,0x51,
	0x06,0x47,0x83,0x2D,0x02,0x88,0x0A,0x88,0x04,0x98,0x0C,
	0x0A,0x80,0x88,0x0A,0x88,0x04,0x83,0x39,0x02,0x83,0x4E,
	0x0A,0x8B,0x58,0x03,0x0A,0x88,0x04,0x81,0x61,0x80,0x88,
	0x0A,0x88,0x04,0x83,0x2D,0x02,0x83,0x48,0x0B,0x49,0x04,
	0x28,0x04,0x00,0x88,0x04,0x81,0x61,0x80,0x88,0x04,0x88,
	0x04,0x93,0x51,0x05,0x47,0x83,0x41,0x09,0x88,0x04,0x88,
	0x04,0x98,0x0C,0x0A,0x80,0x88,0x04,0x88,0x04,0x83,0x34,
	0x02,0x83,0x48,0x0B,0x88,0x04,0x88,0x04,0x80,0x80,0x88,
	0x04,0x88,0x04,0x83,0x36,0x02,0x83,0x48,0x0B,0x8B,0x56,
	0x03,0x0A,0x8B,0x4A,0x08,0x04,0x80,0x80,0x88,0x0A,0x88,
	0x04,0x93,0x51,0x05,0x47,0x83,0x4E,0x0A,0x8B,0x5A,0x03,
	0x0A,0x88,0x04,0x90,0x47,0x81,0x61,0x88,0x0A,0x88,0x04,
	0x9B,0x2D,0x02,0x0A,0x06,0x83,0x48,0x0B,0x4A,0x04,0x29,
	0x04,0x00,0x88,0x04,0x89,0x61,0x0A,0x80,0x80,0x88,0x04,
	0x83,0x2D,0x02,0x83,0x48,0x0B,0x88,0x04,0x88,0x04,0x80,
	0x80,0x88,0x04,0x88,0x04,0x93,0x51,0x05,0x47,0x83,0x4E,
	0x0A,0x8B,0x58,0x03,0x0A,0x8B,0x49,0x08,0x04,0x90,0x47,
	0x80,0x49,0x04,0x29,0x04,0x00,0x88,0x04,0x83,0x2D,0x02,
	0x83,0x48,0x0B,0x88,0x0A,0x88,0x04,0x80,0x80,0x88,0x0A,
	0x88,0x04,0x80,0x83,0x41,0x09,0x88,0x0A,0x8B,0x47,0x08,
	0x04,0x80,0x80,0x47,0x04,0x28,0x04,0x00,0x88,0x04,0x83,
	0x34,0x02,0x83,0x48,0x0B,0x8B,0x56,0x03,0x0A,0x88,0x04,
	0x80,0x80,0x88,0x0A,0x88,0x04,0x93,0x51,0x05,0x47,0x83,
	0x36,0x02,0x88,0x0A,0x9B,0x42,0x08,0x03,0x0A,0x98,0x0C,
	0x0A,0x80,0x42,0x04,0x28,0x04,0x00,0x88,0x03,0x93,0x51,
	0x05,0x47,0x83,0x39,0x02,0x88,0x04,0x88,0x03,0x98,0x0C,
	0x0A,0x81,0x61,0x88,0x04,0x88,0x03,0x83,0x2A,0x02,0x83,
	0x4E,0x0A,0x88,0x04,0x88,0x03,0x80,0x80,0x88,0x04,0x88,
	0x04,0x93,0x51,0x06,0x49,0x83,0x2A,0x02,0x88,0x04,0x98,
	0x06,0x01,0x98,0x0C,0x0A,0x80,0x88,0x04,0x88,0x04,0x83,
	0x36,0x02,0x83,0x4E,0x0A,0x8B,0x55,0x03,0x0A,0x98,0x06,
	0x01,0x81,0x61,0x80,0x88,0x0A,0x88,0x04,0x83,0x2A,0x02,
	0x83,0x48,0x0B,0x42,0x04,0x28,0x04,0x00,0x98,0x06,0x02,
	0x81,0x61,0x80,0x88,0x04,0x88,0x04,0x93,0x51,0x05,0x49,
	0x83,0x41,0x09,0x88,0x04,0x98,0x06,0x02,0x98,0x0C,0x0A,
	0x80,0x88,0x04,0x88,0x04,0x83,0x32,0x02,0x83,0x48,0x0B,
	0x88,0x04,0x98,0x06,0x02,0x80,0x80,0x88,0x04,0x88,0x04,
	0x83,0x34,0x02,0x83,0x48,0x0B,0x8B,0x51,0x03,0x0A,0x98,
	0x06,0x02,0x80,0x80,0x88,0x0A,0x88,0x04,0x93,0x51,0x05,
	0x49,0x83,0x4E,0x0A,0x8B,0x56,0x03,0x0A,0x98,0x06,0x02,
	0x90,0x49,0x80,0x88,0x0A,0x88,0x04,0x83,0x2A,0x02,0x83,
	0x48,0x0B,0x88,0x0A,0x98,0x06,0x03,0x80,0x80,0x88,0x0A,
	0x80,0x80,0x83,0x48,0x0B,0x88,0x0A,0x98,0x06,0x03,0x80,
	0x80,0x88,0x0A,0x80,0x93,0x51,0x05,0x49,0x83,0x4E,0x0A,
	0x8B,0x55,0x03,0x0A,0x98,0x06,0x03,0x90,0x49,0x80,0x88,
	0x0A,0x80,0x83,0x2A,0x02,0x83,0x48,0x0B,0x88,0x0A,0x98,
	0x06,0x03,0x80,0x81,0x61,0x88,0x0A,0x80,0x83,0x2A,0x02,
	0x83,0x41,0x09,0x88,0x0A,0x98,0x06,0x04,0x81,0x61,0x80,
	0x88,0x0A,0x80,0x83,0x32,0x02,0x83,0x48,0x0B,0x8B,0x58,
	0x03,0x0A,0x98,0x06,0x04,0x80,0x80,0x88,0x0A,0x80,0x93,
	0x51,0x05,0x49,0x83,0x34,0x02,0x88,0x0A,0x98,0x06,0x04,
	0x98,0x0C,0x0A,0x81,0x61,0x88,0x0A,0x80,0x93,0x51,0x05,
	0x49,0x83,0x36,0x02,0x88,0x0A,0x98,0x06,0x05,0x98,0x0C,
	0x0A,0x81,0x61,0x88,0x0A,0x80,0x09,0x00,0x00,0x00,0x00,
	0x40,0x00,0x6A,0x02,0x83,0x2F,0x02,0x83,0x4E,0x0A,0x98,
	0x0A,0x0A,0x9B,0x47,0x08,0x04,0x72,0x80,0x80,0x47,0x04,
	0x28,0x04,0x72,0x88,0x04,0x93,0x53,0x06,0x37,0x83,0x2F,
	0x02,0x88,0x04,0x88,0x04,0x98,0x0C,0x0A,0x80,0x88,0x04,
	0x88,0x04,0x83,0x3B,0x02,0x83,0x4E,0x0A,0x8B,0x5A,0x03,
	0x0A,0x88,0x04,0x81,0x61,0x80,0x88,0x0A,0x88,0x04,0x83,
	0x2F,0x02,0x83,0x48,0x0B,0x47,0x04,0x28,0x04,0x72,0x88,
	0x04,0x81,0x61,0x80,0x88,0x04,0x88,0x04,0x93,0x53,0x05,
	0x37,0x83,0x41,0x09,0x88,0x04,0x88,0x04,0x98,0x0C,0x0A,
	0x80,0x88,0x04,0x88,0x04,0x83,0x36,0x02,0x83,0x48,0x0B,
	0x88,0x04,0x88,0x04,0x80,0x80,0x88,0x04,0x88,0x04,0x83,
	0x39,0x02,0x83,0x48,0x0B,0x8B,0x53,0x03,0x0A,0x88,0x04,
	0x80,0x80,0x88,0x0A,0x88,0x04,0x93,0x53,0x06,0x37,0x83,
	0x4E,0x0A,0x8B,0x5D,0x03,0x0A,0x88,0x04,0x90,0x37,0x81,
	0x61,0x88,0x0A,0x88,0x04,0x9B,0x2F,0x02,0x0A,0x06,0x83,
	0x48,0x0B,0x88,0x0A,0x8B,0x4E,0x08,0x04,0x89,0x61,0x0A,
	0x80,0x4E,0x04,0x28,0x04,0x00,0x88,0x04,0x83,0x2F,0x02,
	0x83,0x48,0x0B,0x88,0x04,0x88,0x04,0x80,0x80,0x88,0x04,
	0x88,0x04,0x93,0x53,0x08,0x37,0x83,0x4E,0x0A,0x8B,0x5A,
	0x03,0x0A,0x88,0x04,0x90,0x37,0x80,0x88,0x0A,0x88,0x04,
	0x83,0x2F,0x02,0x83,0x48,0x0B,0x88,0x0A,0x88,0x04,0x80,
	0x80,0x88,0x04,0x88,0x04,0x80,0x83,0x41,0x09,0x88,0x04,
	0x8B,0x47,0x08,0x04,0x80,0x80,0x88,0x04,0x88,0x04,0x83,
	0x36,0x02,0x83,0x48,0x0B,0x8B,0x5F,0x03,0x0A,0x88,0x04,
	0x80,0x80,0x88,0x0A,0x88,0x04,0x93,0x53,0x01,0x37,0x83,
	0x39,0x02,0x88,0x0A,0x8B,0x53,0x08,0x04,0x98,0x0C,0x0A,
	0x80,0x53,0x04,0x28,0x04,0x00,0x88,0x04,0x93,0x53,0x03,
	0x37,0x83,0x3B,0x02,0x88,0x04,0x88,0x04,0x98,0x0C,0x0A,
	0x81,0x61,0x88,0x04,0x88,0x04,0x83,0x2B,0x02,0x83,0x4E,
	0x0A,0x88,0x04,0x88,0x04,0x80,0x80,0x88,0x04,0x88,0x04,
	0x93,0x4F,0x05,0x47,0x83,0x2B,0x02,0x88,0x04,0x88,0x04,
	0x98,0x0C,0x0A,0x80,0x88,0x04,0x88,0x04,0x83,0x37,0x02,
	0x83,0x4E,0x0A,0x8B,0x56,0x03,0x0A,0x8B,0x51,0x08,0x04,
	0x81,0x61,0x80,0x88,0x0A,0x88,0x04,0x83,0x2B,0x02,0x83,
	0x48,0x0B,0x51,0x04,0x28,0x04,0x00,0x88,0x04,0x81,0x61,
	0x80,0x88,0x04,0x88,0x04,0x93,0x4F,0x03,0x47,0x83,0x41,
	0x09,0x88,0x04,0x88,0x04,0x98,0x0C,0x0A,0x80,0x88,0x04,
	0x88,0x04,0x83,0x34,0x02,0x83,0x48,0x0B,0x88,0x04,0x88,
	0x04,0x80,0x80,0x88,0x04,0x88,0x04,0x83,0x36,0x02,0x83,
	0x48,0x0B,0x8B,0x55,0x03,0x0A,0x8B,0x53,0x08,0x04,0x80,
	0x80,0x88,0x0A,0x88,0x04,0x93,0x4F,0x06,0x47,0x83,0x4E,
	0x0A,0x8B,0x56,0x03,0x0A,0x88,0x04,0x90,0x47,0x80,0x88,
	0x0A,0x88,0x04,0x83,0x2B,0x02,0x83,0x48,0x0B,0x87,0x53,
	0x04,0x28,0x88,0x04,0x80,0x80,0x88,0x04,0x88,0x04,0x80,
	0x83,0x48,0x0B,0x88,0x04,0x88,0x04,0x80,0x80,0x88,0x04,
	0x88,0x04,0x93,0x4F,0x03,0x47,0x83,0x4E,0x0A,0x8B,0x53,
	0x03,0x0A,0x8B,0x51,0x08,0x04,0x90,0x47,0x80,0x88,0x0A,
	0x88,0x04,0x83,0x2B,0x02,0x83,0x48,0x0B,0x87,0x51,0x04,
	0x28,0x88,0x04,0x80,0x81,0x61,0x88,0x04,0x88,0x04,0x83,
	0x2B,0x02,0x83,0x41,0x09,0x88,0x04,0x8B,0x55,0x08,0x04,
	0x81,0x61,0x80,0x88,0x04,0x88,0x04,0x83,0x32,0x02,0x83,
	0x48,0x0B,0x8B,0x51,0x03,0x0A,0x88,0x04,0x80,0x80,0x88,
	0x0A,0x88,0x04,0x93,0x53,0x01,0x37,0x83,0x34,0x02,0x55,
	0x04,0x28,0x0A,0x00,0x8B,0x51,0x08,0x04,0x98,0x0C,0x0A,
	0x81,0x61,0x51,0x04,0x28,0x04,0x00,0x88,0x04,0x93,0x53,
	0x03,0x35,0x83,0x37,0x02,0x88,0x04,0x88,0x04,0x98,0x0C,
	0x0A,0x81,0x61,0x80,0x88,0x04,0x09,0x00,0x00,0x00,0x00,
	0x40,0x00,0x79,0x02,0x83,0x2D,0x02,0x83,0x4E,0x0A,0x98,
	0x0A,0x0A,0x98,0x04,0x82,0x80,0x80,0x88,0x0A,0x88,0x04,
	0x93,0x51,0x06,0x47,0x83,0x2D,0x02,0x88,0x0A,0x88,0x04,
	0x98,0x0C,0x0A,0x80,0x88,0x0A,0x88,0x04,0x83,0x39,0x02,
	0x83,0x4E,0x0A,0x8B,0x58,0x03,0x0A,0x88,0x04,0x81,0x61,
	0x80,0x80,0x88,0x04,0x83,0x2D,0x02,0x83,0x48,0x0B,0x51,
	0x04,0x28,0x04,0x00,0x88,0x04,0x81,0x61,0x80,0x88,0x04,
	0x88,0x04,0x93,0x51,0x05,0x47,0x83,0x41,0x09,0x88,0x04,
	0x88,0x04,0x98,0x0C,0x0A,0x80,0x88,0x04,0x88,0x04,0x83,
	0x34,0x02,0x83,0x48,0x0B,0x88,0x04,0x88,0x04,0x80,0x80,
	0x88,0x04,0x88,0x04,0x83,0x36,0x02,0x83,0x48,0x0B,0x8B,
	0x56,0x03,0x0A,0x88,0x04,0x80,0x80,0x88,0x0A,0x88,0x04,
	0x93,0x51,0x05,0x47,0x83,0x4E,0x0A,0x8B,0x5A,0x03,0x0A,
	0x88,0x04,0x90,0x47,0x81,0x61,0x88,0x0A,0x88,0x04,0x9B,
	0x2D,0x02,0x0A,0x06,0x83,0x48,0x0B,0x51,0x04,0x28,0x04,
	0x00,0x88,0x04,0x89,0x61,0x0A,0x80,0x88,0x04,0x88,0x04,
	0x83,0x2D,0x02,0x83,0x48,0x0B,0x88,0x04,0x88,0x04,0x80,
	0x80,0x88,0x04,0x88,0x04,0x93,0x51,0x05,0x47,0x83,0x4E,
	0x0A,0x8B,0x58,0x03,0x0A,0x88,0x04,0x90,0x47,0x80,0x88,
	0x0A,0x88,0x04,0x83,0x2D,0x02,0x83,0x48,0x0B,0x51,0x04,
	0x28,0x04,0x00,0x88,0x04,0x80,0x80,0x88,0x04,0x88,0x04,
	0x80,0x83,0x41,0x09,0x88,0x04,0x88,0x04,0x80,0x80,0x88,
	0x04,0x88,0x04,0x83,0x34,0x02,0x83,0x48,0x0B,0x8B,0x56,
	0x03,0x0A,0x88,0x04,0x80,0x80,0x88,0x0A,0x88,0x04,0x93,
	0x51,0x05,0x47,0x83,0x36,0x02,0x88,0x0A,0x9B,0x55,0x08,
	0x03,0x0A,0x98,0x0C,0x0A,0x80,0x55,0x04,0x28,0x04,0x00,
	0x98,0x03,0x0F,0x93,0x51,0x05,0x47,0x87,0x4E,0x0A,0x28,
	0x88,0x04,0x98,0x03,0x0F,0x98,0x0C,0x0A,0x87,0x4E,0x0A,
	0x30,0x88,0x04,0x98,0x06,0x01,0x83,0x2A,0x02,0x83,0x4E,
	0x0A,0x88,0x04,0x88,0x04,0x80,0x80,0x88,0x04,0x98,0x06,
	0x01,0x93,0x51,0x06,0x49,0x83,0x42,0x09,0x88,0x04,0x88,
	0x04,0x98,0x0C,0x0A,0x80,0x88,0x04,0x98,0x06,0x01,0x83,
	0x36,0x02,0x9B,0x56,0x03,0x0A,0x0F,0x8B,0x55,0x03,0x0A,
	0x88,0x04,0x81,0x61,0x88,0x0A,0x88,0x0A,0x98,0x06,0x01,
	0x83,0x2A,0x02,0x83,0x4E,0x0A,0x55,0x04,0x20,0x04,0x00,
	0x88,0x04,0x81,0x61,0x80,0x88,0x04,0x98,0x06,0x01,0x93,
	0x51,0x05,0x49,0x83,0x42,0x09,0x88,0x04,0x88,0x04,0x98,
	0x0C,0x0A,0x80,0x88,0x04,0x98,0x06,0x01,0x83,0x32,0x02,
	0x83,0x4E,0x0B,0x88,0x04,0x88,0x04,0x80,0x80,0x88,0x04,
	0x98,0x06,0x01,0x83,0x34,0x02,0x9B,0x55,0x03,0x0A,0x0F,
	0x8B,0x51,0x03,0x0A,0x88,0x04,0x80,0x88,0x0A,0x88,0x0A,
	0x98,0x06,0x01,0x93,0x51,0x05,0x49,0x9B,0x56,0x03,0x02,
	0x1F,0x8B,0x56,0x03,0x0A,0x98,0x06,0x01,0x90,0x49,0x88,
	0x02,0x88,0x0A,0x88,0x04,0x83,0x2A,0x02,0x88,0x02,0x55,
	0x04,0x18,0x04,0x00,0x98,0x06,0x01,0x80,0x88,0x02,0x88,
	0x04,0x88,0x04,0x80,0x88,0x02,0x88,0x04,0x98,0x06,0x01,
	0x80,0x88,0x02,0x88,0x04,0x88,0x04,0x93,0x51,0x05,0x49,
	0x88,0x02,0x8B,0x55,0x03,0x0A,0x98,0x06,0x01,0x90,0x49,
	0x88,0x02,0x88,0x0A,0x88,0x04,0x83,0x2A,0x02,0x98,0x01,
	0x40,0x55,0x04,0x15,0x04,0x00,0x98,0x06,0x01,0x80,0x88,
	0x01,0x88,0x04,0x88,0x04,0x83,0x2A,0x02,0x83,0x41,0x09,
	0x88,0x04,0x98,0x06,0x01,0x81,0x61,0x80,0x88,0x04,0x88,
	0x04,0x83,0x32,0x02,0x83,0x48,0x0B,0x8B,0x58,0x03,0x0A,
	0x98,0x06,0x01,0x80,0x80,0x88,0x0A,0x88,0x04,0x93,0x51,
	0x05,0x49,0x83,0x34,0x02,0x55,0x04,0x12,0x04,0x00,0x98,
	0x06,0x01,0x98,0x0C,0x0A,0x81,0x61,0x88,0x04,0x88,0x04,
	0x93,0x51,0x05,0x49,0x83,0x36,0x02,0x88,0x04,0x98,0x06,
	0x01,0x98,0x0C,0x0A,0x81,0x61,0x88,0x04,0x88,0x04,0x09,
	0x00,0x00,0x00,0x00,0x40,0x00,0x76,0x02,0x83,0x2B,0x02,
	0x83,0x4E,0x0A,0x93,0x56,0x04,0xCC,0x83,0x56,0x08,0x80,
	0x80,0x80,0x80,0x93,0x4F,0x05,0x47,0x83,0x2B,0x02,0x9B,
	0x53,0x04,0x0C,0x16,0x9B,0x53,0x08,0x0C,0x16,0x98,0x0C,
	0x0A,0x80,0x80,0x80,0x83,0x37,0x02,0x83,0x4E,0x0A,0x9B,
	0x56,0x04,0x0C,0x16,0x9B,0x56,0x08,0x0C,0x16,0x81,0x61,
	0x80,0x80,0x80,0x83,0x2B,0x02,0x83,0x48,0x0B,0x93,0x53,
	0x04,0xCC,0x83,0x53,0x08,0x81,0x61,0x80,0x80,0x80,0x93,
	0x4F,0x03,0x47,0x83,0x41,0x09,0x9B,0x56,0x04,0x0C,0x16,
	0x9B,0x56,0x08,0x0C,0x16,0x98,0x0C,0x0A,0x80,0x80,0x80,
	0x83,0x34,0x02,0x83,0x48,0x0B,0x9B,0x53,0x04,0x0C,0x16,
	0x9B,0x53,0x08,0x0C,0x16,0x80,0x80,0x80,0x80,0x83,0x36,
	0x02,0x83,0x48,0x0B,0x93,0x4F,0x04,0xCC,0x83,0x4F,0x08,
	0x80,0x80,0x80,0x80,0x93,0x4F,0x06,0x47,0x83,0x4E,0x0A,
	0x93,0x53,0x04,0xCC,0x83,0x53,0x08,0x90,0x47,0x80,0x80,
	0x80,0x83,0x2B,0x02,0x83,0x48,0x0B,0x93,0x56,0x04,0xCC,
	0x83,0x56,0x08,0x80,0x80,0x80,0x80,0x80,0x83,0x48,0x0B,
	0x9B,0x53,0x04,0x0C,0x16,0x9B,0x53,0x08,0x0C,0x16,0x80,
	0x80,0x80,0x80,0x93,0x4F,0x03,0x47,0x83,0x4E,0x0A,0x93,
	0x53,0x04,0xCC,0x83,0x53,0x08,0x90,0x47,0x80,0x80,0x80,
	0x83,0x2B,0x02,0x83,0x48,0x0B,0x9B,0x56,0x04,0x0C,0x15,
	0x9B,0x56,0x08,0x0C,0x15,0x80,0x81,0x61,0x80,0x80,0x83,
	0x2B,0x02,0x83,0x41,0x09,0x93,0x56,0x04,0xCC,0x83,0x56,
	0x08,0x81,0x61,0x80,0x80,0x80,0x83,0x32,0x02,0x83,0x48,
	0x0B,0x9B,0x53,0x04,0x0C,0x15,0x9B,0x53,0x08,0x0C,0x15,
	0x80,0x80,0x80,0x80,0x93,0x53,0x01,0x37,0x83,0x34,0x02,
	0x93,0x53,0x04,0xCC,0x83,0x53,0x08,0x98,0x0C,0x0A,0x81,
	0x61,0x80,0x80,0x93,0x53,0x03,0x35,0x83,0x37,0x02,0x9B,
	0x56,0x04,0x0C,0x16,0x9B,0x56,0x08,0x0C,0x16,0x98,0x0C,
	0x0A,0x81,0x61,0x80,0x80,0x83,0x2D,0x02,0x83,0x4E,0x0A,
	0x93,0x55,0x04,0xCC,0x83,0x55,0x08,0x80,0x80,0x80,0x80,
	0x93,0x51,0x06,0x47,0x83,0x2D,0x02,0x9B,0x53,0x04,0x0C,
	0x15,0x9B,0x53,0x08,0x0C,0x15,0x98,0x0C,0x0A,0x80,0x80,
	0x80,0x83,0x39,0x02,0x83,0x4E,0x0A,0x9B,0x55,0x04,0x0C,
	0x15,0x9B,0x55,0x08,0x0C,0x15,0x81,0x61,0x80,0x80,0x80,
	0x83,0x2D,0x02,0x83,0x48,0x0B,0x93,0x51,0x04,0xCC,0x83,
	0x51,0x08,0x81,0x61,0x80,0x80,0x80,0x93,0x51,0x05,0x47,
	0x83,0x41,0x09,0x9B,0x55,0x04,0x0C,0x14,0x9B,0x55,0x08,
	0x0C,0x14,0x98,0x0C,0x0A,0x80,0x80,0x80,0x83,0x34,0x02,
	0x83,0x48,0x0B,0x9B,0x51,0x04,0x0C,0x14,0x9B,0x51,0x08,
	0x0C,0x14,0x80,0x80,0x80,0x80,0x83,0x36,0x02,0x83,0x48,
	0x0B,0x93,0x4E,0x04,0xCC,0x83,0x4E,0x08,0x80,0x80,0x80,
	0x80,0x93,0x51,0x05,0x47,0x83,0x4E,0x0A,0x93,0x51,0x04,
	0xCC,0x83,0x51,0x08,0x90,0x47,0x81,0x61,0x80,0x80,0x9B,
	0x2D,0x02,0x0A,0x06,0x83,0x48,0x0B,0x93,0x55,0x04,0xCC,
	0x83,0x55,0x08,0x89,0x61,0x0A,0x80,0x80,0x80,0x83,0x2D,
	0x02,0x83,0x48,0x0B,0x9B,0x51,0x04,0x0C,0x14,0x9B,0x51,
	0x08,0x0C,0x14,0x80,0x80,0x80,0x80,0x93,0x51,0x05,0x47,
	0x83,0x4E,0x0A,0x93,0x51,0x04,0xCC,0x83,0x51,0x08,0x90,
	0x47,0x80,0x80,0x80,0x83,0x2D,0x02,0x83,0x48,0x0B,0x9B,
	0x55,0x04,0x0C,0x15,0x9B,0x55,0x08,0x0C,0x15,0x80,0x80,
	0x80,0x80,0x80,0x83,0x41,0x09,0x93,0x55,0x04,0xCC,0x83,
	0x55,0x08,0x80,0x80,0x80,0x80,0x83,0x34,0x02,0x83,0x48,
	0x0B,0x9B,0x51,0x04,0x0C,0x15,0x9B,0x51,0x08,0x0C,0x15,
	0x80,0x80,0x80,0x80,0x93,0x51,0x05,0x47,0x83,0x36,0x02,
	0x93,0x51,0x04,0xCC,0x83,0x51,0x08,0x98,0x0C,0x0A,0x80,
	0x80,0x80,0x93,0x51,0x05,0x47,0x83,0x39,0x02,0x80,0x9B,
	0x55,0x08,0x0C,0x14,0x98,0x0C,0x0A,0x81,0x61,0x80,0x80,
	0x09,0x00,0x00,0x00,0x00,0x40,0x00,0x7A,0x02,0x83,0x2A,
	0x02,0x83,0x4E,0x0A,0x93,0x51,0x04,0xCC,0x83,0x51,0x08,
	0x80,0x80,0x80,0x80,0x93,0x51,0x06,0x49,0x83,0x2A,0x02,
	0x9B,0x55,0x04,0x0C,0x15,0x9B,0x55,0x08,0x0C,0x15,0x98,
	0x0C,0x0A,0x80,0x80,0x80,0x83,0x36,0x02,0x83,0x4E,0x0A,
	0x9B,0x51,0x04,0x0C,0x15,0x9B,0x51,0x08,0x0C,0x15,0x81,
	0x61,0x80,0x80,0x80,0x83,0x2A,0x02,0x83,0x48,0x0B,0x93,
	0x55,0x04,0xCC,0x83,0x55,0x08,0x81,0x61,0x80,0x80,0x80,
	0x93,0x51,0x05,0x49,0x83,0x41,0x09,0x9B,0x51,0x04,0x0C,
	0x16,0x9B,0x51,0x08,0x0C,0x16,0x98,0x0C,0x0A,0x80,0x80,
	0x80,0x83,0x32,0x02,0x83,0x48,0x0B,0x9B,0x55,0x04,0x0C,
	0x16,0x9B,0x55,0x08,0x0C,0x16,0x80,0x80,0x80,0x80,0x83,
	0x34,0x02,0x83,0x48,0x0B,0x93,0x4E,0x04,0xCC,0x83,0x4E,
	0x08,0x80,0x80,0x80,0x80,0x93,0x51,0x05,0x49,0x83,0x4E,
	0x0A,0x93,0x51,0x04,0xCC,0x83,0x51,0x08,0x90,0x49,0x80,
	0x80,0x80,0x83,0x2A,0x02,0x83,0x48,0x0B,0x93,0x55,0x04,
	0xCC,0x83,0x55,0x08,0x80,0x80,0x80,0x80,0x80,0x83,0x48,
	0x0B,0x9B,0x51,0x04,0x0C,0x14,0x9B,0x51,0x08,0x0C,0x14,
	0x80,0x80,0x80,0x80,0x93,0x51,0x05,0x49,0x83,0x4E,0x0A,
	0x93,0x51,0x04,0xCC,0x83,0x51,0x08,0x90,0x49,0x80,0x80,
	0x80,0x83,0x2A,0x02,0x83,0x48,0x0B,0x9B,0x55,0x04,0x0C,
	0x14,0x9B,0x55,0x08,0x0C,0x14,0x80,0x81,0x61,0x80,0x80,
	0x83,0x2A,0x02,0x83,0x41,0x09,0x93,0x55,0x04,0xCC,0x83,
	0x55,0x08,0x81,0x61,0x80,0x80,0x80,0x83,0x32,0x02,0x83,
	0x48,0x0B,0x9B,0x51,0x04,0x0C,0x14,0x9B,0x51,0x08,0x0C,
	0x14,0x80,0x80,0x80,0x80,0x93,0x51,0x05,0x49,0x83,0x34,
	0x02,0x93,0x51,0x04,0xCC,0x83,0x51,0x08,0x98,0x0C,0x0A,
	0x81,0x61,0x80,0x80,0x93,0x51,0x05,0x49,0x83,0x36,0x02,
	0x9B,0x55,0x04,0x0C,0x14,0x9B,0x55,0x08,0x0C,0x14,0x98,
	0x0C,0x0A,0x81,0x61,0x80,0x80,0x83,0x2F,0x02,0x83,0x4E,
	0x0A,0x93,0x53,0x04,0xCC,0x83,0x53,0x08,0x80,0x80,0x80,
	0x80,0x93,0x53,0x06,0x37,0x83,0x2F,0x02,0x9B,0x56,0x04,
	0x0C,0x16,0x9B,0x56,0x08,0x0C,0x16,0x98,0x0C,0x0A,0x80,
	0x80,0x80,0x83,0x3B,0x02,0x83,0x4E,0x0A,0x9B,0x53,0x04,
	0x0C,0x16,0x9B,0x53,0x08,0x0C,0x16,0x81,0x61,0x80,0x80,
	0x80,0x83,0x2F,0x02,0x83,0x48,0x0B,0x93,0x5A,0x04,0xCC,
	0x83,0x5A,0x08,0x81,0x61,0x80,0x80,0x80,0x93,0x53,0x05,
	0x37,0x83,0x41,0x09,0x9B,0x56,0x04,0x0C,0x15,0x9B,0x56,
	0x08,0x0C,0x15,0x98,0x0C,0x0A,0x80,0x80,0x80,0x83,0x36,
	0x02,0x83,0x48,0x0B,0x9B,0x5A,0x04,0x0C,0x15,0x9B,0x5A,
	0x08,0x0C,0x15,0x80,0x80,0x80,0x80,0x83,0x39,0x02,0x83,
	0x48,0x0B,0x93,0x53,0x04,0xCC,0x83,0x53,0x08,0x80,0x80,
	0x80,0x80,0x93,0x53,0x06,0x37,0x83,0x4E,0x0A,0x93,0x56,
	0x04,0xCC,0x83,0x56,0x08,0x90,0x37,0x81,0x61,0x80,0x80,
	0x9B,0x2F,0x02,0x0A,0x06,0x83,0x48,0x0B,0x93,0x5A,0x04,
	0xCC,0x83,0x5A,0x08,0x89,0x61,0x0A,0x80,0x80,0x80,0x83,
	0x2F,0x02,0x83,0x48,0x0B,0x9B,0x56,0x04,0x0C,0x14,0x9B,
	0x56,0x08,0x0C,0x14,0x80,0x80,0x80,0x80,0x93,0x53,0x08,
	0x37,0x83,0x4E,0x0A,0x93,0x53,0x04,0xCC,0x83,0x53,0x08,
	0x90,0x37,0x80,0x80,0x80,0x83,0x2F,0x02,0x83,0x48,0x0B,
	0x9B,0x56,0x04,0x0C,0x15,0x9B,0x56,0x08,0x0C,0x15,0x80,
	0x80,0x80,0x80,0x80,0x83,0x41,0x09,0x93,0x5A,0x04,0xCC,
	0x83,0x5A,0x08,0x80,0x80,0x80,0x80,0x83,0x36,0x02,0x83,
	0x48,0x0B,0x9B,0x56,0x04,0x0C,0x16,0x9B,0x56,0x08,0x0C,
	0x16,0x80,0x80,0x80,0x80,0x93,0x53,0x01,0x37,0x83,0x39,
	0x02,0x93,0x53,0x04,0xCC,0x83,0x53,0x08,0x98,0x0C,0x0A,
	0x80,0x80,0x80,0x93,0x53,0x03,0x37,0x83,0x3B,0x02,0x9B,
	0x56,0x04,0x0C,0x15,0x9B,0x56,0x08,0x0C,0x15,0x98,0x0C,
	0x0A,0x81,0x61,0x80,0x80,0x09,0x00,0x00,0x00,0x00,0x40,
	0x00,0x74,0x02,0x83,0x2B,0x02,0x83,0x4E,0x0A,0x93,0x5A,
	0x04,0xCC,0x83,0x5A,0x08,0x80,0x80,0x80,0x80,0x93,0x4F,
	0x05,0x47,0x83,0x2B,0x02,0x9B,0x56,0x04,0x0C,0x14,0x9B,
	0x56,0x08,0x0C,0x14,0x98,0x0C,0x0A,0x80,0x80,0x80,0x83,
	0x37,0x02,0x83,0x4E,0x0A,0x9B,0x5A,0x04,0x0C,0x14,0x9B,
	0x5A,0x08,0x0C,0x14,0x81,0x61,0x80,0x80,0x80,0x83,0x2B,
	0x02,0x83,0x48,0x0B,0x93,0x53,0x04,0xCC,0x83,0x53,0x08,
	0x81,0x61,0x80,0x80,0x80,0x93,0x4F,0x03,0x47,0x83,0x41,
	0x09,0x9B,0x56,0x04,0x0C,0x15,0x9B,0x56,0x08,0x0C,0x15,
	0x98,0x0C,0x0A,0x80,0x80,0x80,0x83,0x34,0x02,0x83,0x48,
	0x0B,0x9B,0x53,0x04,0x0C,0x15,0x9B,0x53,0x08,0x0C,0x15,
	0x80,0x80,0x80,0x80,0x83,0x36,0x02,0x83,0x48,0x0B,0x93,
	0x53,0x04,0xCC,0x83,0x53,0x08,0x80,0x80,0x80,0x80,0x93,
	0x4F,0x06,0x47,0x83,0x4E,0x0A,0x93,0x56,0x04,0xCC,0x83,
	0x56,0x08,0x90,0x47,0x80,0x80,0x80,0x83,0x2B,0x02,0x83,
	0x48,0x0B,0x93,0x5A,0x04,0xCC,0x83,0x5A,0x08,0x80,0x80,
	0x80,0x80,0x80,0x83,0x48,0x0B,0x9B,0x56,0x04,0x0C,0x15,
	0x9B,0x56,0x08,0x0C,0x15,0x80,0x80,0x80,0x80,0x93,0x4F,
	0x03,0x47,0x83,0x4E,0x0A,0x93,0x53,0x04,0xCC,0x83,0x53,
	0x08,0x90,0x47,0x80,0x80,0x80,0x83,0x2B,0x02,0x83,0x48,
	0x0B,0x9B,0x56,0x04,0x0C,0x15,0x9B,0x56,0x08,0x0C,0x15,
	0x80,0x81,0x61,0x80,0x80,0x83,0x2B,0x02,0x83,0x41,0x09,
	0x93,0x5A,0x04,0xCC,0x83,0x5A,0x08,0x81,0x61,0x80,0x80,
	0x80,0x83,0x32,0x02,0x83,0x48,0x0B,0x9B,0x56,0x04,0x0C,
	0x15,0x9B,0x56,0x08,0x0C,0x15,0x80,0x80,0x80,0x80,0x93,
	0x53,0x01,0x37,0x83,0x34,0x02,0x93,0x53,0x04,0xCC,0x83,
	0x53,0x08,0x98,0x0C,0x0A,0x81,0x61,0x80,0x80,0x93,0x53,
	0x03,0x35,0x83,0x37,0x02,0x9B,0x56,0x04,0x0C,0x15,0x9B,
	0x56,0x08,0x0C,0x15,0x98,0x0C,0x0A,0x81,0x61,0x80,0x80,
	0x83,0x2D,0x02,0x83,0x4E,0x0A,0x93,0x51,0x04,0xCC,0x83,
	0x51,0x08,0x80,0x80,0x80,0x80,0x93,0x51,0x06,0x47,0x83,
	0x2D,0x02,0x9B,0x53,0x04,0x0C,0x15,0x9B,0x53,0x08,0x0C,
	0x15,0x98,0x0C,0x0A,0x80,0x80,0x80,0x83,0x39,0x02,0x83,
	0x4E,0x0A,0x9B,0x51,0x04,0x0C,0x15,0x9B,0x51,0x08,0x0C,
	0x15,0x81,0x61,0x80,0x80,0x80,0x83,0x2D,0x02,0x83,0x48,
	0x0B,0x93,0x5D,0x04,0xCC,0x83,0x5D,0x08,0x81,0x61,0x80,
	0x80,0x80,0x93,0x51,0x05,0x47,0x83,0x41,0x09,0x9B,0x5A,
	0x04,0x0C,0x16,0x9B,0x5A,0x08,0x0C,0x16,0x98,0x0C,0x0A,
	0x80,0x80,0x80,0x83,0x34,0x02,0x83,0x48,0x0B,0x9B,0x5D,
	0x04,0x0C,0x16,0x9B,0x5D,0x08,0x0C,0x16,0x80,0x80,0x80,
	0x80,0x83,0x36,0x02,0x83,0x48,0x0B,0x93,0x5A,0x04,0xCC,
	0x83,0x5A,0x08,0x80,0x80,0x80,0x80,0x93,0x51,0x05,0x47,
	0x83,0x4E,0x0A,0x93,0x58,0x04,0xCC,0x83,0x58,0x08,0x90,
	0x47,0x81,0x61,0x80,0x80,0x9B,0x2D,0x02,0x0A,0x06,0x83,
	0x48,0x0B,0x93,0x5D,0x04,0xCC,0x83,0x5D,0x08,0x89,0x61,
	0x0A,0x80,0x80,0x80,0x83,0x2D,0x02,0x83,0x48,0x0B,0x9B,
	0x5A,0x04,0x0C,0x15,0x9B,0x5A,0x08,0x0C,0x15,0x80,0x80,
	0x80,0x80,0x93,0x51,0x05,0x47,0x83,0x4E,0x0A,0x93,0x5A,
	0x04,0xCC,0x83,0x5A,0x08,0x90,0x47,0x80,0x80,0x80,0x83,
	0x2D,0x02,0x83,0x48,0x0B,0x9B,0x5D,0x04,0x0C,0x15,0x9B,
	0x5D,0x08,0x0C,0x15,0x80,0x80,0x80,0x80,0x80,0x83,0x41,
	0x09,0x93,0x5D,0x04,0xCC,0x83,0x5D,0x08,0x80,0x80,0x80,
	0x80,0x83,0x34,0x02,0x83,0x48,0x0B,0x9B,0x5A,0x04,0x0C,
	0x15,0x9B,0x5A,0x08,0x0C,0x15,0x80,0x80,0x80,0x80,0x93,
	0x51,0x05,0x47,0x83,0x36,0x02,0x93,0x5A,0x04,0xCC,0x83,
	0x5A,0x08,0x98,0x0C,0x0A,0x80,0x80,0x80,0x93,0x51,0x05,
	0x47,0x83,0x39,0x02,0x82,0x04,0x82,0x08,0x98,0x0C,0x0A,
	0x81,0x61,0x80,0x80,0x09,0x00,0x00,0x00,0x00,0x40,0x00,
	0x7C,0x02,0x83,0x2F,0x02,0x83,0x4E,0x0A,0x80,0x9B,0x5F,
	0x08,0x03,0x1F,0x80,0x80,0x5F,0x04,0x32,0x03,0x1F,0x98,
	0x03,0x1F,0x93,0x53,0x06,0x37,0x83,0x2F,0x02,0x98,0x03,
	0x1F,0x98,0x03,0x1F,0x98,0x0C,0x0A,0x80,0x98,0x03,0x1F,
	0x98,0x03,0x1F,0x83,0x3B,0x02,0x83,0x4E,0x0A,0x98,0x03,
	0x1F,0x98,0x03,0x1F,0x81,0x61,0x80,0x98,0x03,0x1F,0x98,
	0x03,0x1F,0x83,0x2F,0x02,0x83,0x48,0x0B,0x98,0x03,0x1F,
	0x98,0x04,0x82,0x81,0x61,0x80,0x98,0x04,0x82,0x88,0x04,
	0x93,0x53,0x05,0x37,0x83,0x41,0x09,0x88,0x04,0x88,0x04,
	0x98,0x0C,0x0A,0x80,0x88,0x04,0x88,0x04,0x83,0x36,0x02,
	0x83,0x48,0x0B,0x88,0x04,0x88,0x04,0x80,0x80,0x88,0x04,
	0x88,0x04,0x83,0x39,0x02,0x83,0x48,0x0B,0x88,0x04,0x88,
	0x04,0x80,0x80,0x88,0x04,0x88,0x04,0x93,0x53,0x06,0x37,
	0x83,0x4E,0x0A,0x88,0x04,0x88,0x04,0x90,0x37,0x81,0x61,
	0x88,0x04,0x88,0x04,0x9B,0x2F,0x02,0x0A,0x06,0x83,0x48,
	0x0B,0x88,0x04,0x88,0x04,0x89,0x61,0x0A,0x80,0x88,0x04,
	0x88,0x04,0x83,0x2F,0x02,0x83,0x48,0x0B,0x88,0x04,0x88,
	0x04,0x80,0x80,0x88,0x04,0x88,0x04,0x93,0x53,0x08,0x37,
	0x83,0x4E,0x0A,0x88,0x04,0x88,0x04,0x90,0x37,0x80,0x88,
	0x04,0x88,0x04,0x83,0x2F,0x02,0x83,0x48,0x0B,0x88,0x04,
	0x88,0x04,0x80,0x80,0x88,0x04,0x88,0x04,0x80,0x83,0x41,
	0x09,0x88,0x04,0x88,0x04,0x80,0x80,0x88,0x04,0x88,0x04,
	0x83,0x36,0x02,0x83,0x48,0x0B,0x88,0x04,0x88,0x04,0x80,
	0x80,0x88,0x04,0x88,0x04,0x93,0x53,0x01,0x37,0x83,0x39,
	0x02,0x88,0x04,0x88,0x04,0x98,0x0C,0x0A,0x80,0x88,0x04,
	0x88,0x04,0x93,0x53,0x03,0x37,0x83,0x3B,0x02,0x88,0x04,
	0x88,0x04,0x98,0x0C,0x0A,0x81,0x61,0x88,0x04,0x88,0x04,
	0x83,0x2F,0x02,0x83,0x4E,0x0A,0x88,0x04,0x98,0x02,0x02,
	0x80,0x80,0x98,0x02,0x02,0x98,0x06,0x01,0x93,0x53,0x06,
	0x37,0x83,0x2F,0x02,0x98,0x06,0x01,0x98,0x02,0x02,0x98,
	0x0C,0x0A,0x80,0x98,0x02,0x02,0x98,0x06,0x01,0x83,0x3B,
	0x02,0x83,0x4E,0x0A,0x98,0x06,0x01,0x98,0x02,0x02,0x81,
	0x61,0x80,0x98,0x02,0x02,0x98,0x06,0x01,0x83,0x2F,0x02,
	0x83,0x48,0x0B,0x98,0x06,0x01,0x98,0x02,0x02,0x81,0x61,
	0x80,0x98,0x02,0x02,0x98,0x06,0x01,0x93,0x53,0x05,0x37,
	0x83,0x41,0x09,0x98,0x06,0x01,0x98,0x02,0x02,0x98,0x0C,
	0x0A,0x80,0x98,0x02,0x02,0x98,0x06,0x01,0x83,0x36,0x02,
	0x83,0x48,0x0B,0x98,0x06,0x01,0x98,0x02,0x02,0x80,0x80,
	0x98,0x02,0x02,0x98,0x06,0x01,0x83,0x39,0x02,0x83,0x48,
	0x0B,0x98,0x06,0x01,0x98,0x02,0x02,0x80,0x80,0x98,0x02,
	0x02,0x98,0x06,0x01,0x93,0x53,0x06,0x37,0x83,0x4E,0x0A,
	0x98,0x06,0x01,0x98,0x02,0x02,0x90,0x37,0x81,0x61,0x98,
	0x02,0x02,0x98,0x06,0x01,0x9B,0x2F,0x02,0x0A,0x06,0x83,
	0x48,0x0B,0x98,0x06,0x01,0x98,0x02,0x02,0x89,0x61,0x0A,
	0x80,0x98,0x02,0x02,0x98,0x06,0x01,0x83,0x2F,0x02,0x83,
	0x48,0x0B,0x98,0x06,0x01,0x98,0x02,0x02,0x80,0x80,0x98,
	0x02,0x02,0x98,0x06,0x01,0x93,0x53,0x08,0x37,0x83,0x4E,
	0x0A,0x98,0x06,0x01,0x98,0x02,0x02,0x90,0x37,0x80,0x98,
	0x02,0x02,0x98,0x06,0x01,0x83,0x2F,0x02,0x83,0x48,0x0B,
	0x98,0x06,0x01,0x98,0x02,0x02,0x80,0x80,0x98,0x02,0x02,
	0x98,0x06,0x01,0x80,0x83,0x41,0x09,0x98,0x06,0x01,0x98,
	0x02,0x02,0x80,0x80,0x98,0x02,0x02,0x98,0x06,0x01,0x83,
	0x36,0x02,0x83,0x48,0x0B,0x98,0x06,0x01,0x98,0x02,0x02,
	0x80,0x80,0x98,0x02,0x02,0x98,0x06,0x01,0x93,0x53,0x01,
	0x37,0x83,0x39,0x02,0x98,0x06,0x01,0x98,0x02,0x02,0x98,
	0x0C,0x0A,0x80,0x98,0x02,0x02,0x98,0x06,0x01,0x93,0x53,
	0x03,0x37,0x83,0x3B,0x02,0x98,0x06,0x01,0x98,0x02,0x02,
	0x98,0x0C,0x0A,0x81,0x61,0x98,0x02,0x02,0x98,0x06,0x01,
	0x09,0x00,0x00,0x00,0x00,0x40,0x00,0x69,0x02,0x83,0x2F,
	0x02,0x83,0x4E,0x0A,0x80,0x9B,0x47,0x08,0x04,0x72,0x80,
	0x80,0x47,0x04,0x28,0x04,0x72,0x88,0x04,0x93,0x53,0x06,
	0x37,0x83,0x2F,0x02,0x88,0x04,0x88,0x04,0x98,0x0C,0x0A,
	0x80,0x88,0x04,0x88,0x04,0x83,0x3B,0x02,0x83,0x4E,0x0A,
	0x88,0x04,0x88,0x04,0x81,0x61,0x80,0x88,0x04,0x88,0x04,
	0x83,0x2F,0x02,0x83,0x48,0x0B,0x88,0x04,0x88,0x04,0x81,
	0x61,0x80,0x88,0x04,0x88,0x04,0x93,0x53,0x05,0x37,0x83,
	0x41,0x09,0x9B,0x2F,0x03,0x0A,0x0A,0x88,0x04,0x98,0x0C,
	0x0A,0x80,0x88,0x0A,0x88,0x04,0x83,0x36,0x02,0x83,0x48,
	0x0B,0x88,0x04,0x88,0x04,0x80,0x80,0x88,0x04,0x88,0x04,
	0x83,0x39,0x02,0x83,0x48,0x0B,0x9B,0x53,0x03,0x0A,0x0F,
	0x88,0x04,0x80,0x80,0x88,0x0A,0x88,0x04,0x93,0x53,0x06,
	0x37,0x83,0x4E,0x0A,0x8B,0x5D,0x03,0x0A,0x88,0x04,0x90,
	0x37,0x81,0x61,0x88,0x0A,0x88,0x04,0x9B,0x2F,0x02,0x0A,
	0x06,0x83,0x48,0x0B,0x88,0x0A,0x8B,0x49,0x08,0x04,0x89,
	0x61,0x0A,0x80,0x49,0x04,0x28,0x04,0x00,0x88,0x04,0x83,
	0x2F,0x02,0x83,0x48,0x0B,0x88,0x04,0x88,0x04,0x80,0x80,
	0x88,0x04,0x88,0x04,0x93,0x53,0x08,0x37,0x83,0x4E,0x0A,
	0x8B,0x5A,0x03,0x0A,0x88,0x04,0x90,0x37,0x80,0x88,0x0A,
	0x88,0x04,0x83,0x2F,0x02,0x83,0x48,0x0B,0x88,0x0A,0x8B,
	0x4A,0x08,0x04,0x80,0x80,0x4A,0x04,0x28,0x04,0x00,0x88,
	0x04,0x80,0x83,0x41,0x09,0x88,0x04,0x88,0x04,0x80,0x80,
	0x88,0x04,0x88,0x04,0x83,0x36,0x02,0x83,0x48,0x0B,0x8B,
	0x5F,0x03,0x0A,0x88,0x04,0x80,0x80,0x88,0x0A,0x88,0x04,
	0x93,0x53,0x01,0x37,0x83,0x39,0x02,0x88,0x0A,0x8B,0x43,
	0x08,0x04,0x98,0x0C,0x0A,0x80,0x43,0x04,0x28,0x04,0x00,
	0x88,0x04,0x93,0x53,0x03,0x37,0x83,0x3B,0x02,0x88,0x04,
	0x88,0x04,0x98,0x0C,0x0A,0x81,0x61,0x88,0x04,0x88,0x04,
	0x83,0x2B,0x02,0x83,0x4E,0x0A,0x88,0x04,0x88,0x04,0x80,
	0x80,0x88,0x04,0x88,0x04,0x93,0x4F,0x05,0x47,0x83,0x2B,
	0x02,0x88,0x04,0x88,0x04,0x98,0x0C,0x0A,0x80,0x88,0x04,
	0x88,0x04,0x83,0x37,0x02,0x83,0x4E,0x0A,0x8B,0x56,0x03,
	0x0A,0x88,0x04,0x81,0x61,0x80,0x88,0x0A,0x88,0x04,0x83,
	0x2B,0x02,0x83,0x48,0x0B,0x43,0x04,0x28,0x04,0x00,0x88,
	0x04,0x81,0x61,0x80,0x88,0x04,0x88,0x04,0x93,0x4F,0x03,
	0x47,0x83,0x41,0x09,0x88,0x04,0x88,0x04,0x98,0x0C,0x0A,
	0x80,0x88,0x04,0x88,0x04,0x83,0x34,0x02,0x83,0x48,0x0B,
	0x88,0x04,0x88,0x04,0x80,0x80,0x88,0x04,0x88,0x04,0x83,
	0x36,0x02,0x83,0x48,0x0B,0x8B,0x55,0x03,0x0A,0x8B,0x4A,
	0x08,0x04,0x80,0x80,0x88,0x0A,0x88,0x04,0x93,0x4F,0x06,
	0x47,0x83,0x4E,0x0A,0x8B,0x56,0x03,0x0A,0x88,0x04,0x90,
	0x47,0x80,0x88,0x0A,0x88,0x04,0x83,0x2B,0x02,0x83,0x48,
	0x0B,0x4A,0x04,0x28,0x04,0x00,0x88,0x04,0x80,0x80,0x88,
	0x04,0x88,0x04,0x80,0x83,0x48,0x0B,0x88,0x04,0x88,0x04,
	0x80,0x80,0x88,0x04,0x88,0x04,0x93,0x4F,0x03,0x47,0x83,
	0x4E,0x0A,0x8B,0x53,0x03,0x0A,0x88,0x04,0x90,0x47,0x80,
	0x88,0x0A,0x88,0x04,0x83,0x2B,0x02,0x83,0x48,0x0B,0x4A,
	0x04,0x28,0x04,0x00,0x88,0x04,0x80,0x81,0x61,0x88,0x04,
	0x88,0x04,0x83,0x2B,0x02,0x83,0x41,0x09,0x88,0x04,0x8B,
	0x47,0x08,0x04,0x81,0x61,0x80,0x47,0x04,0x28,0x04,0x00,
	0x88,0x04,0x83,0x32,0x02,0x83,0x48,0x0B,0x8B,0x51,0x03,
	0x0A,0x88,0x04,0x80,0x80,0x88,0x0A,0x88,0x04,0x93,0x53,
	0x01,0x37,0x83,0x34,0x02,0x88,0x0A,0x8B,0x49,0x08,0x04,
	0x98,0x0C,0x0A,0x81,0x61,0x49,0x04,0x28,0x04,0x00,0x88,
	0x04,0x93,0x53,0x03,0x35,0x83,0x37,0x02,0x88,0x04,0x88,
	0x04,0x98,0x0C,0x0A,0x81,0x61,0x88,0x04,0x88,0x04,0x09,
	0x00,0x00,0x00,0x00,0x40,0x00,0xD7,0x02,0x83,0x2F,0x02,
	0x83,0x4E,0x0A,0x9B,0x4E,0x08,0x0A,0x0F,0x83,0x51,0x08,
	0x80,0x80,0x98,0x0A,0x0F,0x99,0x53,0x03,0x88,0x93,0x53,
	0x06,0x37,0x83,0x2F,0x02,0x83,0x48,0x0B,0x80,0x98,0x0C,
	0x0A,0x80,0x80,0x98,0x04,0xD1,0x83,0x3B,0x02,0x83,0x4E,
	0x0A,0x9B,0x53,0x08,0x0A,0x0F,0x98,0x04,0xD1,0x81,0x61,
	0x80,0x98,0x0A,0x0F,0x98,0x04,0xD2,0x83,0x2F,0x02,0x83,
	0x48,0x0B,0x93,0x4A,0x01,0x49,0x98,0x04,0xD2,0x81,0x61,
	0x80,0x98,0x0C,0x04,0x98,0x04,0xD3,0x93,0x53,0x05,0x37,
	0x83,0x41,0x09,0x9B,0x51,0x08,0x0A,0x0F,0x98,0x04,0xD4,
	0x98,0x0C,0x0A,0x80,0x98,0x0A,0x0F,0x98,0x04,0xD3,0x83,
	0x36,0x02,0x83,0x48,0x0B,0x9B,0x53,0x08,0x0A,0x0F,0x98,
	0x04,0xD2,0x80,0x80,0x98,0x0A,0x0F,0x98,0x0A,0x04,0x83,
	0x39,0x02,0x83,0x48,0x0B,0x93,0x4A,0x01,0x49,0x99,0x47,
	0x03,0x22,0x80,0x80,0x98,0x0C,0x04,0x99,0x47,0x03,0x22,
	0x93,0x53,0x06,0x37,0x83,0x4E,0x0A,0x9B,0x47,0x08,0x0A,
	0x0F,0x83,0x4E,0x08,0x90,0x37,0x81,0x61,0x98,0x0A,0x0F,
	0x80,0x9B,0x2F,0x02,0x0A,0x06,0x83,0x48,0x0B,0x80,0x83,
	0x51,0x08,0x89,0x61,0x0A,0x80,0x80,0x80,0x83,0x2F,0x02,
	0x83,0x48,0x0B,0x9B,0x47,0x08,0x0A,0x0F,0x83,0x53,0x08,
	0x80,0x80,0x98,0x0A,0x0F,0x98,0x0A,0x04,0x93,0x53,0x08,
	0x37,0x83,0x4E,0x0A,0x9B,0x53,0x08,0x0A,0x0F,0x9B,0x47,
	0x08,0x03,0x22,0x90,0x37,0x80,0x98,0x0A,0x0F,0x9B,0x47,
	0x08,0x0C,0x11,0x83,0x2F,0x02,0x83,0x48,0x0B,0x93,0x4A,
	0x01,0x49,0x83,0x55,0x08,0x80,0x80,0x98,0x0C,0x04,0x83,
	0x56,0x08,0x80,0x83,0x41,0x09,0x9B,0x51,0x08,0x0A,0x0F,
	0x80,0x80,0x80,0x98,0x0A,0x0F,0x98,0x04,0xC2,0x83,0x36,
	0x02,0x83,0x48,0x0B,0x9B,0x53,0x08,0x0A,0x0F,0x9B,0x55,
	0x08,0x0C,0x11,0x80,0x80,0x98,0x0A,0x0F,0x99,0x56,0x03,
	0x22,0x93,0x53,0x01,0x37,0x83,0x39,0x02,0x9B,0x56,0x08,
	0x0A,0x0F,0x83,0x58,0x08,0x98,0x0C,0x0A,0x80,0x98,0x0A,
	0x0F,0x80,0x93,0x53,0x03,0x37,0x83,0x3B,0x02,0x9B,0x53,
	0x08,0x0A,0x0F,0x99,0x51,0x03,0x22,0x98,0x0C,0x0A,0x81,
	0x61,0x98,0x0A,0x0F,0x99,0x51,0x03,0x88,0x83,0x2B,0x02,
	0x83,0x4E,0x0A,0x80,0x83,0x56,0x08,0x80,0x80,0x80,0x80,
	0x93,0x4F,0x05,0x47,0x83,0x2B,0x02,0x83,0x48,0x0B,0x9B,
	0x51,0x08,0x0C,0x33,0x98,0x0C,0x0A,0x80,0x80,0x9B,0x56,
	0x08,0x0C,0x11,0x83,0x37,0x02,0x83,0x4E,0x0A,0x9B,0x53,
	0x08,0x0A,0x0F,0x9B,0x4A,0x08,0x0C,0x22,0x81,0x61,0x80,
	0x98,0x0A,0x0F,0x9B,0x56,0x08,0x0C,0x09,0x83,0x2B,0x02,
	0x83,0x48,0x0B,0x93,0x4A,0x01,0x49,0x83,0x55,0x08,0x81,
	0x61,0x80,0x98,0x0C,0x04,0x80,0x93,0x4F,0x03,0x47,0x83,
	0x41,0x09,0x9B,0x51,0x08,0x0A,0x0F,0x9B,0x51,0x08,0x0C,
	0x33,0x98,0x0C,0x0A,0x80,0x98,0x0A,0x0F,0x9B,0x55,0x08,
	0x0C,0x11,0x83,0x34,0x02,0x83,0x48,0x0B,0x9B,0x53,0x08,
	0x0A,0x0F,0x9B,0x4A,0x08,0x0C,0x06,0x80,0x80,0x98,0x0A,
	0x0F,0x9B,0x55,0x08,0x0C,0x09,0x83,0x36,0x02,0x83,0x48,
	0x0B,0x93,0x4A,0x01,0x49,0x83,0x55,0x08,0x80,0x80,0x98,
	0x0C,0x04,0x80,0x93,0x4F,0x06,0x47,0x83,0x4E,0x0A,0x9B,
	0x47,0x08,0x0A,0x0F,0x83,0x56,0x08,0x90,0x47,0x80,0x98,
	0x0A,0x0F,0x9B,0x55,0x08,0x0C,0x11,0x83,0x2B,0x02,0x83,
	0x48,0x0B,0x80,0x83,0x51,0x08,0x80,0x80,0x80,0x98,0x04,
	0xC3,0x80,0x83,0x48,0x0B,0x9B,0x47,0x08,0x0A,0x0F,0x99,
	0x53,0x03,0x66,0x80,0x80,0x98,0x0A,0x0F,0x80,0x93,0x4F,
	0x03,0x47,0x83,0x4E,0x0A,0x9B,0x53,0x08,0x0A,0x0F,0x9B,
	0x51,0x08,0x0C,0x16,0x90,0x47,0x80,0x98,0x0A,0x0F,0x80,
	0x83,0x2B,0x02,0x83,0x48,0x0B,0x93,0x4A,0x01,0x49,0x99,
	0x4A,0x03,0x88,0x80,0x81,0x61,0x98,0x0C,0x04,0x9B,0x53,
	0x08,0x0C,0x08,0x83,0x2B,0x02,0x83,0x41,0x09,0x9B,0x56,
	0x08,0x0A,0x0F,0x83,0x4C,0x08,0x81,0x61,0x80,0x98,0x0A,
	0x0F,0x80,0x83,0x32,0x02,0x83,0x48,0x0B,0x9B,0x55,0x08,
	0x0A,0x0F,0x99,0x4E,0x03,0x88,0x80,0x80,0x98,0x0A,0x0F,
	0x80,0x93,0x53,0x01,0x37,0x83,0x34,0x02,0x56,0x08,0x20,
	0x0A,0x0F,0x83,0x51,0x08,0x98,0x0C,0x0A,0x81,0x61,0x98,
	0x0A,0x0F,0x9B,0x4C,0x08,0x0C,0x11,0x93,0x53,0x03,0x35,
	0x83,0x37,0x02,0x9B,0x4E,0x08,0x0A,0x0F,0x83,0x4A,0x08,
	0x98,0x0C,0x0A,0x81,0x61,0x98,0x0A,0x0F,0x80,0x09,0x00,
	0x00,0x00,0x00,0x40,0x00,0xCC,0x02,0x83,0x2D,0x02,0x83,
	0x4E,0x0A,0x80,0x83,0x4C,0x08,0x80,0x80,0x80,0x80,0x93,
	0x51,0x01,0x47,0x83,0x2D,0x03,0x83,0x48,0x0B,0x83,0x4A,
	0x08,0x98,0x0C,0x0A,0x80,0x80,0x80,0x83,0x2D,0x01,0x83,
	0x4E,0x0A,0x9B,0x53,0x08,0x0A,0x0F,0x9B,0x51,0x08,0x0C,
	0x11,0x81,0x61,0x80,0x98,0x0A,0x0F,0x9B,0x4C,0x08,0x0C,
	0x04,0x83,0x39,0x06,0x83,0x48,0x0B,0x93,0x4A,0x01,0x49,
	0x83,0x4C,0x08,0x81,0x61,0x80,0x98,0x0C,0x04,0x80,0x93,
	0x51,0x03,0x47,0x83,0x41,0x09,0x9B,0x51,0x08,0x0A,0x0F,
	0x80,0x98,0x0C,0x0A,0x80,0x98,0x0A,0x0F,0x99,0x45,0x03,
	0x55,0x83,0x2D,0x05,0x83,0x48,0x0B,0x9B,0x53,0x08,0x0A,
	0x0F,0x9B,0x4C,0x08,0x0C,0x11,0x80,0x80,0x98,0x0A,0x0F,
	0x80,0x83,0x39,0x02,0x83,0x48,0x0B,0x93,0x4A,0x01,0x49,
	0x9B,0x51,0x08,0x04,0xC3,0x80,0x80,0x98,0x0C,0x04,0x98,
	0x0A,0x05,0x93,0x51,0x01,0x47,0x83,0x4E,0x0A,0x9B,0x51,
	0x08,0x0A,0x0F,0x99,0x45,0x03,0x33,0x90,0x47,0x80,0x98,
	0x0A,0x0F,0x99,0x39,0x03,0x55,0x90,0x59,0x83,0x2A,0x03,
	0x80,0x83,0x4A,0x08,0x98,0x0C,0x0A,0x81,0x61,0x80,0x80,
	0x83,0x2A,0x05,0x83,0x48,0x0B,0x9B,0x47,0x08,0x0A,0x0F,
	0x80,0x80,0x80,0x98,0x0A,0x0F,0x80,0x93,0x51,0x06,0x59,
	0x83,0x4E,0x0A,0x9B,0x53,0x08,0x0A,0x0F,0x9B,0x51,0x08,
	0x0C,0x16,0x90,0x59,0x80,0x98,0x0A,0x0F,0x9B,0x4C,0x08,
	0x0C,0x08,0x90,0x59,0x83,0x2A,0x03,0x93,0x4A,0x01,0x49,
	0x83,0x49,0x08,0x98,0x0C,0x0A,0x80,0x98,0x0C,0x04,0x80,
	0x83,0x2A,0x01,0x83,0x41,0x09,0x9B,0x51,0x08,0x0A,0x0F,
	0x80,0x81,0x61,0x80,0x98,0x0A,0x0F,0x80,0x83,0x36,0x06,
	0x83,0x48,0x0B,0x9B,0x53,0x08,0x0A,0x0F,0x9B,0x4A,0x08,
	0x0C,0x16,0x80,0x80,0x98,0x0A,0x0F,0x9B,0x51,0x08,0x0C,
	0x08,0x93,0x51,0x03,0x59,0x83,0x2A,0x03,0x9B,0x56,0x08,
	0x0A,0x0F,0x83,0x47,0x08,0x98,0x0C,0x0A,0x81,0x61,0x98,
	0x0A,0x0F,0x80,0x93,0x51,0x05,0x59,0x83,0x2A,0x03,0x9B,
	0x58,0x08,0x0A,0x0F,0x80,0x98,0x0C,0x0A,0x81,0x61,0x98,
	0x0A,0x0F,0x98,0x04,0xC1,0x83,0x2B,0x06,0x83,0x4E,0x0A,
	0x80,0x98,0x04,0xC1,0x80,0x80,0x80,0x98,0x04,0xC1,0x93,
	0x53,0x05,0x37,0x83,0x2B,0x03,0x83,0x48,0x0B,0x98,0x04,
	0xC1,0x98,0x0C,0x0A,0x80,0x80,0x98,0x04,0xC2,0x83,0x2B,
	0x02,0x83,0x4E,0x0A,0x9B,0x53,0x08,0x0A,0x0F,0x98,0x04,
	0xC2,0x81,0x61,0x80,0x98,0x0A,0x0F,0x98,0x04,0xC2,0x83,
	0x37,0x01,0x83,0x48,0x0B,0x93,0x4A,0x01,0x49,0x98,0x04,
	0xC2,0x81,0x61,0x80,0x98,0x0C,0x04,0x98,0x04,0xC3,0x93,
	0x53,0x03,0x3A,0x83,0x41,0x09,0x9B,0x51,0x08,0x0A,0x0F,
	0x98,0x04,0xC2,0x98,0x0C,0x0A,0x80,0x98,0x0A,0x0F,0x98,
	0x04,0xC2,0x83,0x2B,0x05,0x83,0x48,0x0B,0x9B,0x53,0x08,
	0x0A,0x0F,0x98,0x04,0xC2,0x80,0x80,0x98,0x0A,0x0F,0x98,
	0x04,0xC2,0x83,0x37,0x06,0x83,0x48,0x0B,0x93,0x4A,0x01,
	0x49,0x98,0x04,0xC2,0x80,0x80,0x98,0x0C,0x04,0x98,0x04,
	0xC2,0x93,0x53,0x02,0x2A,0x83,0x4E,0x0A,0x9B,0x47,0x08,
	0x0A,0x0F,0x98,0x06,0x05,0x90,0x2A,0x80,0x98,0x0A,0x0F,
	0x98,0x06,0x05,0x90,0x2A,0x83,0x2B,0x03,0x80,0x98,0x06,
	0x05,0x98,0x0C,0x0A,0x81,0x61,0x80,0x98,0x06,0x05,0x83,
	0x2B,0x08,0x83,0x48,0x0B,0x9B,0x47,0x08,0x0A,0x0F,0x83,
	0x45,0x08,0x80,0x80,0x98,0x0A,0x0F,0x99,0x47,0x03,0xFF,
	0x93,0x53,0x03,0x3A,0x83,0x4E,0x0A,0x9B,0x53,0x08,0x0A,
	0x0F,0x99,0x4A,0x03,0xFF,0x90,0x3A,0x80,0x98,0x0A,0x0F,
	0x83,0x45,0x08,0x90,0x3A,0x83,0x37,0x03,0x93,0x4A,0x01,
	0x49,0x99,0x47,0x03,0xFF,0x98,0x0C,0x0A,0x81,0x61,0x98,
	0x0C,0x04,0x99,0x4C,0x03,0xFF,0x83,0x2D,0x01,0x83,0x41,
	0x09,0x9B,0x56,0x08,0x0A,0x0F,0x83,0x4A,0x08,0x81,0x61,
	0x80,0x98,0x0A,0x0F,0x99,0x4C,0x03,0xFF,0x83,0x39,0x08,
	0x83,0x48,0x0B,0x9B,0x55,0x08,0x0A,0x0F,0x99,0x51,0x03,
	0xFF,0x80,0x80,0x98,0x0A,0x0F,0x83,0x4C,0x08,0x93,0x51,
	0x01,0x47,0x83,0x2D,0x03,0x56,0x08,0x20,0x0A,0x0F,0x99,
	0x51,0x03,0xFF,0x98,0x0C,0x0A,0x81,0x61,0x98,0x0A,0x0F,
	0x99,0x56,0x03,0xFF,0x93,0x51,0x06,0x47,0x83,0x2D,0x03,
	0x9B,0x53,0x08,0x0A,0x0F,0x83,0x58,0x08,0x98,0x0C,0x0A,
	0x81,0x61,0x98,0x0A,0x0F,0x83,0x5D,0x08,0x09,0x00,0x00,
	0x00,0x00,0x40,0x00,0xB0,0x02,0x83,0x2B,0x02,0x83,0x4E,
	0x0A,0x9B,0x4E,0x08,0x0A,0x0F,0x83,0x4A,0x08,0x80,0x80,
	0x98,0x0A,0x0F,0x80,0x93,0x4F,0x05,0x47,0x83,0x2B,0x02,
	0x83,0x48,0x0B,0x9B,0x47,0x08,0x0C,0x16,0x98,0x0C,0x0A,
	0x80,0x80,0x80,0x83,0x37,0x02,0x83,0x4E,0x0A,0x9B,0x53,
	0x08,0x0A,0x0F,0x9B,0x4A,0x08,0x0C,0x16,0x81,0x61,0x80,
	0x98,0x0A,0x0F,0x80,0x83,0x2B,0x02,0x83,0x48,0x0B,0x93,
	0x4A,0x01,0x49,0x83,0x47,0x08,0x81,0x61,0x80,0x98,0x0C,
	0x04,0x80,0x93,0x4F,0x03,0x47,0x83,0x41,0x09,0x9B,0x51,
	0x08,0x0A,0x0F,0x9B,0x4A,0x08,0x0C,0x16,0x98,0x0C,0x0A,
	0x80,0x98,0x0A,0x0F,0x80,0x83,0x34,0x02,0x83,0x48,0x0B,
	0x9B,0x53,0x08,0x0A,0x0F,0x9B,0x47,0x08,0x0C,0x16,0x80,
	0x80,0x98,0x0A,0x0F,0x80,0x83,0x36,0x02,0x83,0x48,0x0B,
	0x93,0x4A,0x01,0x49,0x83,0x43,0x08,0x80,0x80,0x98,0x0C,
	0x04,0x80,0x93,0x4F,0x06,0x47,0x83,0x4E,0x0A,0x9B,0x47,
	0x08,0x0A,0x0F,0x83,0x47,0x08,0x90,0x47,0x80,0x98,0x0A,
	0x0F,0x80,0x83,0x2B,0x02,0x83,0x48,0x0B,0x80,0x83,0x4A,
	0x08,0x80,0x80,0x80,0x80,0x80,0x83,0x48,0x0B,0x9B,0x47,
	0x08,0x0A,0x0F,0x9B,0x47,0x08,0x0C,0x16,0x80,0x80,0x98,
	0x0A,0x0F,0x80,0x93,0x4F,0x03,0x47,0x83,0x4E,0x0A,0x9B,
	0x53,0x08,0x0A,0x0F,0x83,0x47,0x08,0x90,0x47,0x80,0x98,
	0x0A,0x0F,0x80,0x83,0x2B,0x02,0x83,0x48,0x0B,0x93,0x4A,
	0x01,0x49,0x9B,0x4A,0x08,0x0C,0x15,0x80,0x81,0x61,0x98,
	0x0C,0x04,0x80,0x83,0x2B,0x02,0x83,0x41,0x09,0x9B,0x51,
	0x08,0x0A,0x0F,0x83,0x4A,0x08,0x81,0x61,0x80,0x98,0x0A,
	0x0F,0x80,0x83,0x32,0x02,0x83,0x48,0x0B,0x9B,0x53,0x08,
	0x0A,0x0F,0x9B,0x47,0x08,0x0C,0x15,0x80,0x80,0x98,0x0A,
	0x0F,0x80,0x93,0x53,0x01,0x37,0x83,0x34,0x02,0x9B,0x56,
	0x08,0x0A,0x0F,0x83,0x47,0x08,0x98,0x0C,0x0A,0x81,0x61,
	0x98,0x0A,0x0F,0x80,0x93,0x53,0x03,0x35,0x83,0x37,0x02,
	0x9B,0x53,0x08,0x0A,0x0F,0x9B,0x4A,0x08,0x0C,0x16,0x98,
	0x0C,0x0A,0x81,0x61,0x98,0x0A,0x0F,0x80,0x83,0x2D,0x02,
	0x83,0x4E,0x0A,0x9B,0x4E,0x08,0x0A,0x0F,0x83,0x49,0x08,
	0x80,0x80,0x98,0x0A,0x0F,0x80,0x93,0x51,0x06,0x47,0x83,
	0x2D,0x02,0x83,0x48,0x0B,0x9B,0x47,0x08,0x0C,0x15,0x98,
	0x0C,0x0A,0x80,0x80,0x80,0x83,0x39,0x02,0x83,0x4E,0x0A,
	0x9B,0x53,0x08,0x0A,0x0F,0x9B,0x49,0x08,0x0C,0x15,0x81,
	0x61,0x80,0x98,0x0A,0x0F,0x80,0x83,0x2D,0x02,0x83,0x48,
	0x0B,0x93,0x4A,0x01,0x49,0x83,0x45,0x08,0x81,0x61,0x80,
	0x98,0x0C,0x04,0x80,0x93,0x51,0x05,0x47,0x83,0x41,0x09,
	0x9B,0x51,0x08,0x0A,0x0F,0x9B,0x49,0x08,0x0C,0x14,0x98,
	0x0C,0x0A,0x80,0x98,0x0A,0x0F,0x80,0x83,0x34,0x02,0x83,
	0x48,0x0B,0x9B,0x53,0x08,0x0A,0x0F,0x9B,0x45,0x08,0x0C,
	0x14,0x80,0x80,0x98,0x0A,0x0F,0x80,0x83,0x36,0x02,0x83,
	0x48,0x0B,0x93,0x4A,0x01,0x49,0x83,0x42,0x08,0x80,0x80,
	0x98,0x0C,0x04,0x80,0x93,0x51,0x05,0x47,0x83,0x4E,0x0A,
	0x9B,0x47,0x08,0x0A,0x0F,0x83,0x45,0x08,0x90,0x47,0x81,
	0x61,0x98,0x0A,0x0F,0x80,0x9B,0x2D,0x02,0x0A,0x06,0x83,
	0x48,0x0B,0x80,0x83,0x49,0x08,0x89,0x61,0x0A,0x80,0x80,
	0x80,0x83,0x2D,0x02,0x83,0x48,0x0B,0x9B,0x47,0x08,0x0A,
	0x0F,0x9B,0x45,0x08,0x0C,0x14,0x80,0x80,0x98,0x0A,0x0F,
	0x80,0x93,0x51,0x05,0x47,0x83,0x4E,0x0A,0x9B,0x53,0x08,
	0x0A,0x0F,0x83,0x45,0x08,0x90,0x47,0x80,0x98,0x0A,0x0F,
	0x80,0x83,0x2D,0x02,0x83,0x48,0x0B,0x93,0x4A,0x01,0x49,
	0x9B,0x49,0x08,0x0C,0x15,0x80,0x80,0x98,0x0C,0x04,0x80,
	0x80,0x83,0x41,0x09,0x9B,0x51,0x08,0x0A,0x0F,0x83,0x49,
	0x08,0x80,0x80,0x98,0x0A,0x0F,0x80,0x83,0x34,0x02,0x83,
	0x48,0x0B,0x9B,0x53,0x08,0x0A,0x0F,0x9B,0x45,0x08,0x0C,
	0x15,0x80,0x80,0x98,0x0A,0x0F,0x80,0x93,0x51,0x05,0x47,
	0x83,0x36,0x02,0x9B,0x56,0x08,0x0A,0x0F,0x83,0x45,0x08,
	0x98,0x0C,0x0A,0x80,0x98,0x0A,0x0F,0x80,0x93,0x51,0x05,
	0x47,0x83,0x39,0x02,0x9B,0x53,0x08,0x0A,0x0F,0x9B,0x49,
	0x08,0x0C,0x14,0x98,0x0C,0x0A,0x81,0x61,0x98,0x0A,0x0F,
	0x80,0x09,0x00,0x00,0x00,0x00,0x40,0x00,0xB0,0x02,0x83,
	0x2A,0x02,0x83,0x4E,0x0A,0x9B,0x4E,0x08,0x0A,0x0F,0x83,
	0x45,0x08,0x80,0x80,0x98,0x0A,0x0F,0x80,0x93,0x51,0x06,
	0x49,0x83,0x2A,0x02,0x83,0x48,0x0B,0x9B,0x49,0x08,0x0C,
	0x15,0x98,0x0C,0x0A,0x80,0x80,0x80,0x83,0x36,0x02,0x83,
	0x4E,0x0A,0x9B,0x53,0x08,0x0A,0x0F,0x9B,0x45,0x08,0x0C,
	0x15,0x81,0x61,0x80,0x98,0x0A,0x0F,0x80,0x83,0x2A,0x02,
	0x83,0x48,0x0B,0x93,0x4A,0x01,0x49,0x83,0x49,0x08,0x81,
	0x61,0x80,0x98,0x0C,0x04,0x80,0x93,0x51,0x05,0x49,0x83,
	0x41,0x09,0x9B,0x51,0x08,0x0A,0x0F,0x9B,0x45,0x08,0x0C,
	0x16,0x98,0x0C,0x0A,0x80,0x98,0x0A,0x0F,0x80,0x83,0x32,
	0x02,0x83,0x48,0x0B,0x9B,0x53,0x08,0x0A,0x0F,0x9B,0x49,
	0x08,0x0C,0x16,0x80,0x80,0x98,0x0A,0x0F,0x80,0x83,0x34,
	0x02,0x83,0x48,0x0B,0x93,0x4A,0x01,0x49,0x83,0x42,0x08,
	0x80,0x80,0x98,0x0C,0x04,0x80,0x93,0x51,0x05,0x49,0x83,
	0x4E,0x0A,0x9B,0x47,0x08,0x0A,0x0F,0x83,0x45,0x08,0x90,
	0x49,0x80,0x98,0x0A,0x0F,0x80,0x83,0x2A,0x02,0x83,0x48,
	0x0B,0x80,0x83,0x49,0x08,0x80,0x80,0x80,0x80,0x80,0x83,
	0x48,0x0B,0x9B,0x47,0x08,0x0A,0x0F,0x9B,0x45,0x08,0x0C,
	0x14,0x80,0x80,0x98,0x0A,0x0F,0x80,0x93,0x51,0x05,0x49,
	0x83,0x4E,0x0A,0x9B,0x53,0x08,0x0A,0x0F,0x83,0x45,0x08,
	0x90,0x49,0x80,0x98,0x0A,0x0F,0x80,0x83,0x2A,0x02,0x83,
	0x48,0x0B,0x93,0x4A,0x01,0x49,0x9B,0x49,0x08,0x0C,0x14,
	0x80,0x81,0x61,0x98,0x0C,0x04,0x80,0x83,0x2A,0x02,0x83,
	0x41,0x09,0x9B,0x51,0x08,0x0A,0x0F,0x83,0x49,0x08,0x81,
	0x61,0x80,0x98,0x0A,0x0F,0x80,0x83,0x32,0x02,0x83,0x48,
	0x0B,0x9B,0x53,0x08,0x0A,0x0F,0x9B,0x45,0x08,0x0C,0x14,
	0x80,0x80,0x98,0x0A,0x0F,0x80,0x93,0x51,0x05,0x49,0x83,
	0x34,0x02,0x9B,0x56,0x08,0x0A,0x0F,0x83,0x45,0x08,0x98,
	0x0C,0x0A,0x81,0x61,0x98,0x0A,0x0F,0x80,0x93,0x51,0x05,
	0x49,0x83,0x36,0x02,0x9B,0x53,0x08,0x0A,0x0F,0x9B,0x49,
	0x08,0x0C,0x14,0x98,0x0C,0x0A,0x81,0x61,0x98,0x0A,0x0F,
	0x80,0x83,0x2F,0x02,0x83,0x4E,0x0A,0x9B,0x4E,0x08,0x0A,
	0x0F,0x83,0x47,0x08,0x80,0x80,0x98,0x0A,0x0F,0x80,0x93,
	0x53,0x06,0x37,0x83,0x2F,0x02,0x83,0x48,0x0B,0x9B,0x4A,
	0x08,0x0C,0x16,0x98,0x0C,0x0A,0x80,0x80,0x80,0x83,0x3B,
	0x02,0x83,0x4E,0x0A,0x9B,0x53,0x08,0x0A,0x0F,0x9B,0x47,
	0x08,0x0C,0x16,0x81,0x61,0x80,0x98,0x0A,0x0F,0x80,0x83,
	0x2F,0x02,0x83,0x48,0x0B,0x93,0x4A,0x01,0x49,0x83,0x4E,
	0x08,0x81,0x61,0x80,0x98,0x0C,0x04,0x80,0x93,0x53,0x05,
	0x37,0x83,0x41,0x09,0x9B,0x51,0x08,0x0A,0x0F,0x9B,0x4A,
	0x08,0x0C,0x15,0x98,0x0C,0x0A,0x80,0x98,0x0A,0x0F,0x80,
	0x83,0x36,0x02,0x83,0x48,0x0B,0x9B,0x53,0x08,0x0A,0x0F,
	0x9B,0x4E,0x08,0x0C,0x15,0x80,0x80,0x98,0x0A,0x0F,0x80,
	0x83,0x39,0x02,0x83,0x48,0x0B,0x93,0x4A,0x01,0x49,0x83,
	0x47,0x08,0x80,0x80,0x98,0x0C,0x04,0x80,0x93,0x53,0x06,
	0x37,0x83,0x4E,0x0A,0x9B,0x47,0x08,0x0A,0x0F,0x83,0x4A,
	0x08,0x90,0x37,0x81,0x61,0x98,0x0A,0x0F,0x80,0x9B,0x2F,
	0x02,0x0A,0x06,0x83,0x48,0x0B,0x80,0x83,0x4E,0x08,0x89,
	0x61,0x0A,0x80,0x80,0x80,0x83,0x2F,0x02,0x83,0x48,0x0B,
	0x9B,0x47,0x08,0x0A,0x0F,0x9B,0x4A,0x08,0x0C,0x14,0x80,
	0x80,0x98,0x0A,0x0F,0x80,0x93,0x53,0x08,0x37,0x83,0x4E,
	0x0A,0x9B,0x53,0x08,0x0A,0x0F,0x83,0x47,0x08,0x90,0x37,
	0x80,0x98,0x0A,0x0F,0x80,0x83,0x2F,0x02,0x83,0x48,0x0B,
	0x93,0x4A,0x01,0x49,0x9B,0x4A,0x08,0x0C,0x15,0x80,0x80,
	0x98,0x0C,0x04,0x80,0x80,0x83,0x41,0x09,0x9B,0x51,0x08,
	0x0A,0x0F,0x83,0x4E,0x08,0x80,0x80,0x98,0x0A,0x0F,0x80,
	0x83,0x36,0x02,0x83,0x48,0x0B,0x9B,0x53,0x08,0x0A,0x0F,
	0x9B,0x4A,0x08,0x0C,0x16,0x80,0x80,0x98,0x0A,0x0F,0x80,
	0x93,0x53,0x01,0x37,0x83,0x39,0x02,0x9B,0x56,0x08,0x0A,
	0x0F,0x83,0x47,0x08,0x98,0x0C,0x0A,0x80,0x98,0x0A,0x0F,
	0x80,0x93,0x53,0x03,0x37,0x83,0x3B,0x02,0x9B,0x53,0x08,
	0x0A,0x0F,0x9B,0x4A,0x08,0x0C,0x15,0x98,0x0C,0x0A,0x81,
	0x61,0x98,0x0A,0x0F,0x80,0x09,0x00,0x00,0x00,0x00,0x40,
	0x00,0x90,0x02,0x83,0x2F,0x02,0x83,0x4E,0x0A,0x9B,0x4E,
	0x08,0x0A,0x0F,0x9B,0x53,0x08,0x03,0x1F,0x80,0x80,0x98,
	0x0A,0x0F,0x98,0x03,0x1F,0x93,0x53,0x06,0x37,0x83,0x2F,
	0x02,0x83,0x48,0x0B,0x98,0x03,0x1F,0x98,0x0C,0x0A,0x80,
	0x80,0x98,0x03,0x1F,0x83,0x3B,0x02,0x83,0x4E,0x0A,0x9B,
	0x53,0x08,0x0A,0x0F,0x98,0x03,0x1F,0x81,0x61,0x80,0x98,
	0x0A,0x0F,0x98,0x03,0x1F,0x83,0x2F,0x02,0x83,0x48,0x0B,
	0x93,0x4A,0x01,0x49,0x98,0x04,0x82,0x81,0x61,0x80,0x98,
	0x0C,0x04,0x88,0x04,0x93,0x53,0x05,0x37,0x83,0x41,0x09,
	0x9B,0x51,0x08,0x0A,0x0F,0x88,0x04,0x98,0x0C,0x0A,0x80,
	0x98,0x0A,0x0F,0x88,0x04,0x83,0x36,0x02,0x83,0x48,0x0B,
	0x9B,0x53,0x08,0x0A,0x0F,0x88,0x04,0x80,0x80,0x98,0x0A,
	0x0F,0x88,0x04,0x83,0x39,0x02,0x83,0x48,0x0B,0x93,0x4A,
	0x01,0x49,0x88,0x04,0x80,0x80,0x98,0x0C,0x04,0x88,0x04,
	0x93,0x53,0x06,0x37,0x83,0x4E,0x0A,0x9B,0x47,0x08,0x0A,
	0x0F,0x88,0x04,0x90,0x37,0x81,0x61,0x98,0x0A,0x0F,0x88,
	0x04,0x9B,0x2F,0x02,0x0A,0x06,0x83,0x48,0x0B,0x80,0x88,
	0x04,0x89,0x61,0x0A,0x80,0x80,0x88,0x04,0x83,0x2F,0x02,
	0x83,0x48,0x0B,0x9B,0x47,0x08,0x0A,0x0F,0x88,0x04,0x80,
	0x80,0x98,0x0A,0x0F,0x88,0x04,0x93,0x53,0x08,0x37,0x83,
	0x4E,0x0A,0x9B,0x53,0x08,0x0A,0x0F,0x88,0x04,0x90,0x37,
	0x80,0x98,0x0A,0x0F,0x88,0x04,0x83,0x2F,0x02,0x83,0x48,
	0x0B,0x93,0x4A,0x01,0x49,0x88,0x04,0x80,0x80,0x98,0x0C,
	0x04,0x88,0x04,0x80,0x83,0x41,0x09,0x9B,0x51,0x08,0x0A,
	0x0F,0x88,0x04,0x80,0x80,0x98,0x0A,0x0F,0x88,0x04,0x83,
	0x36,0x02,0x83,0x48,0x0B,0x9B,0x53,0x08,0x0A,0x0F,0x88,
	0x04,0x80,0x80,0x98,0x0A,0x0F,0x88,0x04,0x93,0x53,0x01,
	0x37,0x83,0x39,0x02,0x9B,0x56,0x08,0x0A,0x0F,0x88,0x04,
	0x98,0x0C,0x0A,0x80,0x98,0x0A,0x0F,0x88,0x04,0x93,0x53,
	0x03,0x37,0x83,0x3B,0x02,0x9B,0x53,0x08,0x0A,0x0F,0x88,
	0x04,0x98,0x0C,0x0A,0x81,0x61,0x98,0x0A,0x0F,0x88,0x04,
	0x83,0x2F,0x02,0x83,0x4E,0x0A,0x80,0x98,0x02,0x02,0x80,
	0x80,0x80,0x98,0x06,0x01,0x93,0x53,0x06,0x37,0x83,0x2F,
	0x02,0x83,0x48,0x0B,0x98,0x02,0x02,0x98,0x0C,0x0A,0x80,
	0x80,0x98,0x06,0x01,0x83,0x3B,0x02,0x83,0x4E,0x0A,0x9B,
	0x53,0x08,0x0A,0x0F,0x98,0x02,0x02,0x81,0x61,0x80,0x98,
	0x0A,0x0F,0x98,0x06,0x01,0x83,0x2F,0x02,0x83,0x48,0x0B,
	0x93,0x4A,0x01,0x49,0x98,0x02,0x02,0x81,0x61,0x80,0x98,
	0x0C,0x04,0x98,0x06,0x01,0x93,0x53,0x05,0x37,0x83,0x41,
	0x09,0x9B,0x51,0x08,0x0A,0x0F,0x98,0x02,0x02,0x98,0x0C,
	0x0A,0x80,0x98,0x0A,0x0F,0x98,0x06,0x01,0x83,0x36,0x02,
	0x83,0x48,0x0B,0x9B,0x53,0x08,0x0A,0x0F,0x98,0x02,0x02,
	0x80,0x80,0x98,0x0A,0x0F,0x98,0x06,0x01,0x83,0x39,0x02,
	0x83,0x48,0x0B,0x93,0x4A,0x01,0x49,0x98,0x02,0x02,0x80,
	0x80,0x98,0x0C,0x04,0x98,0x06,0x01,0x93,0x53,0x06,0x37,
	0x83,0x4E,0x0A,0x9B,0x47,0x08,0x0A,0x0F,0x98,0x02,0x02,
	0x90,0x37,0x81,0x61,0x98,0x0A,0x0F,0x98,0x06,0x01,0x9B,
	0x2F,0x02,0x0A,0x06,0x83,0x48,0x0B,0x80,0x98,0x02,0x02,
	0x80,0x80,0x80,0x98,0x06,0x01,0x80,0x80,0x9B,0x47,0x08,
	0x0A,0x0F,0x98,0x02,0x02,0x80,0x80,0x98,0x0A,0x0F,0x98,
	0x06,0x01,0x80,0x80,0x9B,0x53,0x08,0x0A,0x0F,0x98,0x02,
	0x02,0x80,0x80,0x98,0x0A,0x0F,0x98,0x06,0x01,0x80,0x80,
	0x93,0x4A,0x01,0x49,0x98,0x02,0x02,0x80,0x80,0x98,0x0C,
	0x04,0x98,0x06,0x01,0x80,0x80,0x9B,0x56,0x08,0x0A,0x0F,
	0x98,0x02,0x02,0x80,0x80,0x98,0x0A,0x0F,0x98,0x06,0x01,
	0x80,0x80,0x9B,0x55,0x08,0x0A,0x0F,0x98,0x02,0x02,0x80,
	0x80,0x98,0x0A,0x0F,0x98,0x06,0x01,0x80,0x80,0x56,0x08,
	0x20,0x0A,0x0F,0x98,0x02,0x02,0x80,0x80,0x98,0x0A,0x0F,
	0x98,0x06,0x01,0x80,0x80,0x9B,0x4E,0x08,0x0A,0x0F,0x98,
	0x02,0x02,0x80,0x80,0x98,0x0A,0x0F,0x98,0x06,0x01,0x09,
	0x00,0x00,0x00,0x00,0x40,0x00,0x6B,0x02,0x83,0x2F,0x02,
	0x83,0x4E,0x0A,0x9B,0x4E,0x08,0x0A,0x0F,0x98,0x06,0x01,
	0x80,0x80,0x98,0x0A,0x0F,0x98,0x06,0x01,0x93,0x53,0x06,
	0x37,0x83,0x2F,0x02,0x83,0x48,0x0B,0x98,0x06,0x01,0x98,
	0x0C,0x0A,0x80,0x80,0x98,0x06,0x01,0x83,0x3B,0x02,0x83,
	0x4E,0x0A,0x9B,0x53,0x08,0x0A,0x0F,0x98,0x06,0x01,0x81,
	0x61,0x80,0x98,0x0A,0x0F,0x98,0x06,0x01,0x83,0x2F,0x02,
	0x83,0x48,0x0B,0x93,0x4A,0x01,0x49,0x98,0x06,0x01,0x81,
	0x61,0x80,0x98,0x0C,0x04,0x98,0x06,0x01,0x93,0x53,0x05,
	0x37,0x83,0x41,0x09,0x9B,0x51,0x08,0x0A,0x0F,0x98,0x06,
	0x01,0x98,0x0C,0x0A,0x80,0x98,0x0A,0x0F,0x98,0x06,0x01,
	0x83,0x36,0x02,0x83,0x48,0x0B,0x9B,0x53,0x08,0x0A,0x0F,
	0x98,0x06,0x01,0x80,0x80,0x98,0x0A,0x0F,0x98,0x06,0x01,
	0x83,0x39,0x02,0x83,0x48,0x0B,0x93,0x4A,0x01,0x49,0x98,
	0x06,0x02,0x80,0x80,0x98,0x0C,0x04,0x88,0x06,0x93,0x53,
	0x06,0x37,0x83,0x4E,0x0A,0x9B,0x47,0x08,0x0A,0x0F,0x88,
	0x06,0x90,0x37,0x81,0x61,0x98,0x0A,0x0F,0x88,0x06,0x9B,
	0x2F,0x02,0x0A,0x06,0x83,0x48,0x0B,0x80,0x88,0x06,0x89,
	0x61,0x0A,0x80,0x80,0x88,0x06,0x83,0x2F,0x02,0x83,0x48,
	0x0B,0x9B,0x47,0x08,0x0A,0x0F,0x88,0x06,0x80,0x80,0x98,
	0x0A,0x0F,0x88,0x06,0x93,0x53,0x08,0x37,0x83,0x4E,0x0A,
	0x9B,0x53,0x08,0x0A,0x0F,0x80,0x90,0x37,0x80,0x98,0x0A,
	0x0F,0x80,0x83,0x2F,0x02,0x83,0x48,0x0B,0x93,0x4A,0x01,
	0x49,0x80,0x80,0x80,0x98,0x0C,0x04,0x80,0x80,0x83,0x41,
	0x09,0x9B,0x51,0x08,0x0A,0x0F,0x80,0x80,0x80,0x98,0x0A,
	0x0F,0x80,0x83,0x36,0x02,0x83,0x48,0x0B,0x9B,0x53,0x08,
	0x0A,0x0F,0x80,0x80,0x80,0x98,0x0A,0x0F,0x80,0x93,0x53,
	0x01,0x37,0x83,0x39,0x02,0x9B,0x56,0x08,0x0A,0x0F,0x80,
	0x98,0x0C,0x0A,0x80,0x98,0x0A,0x0F,0x80,0x93,0x53,0x03,
	0x37,0x83,0x3B,0x02,0x9B,0x53,0x08,0x0A,0x0F,0x80,0x98,
	0x0C,0x0A,0x81,0x61,0x98,0x0A,0x0F,0x80,0x83,0x2B,0x02,
	0x83,0x4E,0x0A,0x80,0x80,0x80,0x80,0x80,0x80,0x93,0x4F,
	0x05,0x47,0x83,0x2B,0x02,0x83,0x48,0x0B,0x80,0x98,0x0C,
	0x0A,0x80,0x80,0x80,0x83,0x37,0x02,0x83,0x4E,0x0A,0x9B,
	0x53,0x08,0x0A,0x0F,0x80,0x81,0x61,0x80,0x98,0x0A,0x0F,
	0x80,0x83,0x2B,0x02,0x83,0x48,0x0B,0x93,0x4A,0x01,0x49,
	0x80,0x81,0x61,0x80,0x98,0x0C,0x04,0x80,0x93,0x4F,0x03,
	0x47,0x83,0x41,0x09,0x9B,0x51,0x08,0x0A,0x0F,0x80,0x98,
	0x0C,0x0A,0x80,0x98,0x0A,0x0F,0x80,0x83,0x34,0x02,0x83,
	0x48,0x0B,0x9B,0x53,0x08,0x0A,0x0F,0x80,0x80,0x80,0x98,
	0x0A,0x0F,0x80,0x83,0x36,0x02,0x83,0x48,0x0B,0x93,0x4A,
	0x01,0x49,0x80,0x80,0x80,0x98,0x0C,0x04,0x80,0x93,0x4F,
	0x06,0x47,0x83,0x4E,0x0A,0x9B,0x47,0x08,0x0A,0x0F,0x80,
	0x90,0x47,0x80,0x98,0x0A,0x0F,0x80,0x83,0x2B,0x02,0x83,
	0x48,0x0B,0x80,0x80,0x80,0x80,0x80,0x80,0x80,0x83,0x48,
	0x0B,0x9B,0x47,0x08,0x0A,0x0F,0x80,0x80,0x80,0x98,0x0A,
	0x0F,0x80,0x93,0x4F,0x03,0x47,0x83,0x4E,0x0A,0x9B,0x53,
	0x08,0x0A,0x0F,0x80,0x90,0x47,0x80,0x98,0x0A,0x0F,0x80,
	0x83,0x2B,0x02,0x83,0x48,0x0B,0x93,0x4A,0x01,0x49,0x80,
	0x80,0x81,0x61,0x98,0x0C,0x04,0x80,0x83,0x2B,0x02,0x83,
	0x41,0x09,0x9B,0x56,0x08,0x0A,0x0F,0x80,0x81,0x61,0x80,
	0x98,0x0A,0x0F,0x80,0x83,0x32,0x02,0x83,0x48,0x0B,0x9B,
	0x55,0x08,0x0A,0x0F,0x80,0x80,0x80,0x98,0x0A,0x0F,0x80,
	0x93,0x53,0x01,0x37,0x83,0x34,0x02,0x56,0x08,0x20,0x0A,
	0x0F,0x80,0x98,0x0C,0x0A,0x81,0x61,0x98,0x0A,0x0F,0x80,
	0x93,0x53,0x03,0x35,0x83,0x37,0x02,0x9B,0x4E,0x08,0x0A,
	0x0F,0x80,0x98,0x0C,0x0A,0x81,0x61,0x98,0x0A,0x0F,0x80,
	0x09,0x00,0x00,0x00,0x00,0x40,0x00,0x48,0x02,0x83,0x2D,
	0x02,0x83,0x4E,0x0A,0x98,0x0A,0x0F,0x80,0x80,0x80,0x98,
	0x0A,0x0F,0x80,0x93,0x51,0x06,0x47,0x83,0x2D,0x02,0x83,
	0x48,0x0B,0x80,0x98,0x0C,0x0A,0x80,0x80,0x80,0x83,0x39,
	0x02,0x83,0x4E,0x0A,0x9B,0x53,0x08,0x0A,0x0F,0x80,0x81,
	0x61,0x80,0x98,0x0A,0x0F,0x80,0x83,0x2D,0x02,0x83,0x48,
	0x0B,0x93,0x4A,0x01,0x49,0x80,0x81,0x61,0x80,0x98,0x0C,
	0x04,0x80,0x93,0x51,0x05,0x47,0x83,0x41,0x09,0x9B,0x51,
	0x08,0x0A,0x0F,0x80,0x98,0x0C,0x0A,0x80,0x98,0x0A,0x0F,
	0x80,0x83,0x34,0x02,0x83,0x48,0x0B,0x9B,0x53,0x08,0x0A,
	0x0F,0x80,0x80,0x80,0x98,0x0A,0x0F,0x80,0x83,0x36,0x02,
	0x83,0x48,0x0B,0x93,0x4A,0x01,0x49,0x80,0x80,0x80,0x98,
	0x0C,0x04,0x80,0x93,0x51,0x05,0x47,0x83,0x4E,0x0A,0x9B,
	0x47,0x08,0x0A,0x0F,0x80,0x90,0x47,0x81,0x61,0x98,0x0A,
	0x0F,0x80,0x9B,0x2D,0x02,0x0A,0x06,0x83,0x48,0x0B,0x80,
	0x80,0x89,0x61,0x0A,0x80,0x80,0x80,0x83,0x2D,0x02,0x83,
	0x48,0x0B,0x9B,0x47,0x08,0x0A,0x0F,0x80,0x80,0x80,0x98,
	0x0A,0x0F,0x80,0x93,0x51,0x05,0x47,0x83,0x4E,0x0A,0x9B,
	0x53,0x08,0x0A,0x0F,0x80,0x90,0x47,0x80,0x98,0x0A,0x0F,
	0x80,0x83,0x2D,0x02,0x83,0x48,0x0B,0x93,0x4A,0x01,0x49,
	0x80,0x80,0x80,0x98,0x0C,0x04,0x80,0x80,0x83,0x41,0x09,
	0x9B,0x51,0x08,0x0A,0x0F,0x80,0x80,0x80,0x98,0x0A,0x0F,
	0x80,0x83,0x34,0x02,0x83,0x48,0x0B,0x9B,0x53,0x08,0x0A,
	0x0F,0x80,0x80,0x80,0x98,0x0A,0x0F,0x80,0x93,0x51,0x05,
	0x47,0x83,0x36,0x02,0x9B,0x56,0x08,0x0A,0x0F,0x80,0x98,
	0x0C,0x0A,0x80,0x98,0x0A,0x0F,0x80,0x93,0x51,0x05,0x47,
	0x83,0x39,0x02,0x9B,0x4E,0x08,0x0A,0x0F,0x80,0x98,0x0C,
	0x0A,0x81,0x61,0x98,0x0A,0x0F,0x80,0x83,0x2A,0x02,0x83,
	0x4E,0x0A,0x80,0x80,0x80,0x80,0x80,0x80,0x93,0x51,0x06,
	0x49,0x83,0x2A,0x02,0x83,0x48,0x0B,0x80,0x98,0x0C,0x0A,
	0x80,0x80,0x80,0x83,0x36,0x02,0x83,0x4E,0x0A,0x9B,0x53,
	0x08,0x0A,0x0F,0x80,0x81,0x61,0x80,0x98,0x0A,0x0F,0x80,
	0x83,0x2A,0x02,0x83,0x48,0x0B,0x93,0x4A,0x01,0x49,0x80,
	0x81,0x61,0x80,0x98,0x0C,0x04,0x80,0x93,0x51,0x05,0x49,
	0x83,0x41,0x09,0x9B,0x51,0x08,0x0A,0x0F,0x80,0x98,0x0C,
	0x0A,0x80,0x98,0x0A,0x0F,0x80,0x83,0x32,0x02,0x83,0x48,
	0x0B,0x9B,0x53,0x08,0x0A,0x0F,0x80,0x80,0x80,0x98,0x0A,
	0x0F,0x80,0x83,0x34,0x02,0x83,0x48,0x0B,0x93,0x4A,0x01,
	0x49,0x80,0x80,0x80,0x98,0x0C,0x04,0x80,0x93,0x51,0x05,
	0x49,0x83,0x4E,0x0A,0x9B,0x47,0x08,0x0A,0x0F,0x80,0x90,
	0x49,0x80,0x98,0x0A,0x0F,0x80,0x83,0x2A,0x02,0x83,0x48,
	0x0B,0x80,0x80,0x80,0x80,0x80,0x80,0x80,0x83,0x48,0x0B,
	0x9B,0x47,0x08,0x0A,0x0F,0x80,0x80,0x80,0x98,0x0A,0x0F,
	0x80,0x93,0x51,0x05,0x49,0x83,0x4E,0x0A,0x9B,0x53,0x08,
	0x0A,0x0F,0x80,0x90,0x49,0x80,0x98,0x0A,0x0F,0x80,0x83,
	0x2A,0x02,0x83,0x48,0x0B,0x93,0x4A,0x01,0x49,0x80,0x80,
	0x81,0x61,0x98,0x0C,0x04,0x80,0x83,0x2A,0x02,0x83,0x41,
	0x09,0x9B,0x56,0x08,0x0A,0x0F,0x80,0x81,0x61,0x80,0x98,
	0x0A,0x0F,0x80,0x83,0x32,0x02,0x83,0x48,0x0B,0x9B,0x58,
	0x08,0x0A,0x0F,0x80,0x80,0x80,0x98,0x0A,0x0F,0x80,0x93,
	0x51,0x05,0x49,0x83,0x34,0x02,0x51,0x08,0x20,0x0A,0x0F,
	0x80,0x98,0x0C,0x0A,0x81,0x61,0x98,0x0A,0x0F,0x80,0x93,
	0x51,0x05,0x49,0x83,0x36,0x02,0x9B,0x53,0x08,0x0A,0x0F,
	0x80,0x98,0x0C,0x0A,0x81,0x61,0x98,0x0A,0x0F,0x80,0x09,
	0x00,0x00,0x00,0x00,0x40,0x00,0x48,0x02,0x83,0x2D,0x02,
	0x83,0x4E,0x0A,0x98,0x0A,0x0F,0x80,0x80,0x80,0x98,0x0A,
	0x0F,0x80,0x93,0x51,0x06,0x47,0x83,0x2D,0x02,0x83,0x48,
	0x0B,0x80,0x98,0x0C,0x0A,0x80,0x80,0x80,0x83,0x39,0x02,
	0x83,0x4E,0x0A,0x9B,0x53,0x08,0x0A,0x0F,0x80,0x81,0x61,
	0x80,0x98,0x0A,0x0F,0x80,0x83,0x2D,0x02,0x83,0x48,0x0B,
	0x93,0x4A,0x01,0x49,0x80,0x81,0x61,0x80,0x98,0x0C,0x04,
	0x80,0x93,0x51,0x05,0x47,0x83,0x41,0x09,0x9B,0x51,0x08,
	0x0A,0x0F,0x80,0x98,0x0C,0x0A,0x80,0x98,0x0A,0x0F,0x80,
	0x83,0x34,0x02,0x83,0x48,0x0B,0x9B,0x53,0x08,0x0A,0x0F,
	0x80,0x80,0x80,0x98,0x0A,0x0F,0x80,0x83,0x36,0x02,0x83,
	0x48,0x0B,0x93,0x4A,0x01,0x49,0x80,0x80,0x80,0x98,0x0C,
	0x04,0x80,0x93,0x51,0x05,0x47,0x83,0x4E,0x0A,0x9B,0x47,
	0x08,0x0A,0x0F,0x80,0x90,0x47,0x81,0x61,0x98,0x0A,0x0F,
	0x80,0x9B,0x2D,0x02,0x0A,0x06,0x83,0x48,0x0B,0x80,0x80,
	0x89,0x61,0x0A,0x80,0x80,0x80,0x83,0x2D,0x02,0x83,0x48,
	0x0B,0x9B,0x47,0x08,0x0A,0x0F,0x80,0x80,0x80,0x98,0x0A,
	0x0F,0x80,0x93,0x51,0x05,0x47,0x83,0x4E,0x0A,0x9B,0x53,
	0x08,0x0A,0x0F,0x80,0x90,0x47,0x80,0x98,0x0A,0x0F,0x80,
	0x83,0x2D,0x02,0x83,0x48,0x0B,0x93,0x4A,0x01,0x49,0x80,
	0x80,0x80,0x98,0x0C,0x04,0x80,0x80,0x83,0x41,0x09,0x9B,
	0x51,0x08,0x0A,0x0F,0x80,0x80,0x80,0x98,0x0A,0x0F,0x80,
	0x83,0x34,0x02,0x83,0x48,0x0B,0x9B,0x53,0x08,0x0A,0x0F,
	0x80,0x80,0x80,0x98,0x0A,0x0F,0x80,0x93,0x51,0x05,0x47,
	0x83,0x36,0x02,0x9B,0x56,0x08,0x0A,0x0F,0x80,0x98,0x0C,
	0x0A,0x80,0x98,0x0A,0x0F,0x80,0x93,0x51,0x05,0x47,0x83,
	0x39,0x02,0x9B,0x4E,0x08,0x0A,0x0F,0x80,0x98,0x0C,0x0A,
	0x81,0x61,0x98,0x0A,0x0F,0x80,0x83,0x2A,0x02,0x83,0x4E,
	0x0A,0x80,0x80,0x80,0x80,0x80,0x80,0x93,0x51,0x06,0x49,
	0x83,0x2A,0x02,0x83,0x48,0x0B,0x80,0x98,0x0C,0x0A,0x80,
	0x80,0x80,0x83,0x36,0x02,0x83,0x4E,0x0A,0x9B,0x53,0x08,
	0x0A,0x0F,0x80,0x81,0x61,0x80,0x98,0x0A,0x0F,0x80,0x83,
	0x2A,0x02,0x83,0x48,0x0B,0x93,0x4A,0x01,0x49,0x80,0x81,
	0x61,0x80,0x98,0x0C,0x04,0x80,0x93,0x51,0x05,0x49,0x83,
	0x41,0x09,0x9B,0x51,0x08,0x0A,0x0F,0x80,0x98,0x0C,0x0A,
	0x80,0x98,0x0A,0x0F,0x80,0x83,0x32,0x02,0x83,0x48,0x0B,
	0x9B,0x53,0x08,0x0A,0x0F,0x80,0x80,0x80,0x98,0x0A,0x0F,
	0x80,0x83,0x34,0x02,0x83,0x48,0x0B,0x93,0x4A,0x01,0x49,
	0x80,0x80,0x80,0x98,0x0C,0x04,0x80,0x93,0x51,0x05,0x49,
	0x83,0x4E,0x0A,0x9B,0x47,0x08,0x0A,0x0F,0x80,0x90,0x49,
	0x80,0x98,0x0A,0x0F,0x80,0x83,0x2A,0x02,0x83,0x48,0x0B,
	0x80,0x80,0x80,0x80,0x80,0x80,0x80,0x83,0x48,0x0B,0x9B,
	0x47,0x08,0x0A,0x0F,0x80,0x80,0x80,0x98,0x0A,0x0F,0x80,
	0x93,0x51,0x05,0x49,0x83,0x4E,0x0A,0x9B,0x58,0x08,0x0A,
	0x0F,0x80,0x90,0x49,0x80,0x98,0x0A,0x0F,0x80,0x83,0x2A,
	0x02,0x83,0x48,0x0B,0x93,0x4A,0x08,0x49,0x80,0x80,0x81,
	0x61,0x98,0x0C,0x04,0x80,0x83,0x2A,0x02,0x83,0x41,0x09,
	0x9B,0x55,0x08,0x0A,0x0F,0x80,0x81,0x61,0x80,0x98,0x0A,
	0x0F,0x80,0x83,0x32,0x02,0x83,0x48,0x0B,0x9B,0x53,0x08,
	0x0A,0x0F,0x80,0x80,0x80,0x98,0x0A,0x0F,0x80,0x93,0x51,
	0x05,0x49,0x83,0x34,0x02,0x51,0x08,0x20,0x0A,0x0F,0x80,
	0x98,0x0C,0x0A,0x81,0x61,0x98,0x0A,0x0F,0x80,0x93,0x51,
	0x05,0x49,0x83,0x36,0x02,0x9B,0x53,0x08,0x0A,0x0F,0x80,
	0x98,0x0C,0x0A,0x81,0x61,0x98,0x0A,0x0F,0x80,0x09,0x00,
	0x00,0x00,0x00,0x40,0x00,0xD6,0x02,0x83,0x2F,0x02,0x83,
	0x4E,0x0A,0x9B,0x4E,0x08,0x0A,0x0F,0x83,0x51,0x08,0x80,
	0x80,0x98,0x0A,0x0F,0x99,0x53,0x03,0x88,0x93,0x53,0x06,
	0x37,0x83,0x2F,0x03,0x83,0x48,0x0B,0x80,0x98,0x0C,0x0A,
	0x80,0x80,0x98,0x04,0xD1,0x83,0x2F,0x05,0x83,0x4E,0x0A,
	0x9B,0x53,0x08,0x0A,0x0F,0x98,0x04,0xD1,0x81,0x61,0x80,
	0x98,0x0A,0x0F,0x98,0x04,0xD2,0x83,0x3B,0x01,0x83,0x48,
	0x0B,0x93,0x4A,0x01,0x49,0x98,0x04,0xD2,0x81,0x61,0x80,
	0x98,0x0C,0x04,0x98,0x04,0xD3,0x93,0x53,0x05,0x37,0x83,
	0x41,0x09,0x9B,0x51,0x08,0x0A,0x0F,0x98,0x04,0xD4,0x98,
	0x0C,0x0A,0x80,0x98,0x0A,0x0F,0x98,0x04,0xD3,0x83,0x2F,
	0x03,0x83,0x48,0x0B,0x9B,0x53,0x08,0x0A,0x0F,0x98,0x04,
	0xD2,0x80,0x80,0x98,0x0A,0x0F,0x98,0x0A,0x04,0x83,0x3B,
	0x02,0x83,0x48,0x0B,0x93,0x4A,0x01,0x49,0x99,0x47,0x03,
	0x22,0x80,0x80,0x98,0x0C,0x04,0x99,0x47,0x03,0x22,0x93,
	0x53,0x06,0x37,0x83,0x4E,0x0A,0x9B,0x47,0x08,0x0A,0x0F,
	0x83,0x4E,0x08,0x90,0x37,0x81,0x61,0x98,0x0A,0x0F,0x80,
	0x90,0x37,0x83,0x2F,0x03,0x80,0x83,0x51,0x08,0x98,0x0C,
	0x0A,0x80,0x80,0x80,0x83,0x2F,0x05,0x83,0x48,0x0B,0x9B,
	0x47,0x08,0x0A,0x0F,0x83,0x53,0x08,0x80,0x80,0x98,0x0A,
	0x0F,0x98,0x0A,0x04,0x93,0x53,0x08,0x37,0x83,0x4E,0x0A,
	0x9B,0x53,0x08,0x0A,0x0F,0x9B,0x47,0x08,0x03,0x22,0x90,
	0x37,0x80,0x98,0x0A,0x0F,0x9B,0x47,0x08,0x0C,0x11,0x90,
	0x37,0x83,0x2F,0x03,0x93,0x4A,0x01,0x49,0x83,0x55,0x08,
	0x98,0x0C,0x0A,0x81,0x61,0x98,0x0C,0x04,0x83,0x56,0x08,
	0x83,0x2F,0x02,0x83,0x41,0x09,0x9B,0x51,0x08,0x0A,0x0F,
	0x80,0x81,0x61,0x80,0x98,0x0A,0x0F,0x98,0x04,0xC2,0x83,
	0x3B,0x02,0x83,0x48,0x0B,0x9B,0x53,0x08,0x0A,0x0F,0x9B,
	0x55,0x08,0x0C,0x11,0x80,0x80,0x98,0x0A,0x0F,0x99,0x56,
	0x03,0x22,0x93,0x53,0x01,0x37,0x83,0x2F,0x03,0x9B,0x56,
	0x08,0x0A,0x0F,0x83,0x58,0x08,0x98,0x0C,0x0A,0x81,0x61,
	0x98,0x0A,0x0F,0x80,0x93,0x53,0x03,0x37,0x83,0x2F,0x03,
	0x9B,0x53,0x08,0x0A,0x0F,0x99,0x51,0x03,0x22,0x98,0x0C,
	0x0A,0x81,0x61,0x98,0x0A,0x0F,0x99,0x51,0x03,0x88,0x83,
	0x2B,0x06,0x83,0x4E,0x0A,0x80,0x9B,0x58,0x08,0x01,0x05,
	0x80,0x80,0x80,0x99,0x5A,0x03,0x44,0x93,0x53,0x05,0x37,
	0x83,0x2B,0x03,0x83,0x48,0x0B,0x99,0x5A,0x03,0x55,0x98,
	0x0C,0x0A,0x80,0x80,0x98,0x04,0xC3,0x83,0x2B,0x02,0x83,
	0x4E,0x0A,0x9B,0x53,0x08,0x0A,0x0F,0x9B,0x58,0x08,0x0C,
	0x11,0x81,0x61,0x80,0x98,0x0A,0x0F,0x99,0x5A,0x03,0x22,
	0x83,0x37,0x01,0x83,0x48,0x0B,0x93,0x4A,0x01,0x49,0x83,
	0x5D,0x08,0x81,0x61,0x80,0x98,0x0C,0x04,0x80,0x93,0x53,
	0x03,0x3A,0x83,0x41,0x09,0x9B,0x51,0x08,0x0A,0x0F,0x9B,
	0x53,0x08,0x0C,0x11,0x98,0x0C,0x0A,0x80,0x98,0x0A,0x0F,
	0x80,0x83,0x2B,0x05,0x83,0x48,0x0B,0x9B,0x53,0x08,0x0A,
	0x0F,0x9B,0x5A,0x08,0x0C,0x07,0x80,0x80,0x98,0x0A,0x0F,
	0x9B,0x5D,0x08,0x0C,0x09,0x83,0x37,0x06,0x83,0x48,0x0B,
	0x93,0x4A,0x01,0x49,0x83,0x5F,0x08,0x80,0x80,0x98,0x0C,
	0x04,0x80,0x93,0x53,0x02,0x2A,0x83,0x4E,0x0A,0x9B,0x47,
	0x08,0x0A,0x0F,0x9B,0x53,0x08,0x0C,0x11,0x90,0x2A,0x80,
	0x98,0x0A,0x0F,0x80,0x90,0x2A,0x83,0x2B,0x03,0x80,0x83,
	0x55,0x08,0x98,0x0C,0x0A,0x81,0x61,0x80,0x80,0x83,0x2B,
	0x08,0x83,0x48,0x0B,0x9B,0x47,0x08,0x0A,0x0F,0x99,0x56,
	0x03,0xFF,0x80,0x80,0x98,0x0A,0x0F,0x80,0x93,0x53,0x03,
	0x3A,0x83,0x4E,0x0A,0x9B,0x53,0x08,0x0A,0x0F,0x9B,0x55,
	0x08,0x0C,0x11,0x90,0x3A,0x80,0x98,0x0A,0x0F,0x80,0x90,
	0x3A,0x83,0x37,0x03,0x93,0x4A,0x01,0x49,0x83,0x51,0x08,
	0x98,0x0C,0x0A,0x81,0x61,0x98,0x0C,0x04,0x98,0x04,0xC4,
	0x83,0x2B,0x06,0x83,0x41,0x09,0x9B,0x56,0x08,0x0A,0x0F,
	0x98,0x04,0xC5,0x81,0x61,0x80,0x98,0x0A,0x0F,0x9B,0x56,
	0x08,0x0C,0x11,0x83,0x37,0x05,0x83,0x48,0x0B,0x9B,0x55,
	0x08,0x0A,0x0F,0x83,0x53,0x08,0x80,0x80,0x98,0x0A,0x0F,
	0x83,0x51,0x08,0x93,0x53,0x01,0x37,0x83,0x2B,0x03,0x56,
	0x08,0x20,0x0A,0x0F,0x83,0x4C,0x08,0x98,0x0C,0x0A,0x81,
	0x61,0x98,0x0A,0x0F,0x80,0x93,0x53,0x03,0x35,0x83,0x2B,
	0x03,0x9B,0x4E,0x08,0x0A,0x0F,0x83,0x4A,0x08,0x98,0x0C,
	0x0A,0x81,0x61,0x98,0x0A,0x0F,0x80,0x09,0x00,0x00,0x00,
	0x00,0x40,0x00,0xBC,0x02,0x83,0x36,0x05,0x83,0x4E,0x0A,
	0x80,0x83,0x4C,0x08,0x80,0x80,0x80,0x80,0x93,0x51,0x03,
	0x59,0x83,0x2A,0x03,0x83,0x48,0x0B,0x83,0x45,0x08,0x98,
	0x0C,0x0A,0x80,0x80,0x80,0x83,0x2A,0x01,0x83,0x4E,0x0A,
	0x9B,0x53,0x08,0x0A,0x0F,0x9B,0x4C,0x08,0x0C,0x11,0x81,
	0x61,0x80,0x98,0x0A,0x0F,0x80,0x83,0x36,0x05,0x83,0x48,
	0x0B,0x93,0x4A,0x01,0x49,0x83,0x4A,0x08,0x81,0x61,0x80,
	0x98,0x0C,0x04,0x80,0x93,0x51,0x02,0x59,0x83,0x41,0x09,
	0x9B,0x49,0x08,0x0A,0x0F,0x98,0x04,0xC3,0x98,0x0C,0x0A,
	0x80,0x98,0x0A,0x0F,0x98,0x04,0xC2,0x83,0x2A,0x05,0x83,
	0x48,0x0B,0x9B,0x51,0x08,0x0A,0x0F,0x99,0x4C,0x03,0xFF,
	0x80,0x80,0x98,0x0A,0x0F,0x99,0x4A,0x03,0xFF,0x83,0x36,
	0x02,0x83,0x48,0x0B,0x93,0x4A,0x01,0x49,0x83,0x49,0x08,
	0x80,0x80,0x98,0x0C,0x04,0x80,0x93,0x51,0x01,0x59,0x83,
	0x4E,0x0A,0x9B,0x4A,0x08,0x0A,0x0F,0x98,0x0C,0x11,0x90,
	0x59,0x81,0x61,0x98,0x0A,0x0F,0x99,0x3D,0x03,0x55,0x90,
	0x59,0x83,0x2A,0x03,0x80,0x83,0x4A,0x08,0x98,0x0C,0x0A,
	0x81,0x61,0x80,0x80,0x83,0x36,0x05,0x83,0x48,0x0B,0x9B,
	0x45,0x08,0x0A,0x0F,0x83,0x4C,0x08,0x80,0x80,0x98,0x0A,
	0x0F,0x99,0x4A,0x0C,0x11,0x93,0x51,0x06,0x59,0x83,0x4E,
	0x0A,0x9B,0x4A,0x08,0x0A,0x0F,0x83,0x51,0x08,0x90,0x59,
	0x80,0x98,0x0A,0x0F,0x99,0x53,0x03,0xFF,0x90,0x59,0x83,
	0x2A,0x03,0x93,0x4C,0x08,0x49,0x99,0x51,0x03,0xFF,0x98,
	0x0C,0x0A,0x80,0x98,0x0C,0x04,0x98,0x04,0xC1,0x83,0x2A,
	0x01,0x83,0x41,0x09,0x9B,0x53,0x08,0x0A,0x0F,0x98,0x04,
	0xC2,0x81,0x61,0x80,0x98,0x0A,0x0F,0x99,0x45,0x03,0x44,
	0x83,0x36,0x06,0x83,0x48,0x0B,0x9B,0x51,0x08,0x0A,0x0F,
	0x83,0x4E,0x08,0x80,0x80,0x98,0x0A,0x0F,0x80,0x93,0x51,
	0x03,0x59,0x83,0x2A,0x03,0x9B,0x4A,0x08,0x0A,0x0F,0x83,
	0x4C,0x08,0x98,0x0C,0x0A,0x81,0x61,0x98,0x0A,0x0F,0x9B,
	0x4E,0x08,0x0C,0x11,0x93,0x51,0x05,0x59,0x83,0x2A,0x03,
	0x9B,0x4C,0x08,0x0A,0x0F,0x83,0x51,0x08,0x98,0x0C,0x0A,
	0x81,0x61,0x98,0x0A,0x0F,0x80,0x83,0x2B,0x06,0x83,0x4E,
	0x0A,0x80,0x83,0x53,0x08,0x80,0x80,0x80,0x80,0x93,0x53,
	0x05,0x37,0x83,0x2B,0x03,0x83,0x48,0x0B,0x83,0x51,0x08,
	0x98,0x0C,0x0A,0x80,0x80,0x9B,0x53,0x08,0x0C,0x11,0x83,
	0x2B,0x02,0x83,0x4E,0x0A,0x9B,0x53,0x08,0x0A,0x0F,0x83,
	0x4A,0x08,0x81,0x61,0x80,0x98,0x0A,0x0F,0x9B,0x51,0x08,
	0x0C,0x11,0x83,0x37,0x01,0x83,0x48,0x0B,0x93,0x4A,0x01,
	0x49,0x83,0x51,0x08,0x81,0x61,0x80,0x98,0x0C,0x04,0x80,
	0x93,0x53,0x03,0x37,0x83,0x41,0x09,0x9B,0x51,0x08,0x0A,
	0x0F,0x83,0x4A,0x08,0x98,0x0C,0x0A,0x80,0x98,0x0A,0x0F,
	0x9B,0x51,0x08,0x0C,0x11,0x83,0x2B,0x05,0x83,0x48,0x0B,
	0x9B,0x53,0x08,0x0A,0x0F,0x83,0x51,0x08,0x80,0x80,0x98,
	0x0A,0x0F,0x80,0x83,0x37,0x06,0x83,0x48,0x0B,0x93,0x4A,
	0x01,0x49,0x83,0x53,0x08,0x80,0x80,0x98,0x0C,0x04,0x80,
	0x93,0x51,0x02,0x25,0x83,0x4E,0x0A,0x9B,0x47,0x08,0x0A,
	0x0F,0x83,0x4A,0x08,0x90,0x25,0x80,0x98,0x0A,0x0F,0x9B,
	0x53,0x08,0x0C,0x11,0x90,0x47,0x83,0x2D,0x03,0x80,0x83,
	0x4C,0x08,0x98,0x0C,0x0A,0x80,0x80,0x80,0x83,0x2D,0x06,
	0x83,0x48,0x0B,0x9B,0x47,0x08,0x0A,0x0F,0x83,0x45,0x08,
	0x80,0x80,0x98,0x0A,0x0F,0x80,0x93,0x51,0x03,0x47,0x83,
	0x4E,0x0A,0x9B,0x53,0x08,0x0A,0x0F,0x9B,0x4C,0x08,0x0C,
	0x11,0x90,0x47,0x80,0x98,0x0A,0x0F,0x80,0x90,0x47,0x83,
	0x39,0x03,0x93,0x4A,0x01,0x49,0x83,0x4A,0x08,0x98,0x0C,
	0x0A,0x81,0x61,0x98,0x0C,0x04,0x80,0x83,0x2D,0x01,0x83,
	0x41,0x09,0x9B,0x56,0x08,0x0A,0x0F,0x9B,0x4C,0x08,0x0C,
	0x11,0x81,0x61,0x80,0x98,0x0A,0x0F,0x80,0x83,0x39,0x08,
	0x83,0x48,0x0B,0x9B,0x55,0x08,0x0A,0x0F,0x83,0x49,0x08,
	0x80,0x80,0x98,0x0A,0x0F,0x83,0x4A,0x08,0x93,0x51,0x01,
	0x47,0x83,0x2D,0x03,0x56,0x08,0x20,0x0A,0x0F,0x83,0x45,
	0x08,0x98,0x0C,0x0A,0x81,0x61,0x98,0x0A,0x0F,0x80,0x93,
	0x51,0x06,0x47,0x83,0x2D,0x03,0x9B,0x53,0x08,0x0A,0x0F,
	0x83,0x42,0x08,0x98,0x0C,0x0A,0x81,0x61,0x98,0x0A,0x0F,
	0x80,0x09,0x00,0x00,0x00,0x00,0x40,0x00,0xAD,0x02,0x83,
	0x2B,0x02,0x83,0x4E,0x0A,0x9B,0x4E,0x08,0x0A,0x0F,0x83,
	0x4E,0x08,0x80,0x80,0x98,0x0A,0x0F,0x80,0x93,0x4F,0x05,
	0x47,0x83,0x2B,0x02,0x83,0x48,0x0B,0x9B,0x4A,0x08,0x0C,
	0x14,0x98,0x0C,0x0A,0x80,0x80,0x80,0x83,0x37,0x02,0x83,
	0x4E,0x0A,0x9B,0x53,0x08,0x0A,0x0F,0x9B,0x4E,0x08,0x0C,
	0x14,0x81,0x61,0x80,0x98,0x0A,0x0F,0x80,0x83,0x2B,0x02,
	0x83,0x48,0x0B,0x93,0x4A,0x01,0x49,0x83,0x47,0x08,0x81,
	0x61,0x80,0x98,0x0C,0x04,0x80,0x93,0x4F,0x03,0x47,0x83,
	0x41,0x09,0x9B,0x51,0x08,0x0A,0x0F,0x9B,0x4A,0x08,0x0C,
	0x15,0x98,0x0C,0x0A,0x80,0x98,0x0A,0x0F,0x80,0x83,0x34,
	0x02,0x83,0x48,0x0B,0x9B,0x53,0x08,0x0A,0x0F,0x9B,0x47,
	0x08,0x0C,0x15,0x80,0x80,0x98,0x0A,0x0F,0x80,0x83,0x36,
	0x02,0x83,0x48,0x0B,0x93,0x4A,0x01,0x49,0x83,0x47,0x08,
	0x80,0x80,0x98,0x0C,0x04,0x80,0x93,0x4F,0x06,0x47,0x83,
	0x4E,0x0A,0x9B,0x47,0x08,0x0A,0x0F,0x83,0x4A,0x08,0x90,
	0x47,0x80,0x98,0x0A,0x0F,0x80,0x83,0x2B,0x02,0x83,0x48,
	0x0B,0x80,0x83,0x4E,0x08,0x80,0x80,0x80,0x80,0x80,0x83,
	0x48,0x0B,0x9B,0x47,0x08,0x0A,0x0F,0x9B,0x4A,0x08,0x0C,
	0x15,0x80,0x80,0x98,0x0A,0x0F,0x80,0x93,0x4F,0x03,0x47,
	0x83,0x4E,0x0A,0x9B,0x53,0x08,0x0A,0x0F,0x83,0x47,0x08,
	0x90,0x47,0x80,0x98,0x0A,0x0F,0x80,0x83,0x2B,0x02,0x83,
	0x48,0x0B,0x93,0x4A,0x01,0x49,0x9B,0x4A,0x08,0x0C,0x15,
	0x80,0x81,0x61,0x98,0x0C,0x04,0x80,0x83,0x2B,0x02,0x83,
	0x41,0x09,0x9B,0x51,0x08,0x0A,0x0F,0x83,0x4E,0x08,0x81,
	0x61,0x80,0x98,0x0A,0x0F,0x80,0x83,0x32,0x02,0x83,0x48,
	0x0B,0x9B,0x53,0x08,0x0A,0x0F,0x9B,0x4A,0x08,0x0C,0x15,
	0x80,0x80,0x98,0x0A,0x0F,0x80,0x93,0x53,0x01,0x37,0x83,
	0x34,0x02,0x9B,0x56,0x08,0x0A,0x0F,0x83,0x47,0x08,0x98,
	0x0C,0x0A,0x81,0x61,0x98,0x0A,0x0F,0x80,0x93,0x53,0x03,
	0x35,0x83,0x37,0x02,0x9B,0x53,0x08,0x0A,0x0F,0x9B,0x4A,
	0x08,0x0C,0x15,0x98,0x0C,0x0A,0x81,0x61,0x98,0x0A,0x0F,
	0x80,0x83,0x2D,0x02,0x83,0x4E,0x0A,0x9B,0x4E,0x08,0x0A,
	0x0F,0x83,0x45,0x08,0x80,0x80,0x98,0x0A,0x0F,0x80,0x93,
	0x51,0x06,0x47,0x83,0x2D,0x02,0x83,0x48,0x0B,0x9B,0x47,
	0x08,0x0C,0x15,0x98,0x0C,0x0A,0x80,0x80,0x80,0x83,0x39,
	0x02,0x83,0x4E,0x0A,0x9B,0x53,0x08,0x0A,0x0F,0x9B,0x45,
	0x08,0x0C,0x15,0x81,0x61,0x80,0x98,0x0A,0x0F,0x80,0x83,
	0x2D,0x02,0x83,0x48,0x0B,0x93,0x4A,0x01,0x49,0x83,0x51,
	0x08,0x81,0x61,0x80,0x98,0x0C,0x04,0x80,0x93,0x51,0x05,
	0x47,0x83,0x41,0x09,0x9B,0x51,0x08,0x0A,0x0F,0x9B,0x4E,
	0x08,0x0C,0x16,0x98,0x0C,0x0A,0x80,0x98,0x0A,0x0F,0x80,
	0x83,0x34,0x02,0x83,0x48,0x0B,0x9B,0x53,0x08,0x0A,0x0F,
	0x9B,0x51,0x08,0x0C,0x16,0x80,0x80,0x98,0x0A,0x0F,0x80,
	0x83,0x36,0x02,0x83,0x48,0x0B,0x93,0x4A,0x01,0x49,0x83,
	0x4E,0x08,0x80,0x80,0x98,0x0C,0x04,0x80,0x93,0x51,0x05,
	0x47,0x83,0x4E,0x0A,0x9B,0x47,0x08,0x0A,0x0F,0x83,0x4C,
	0x08,0x90,0x47,0x81,0x61,0x98,0x0A,0x0F,0x80,0x9B,0x2D,
	0x02,0x0A,0x06,0x83,0x48,0x0B,0x80,0x83,0x51,0x08,0x89,
	0x61,0x0A,0x80,0x80,0x80,0x83,0x2D,0x02,0x83,0x48,0x0B,
	0x9B,0x47,0x08,0x0A,0x0F,0x9B,0x4E,0x08,0x0C,0x15,0x80,
	0x80,0x98,0x0A,0x0F,0x80,0x93,0x51,0x05,0x47,0x83,0x4E,
	0x0A,0x9B,0x53,0x08,0x0A,0x0F,0x83,0x4E,0x08,0x90,0x47,
	0x80,0x98,0x0A,0x0F,0x80,0x83,0x2D,0x02,0x83,0x48,0x0B,
	0x93,0x4A,0x01,0x49,0x9B,0x51,0x08,0x0C,0x15,0x80,0x80,
	0x98,0x0C,0x04,0x80,0x80,0x83,0x41,0x09,0x9B,0x51,0x08,
	0x0A,0x0F,0x83,0x51,0x08,0x80,0x80,0x98,0x0A,0x0F,0x80,
	0x83,0x34,0x02,0x83,0x48,0x0B,0x9B,0x53,0x08,0x0A,0x0F,
	0x9B,0x4E,0x08,0x0C,0x15,0x80,0x80,0x98,0x0A,0x0F,0x80,
	0x93,0x51,0x05,0x47,0x83,0x36,0x02,0x9B,0x56,0x08,0x0A,
	0x0F,0x83,0x4E,0x08,0x98,0x0C,0x0A,0x80,0x98,0x0A,0x0F,
	0x80,0x93,0x51,0x05,0x47,0x83,0x39,0x02,0x9B,0x53,0x08,
	0x0A,0x0F,0x82,0x08,0x98,0x0C,0x0A,0x81,0x61,0x98,0x0A,
	0x0F,0x80,0x07,0x01,0x00,0x00,0x44,0x75,0x62,0x6D,0x6F,
	0x6F,0x64,0x20,0x2F,0x20,0x52,0x61,0x7A,0x6F,0x72,0x20,
	0x31,0x39,0x31,0x31,0x00,0x00,0x17,0x01,0x00,0x28,0x00,
	0x00,0x00,0x00,0x00,0x00,0x00,0x00,0x00,0x00,0x00,0x00,
	0x00,0x00,0x00,0x00,0x00,0x00,0x00,0x00,0x00,0x00,0x00,
	0x00,0x00,0x00,0x00,0x00,0x00,0x00,0x00,0x00,0x00,0x00,
	0x00,0x00,0x00,0x00,0x00,0x00,0x00,0x00,0x00,0x00,0x00,
	0x00,0x00,0x00,0x00,0x00,0x00,0x00,0x00,0x00,0x00,0x00,
	0x00,0x00,0x00,0x00,0x00,0x00,0x00,0x00,0x00,0x00,0x00,
	0x00,0x00,0x00,0x00,0x00,0x00,0x00,0x00,0x00,0x00,0x00,
	0x00,0x00,0x00,0x00,0x00,0x00,0x00,0x00,0x00,0x00,0x00,
	0x00,0x00,0x00,0x00,0x00,0x00,0x00,0x00,0x00,0x00,0x00,
	0x00,0x20,0x00,0x28,0x00,0x20,0x00,0x50,0x00,0x20,0x00,
	0x78,0x00,0x20,0x00,0xA0,0x00,0x20,0x00,0xA0,0x00,0x58,
	0x00,0x00,0x01,0x60,0x00,0x00,0x01,0x60,0x00,0x00,0x01,
	0x64,0x00,0x00,0x01,0x64,0x00,0x00,0x01,0x68,0x00,0x00,
	0x01,0x68,0x00,0x00,0x00,0x20,0x00,0x28,0x00,0x20,0x00,
	0x50,0x00,0x20,0x00,0x78,0x00,0x20,0x00,0xA0,0x00,0x20,
	0x00,0x30,0xB1,0x65,0x00,0x00,0xB2,0x00,0x00,0x00,0xB2,
	0x00,0x00,0x00,0xB2,0x00,0x00,0x00,0xB2,0x00,0x00,0x00,
	0xB2,0x00,0x00,0x00,0xB2,0x00,0x00,0x05,0x05,0x00,0x00,
	0x00,0x00,0x00,0x00,0x00,0x00,0x00,0x00,0x00,0x00,0xFF,
	0x0F,0x00,0x00,0x00,0x00,0x00,0x00,0x00,0x00,0x00,0x00,
	0x00,0x00,0x00,0x00,0x00,0x00,0x00,0x00,0x00,0x00,0x00,
	0x00,0x7C,0x00,0x00,0x00,0x02,0x00,0x00,0x00,0x7A,0x00,
	0x00,0x00,0x25,0x00,0x01,0x80,0x00,0x00,0x20,0x20,0x20,
	0x20,0x20,0x20,0x20,0x20,0x20,0x20,0x20,0x20,0x20,0x20,
	0x20,0x20,0x20,0x20,0x20,0x20,0x20,0x20,0x00,0x00,0x00,
	0x00,0x00,0x00,0x00,0x00,0x00,0x00,0x00,0x00,0x00,0xF1,
	0x00,0xF9,0xFF,0xFF,0xFE,0x0F,0x02,0x01,0x01,0x02,0x02,
	0x04,0x03,0x01,0x01,0x02,0x02,0x02,0x01,0x01,0x01,0x01,
	0x03,0x02,0x02,0x00,0x01,0x01,0x00,0x01,0x02,0x01,0x01,
	0x01,0x01,0x00,0x00,0x06,0x00,0x00,0x00,0x00,0x01,0x01,
	0x01,0x02,0x01,0x01,0x02,0x01,0x01,0x00,0x01,0x00,0x01,
	0x01,0x00,0x01,0x00,0x01,0x00,0x02,0x00,0x01,0x00,0x01,
	0x00,0x01,0x00,0x01,0x00,0x00,0x00,0x01,0x00,0x00,0x01,
	0x00,0x00,0x01,0x00,0x00,0x00,0x00,0x00,0x00,0x00,0x00,
	0x00,0x00,0xFD,0xFF,0xFF,0xFF,0xFF,0xFD,0xA8,0xFF,0xFD,
	0xFF,0xFE,0xFE,0xFF,0xFF,0xFE,0xFE,0xFF,0xFF,0xFF,0x00,
	0x07,0x01,0x00,0x00,0x41,0x6E,0x6F,0x74,0x68,0x65,0x72,
	0x20,0x57,0x4F,0x54,0x57,0x20,0x63,0x6F,0x76,0x65,0x72,
	0x00,0x00,0x00,0x00,0x17,0x01,0x00,0x28,0x00,0x00,0x00,
	0x00,0x00,0x00,0x00,0x00,0x00,0x00,0x00,0x00,0x00,0x00,
	0x00,0x00,0x00,0x00,0x00,0x00,0x00,0x00,0x00,0x00,0x00,
	0x00,0x00,0x00,0x00,0x00,0x00,0x00,0x00,0x00,0x00,0x00,
	0x00,0x00,0x00,0x00,0x00,0x00,0x00,0x00,0x00,0x00,0x00,
	0x00,0x00,0x00,0x00,0x00,0x00,0x00,0x00,0x00,0x00,0x00,
	0x00,0x00,0x00,0x00,0x00,0x00,0x00,0x00,0x00,0x00,0x00,
	0x00,0x00,0x00,0x00,0x00,0x00,0x00,0x00,0x00,0x00,0x00,
	0x00,0x00,0x00,0x00,0x00,0x00,0x00,0x00,0x00,0x00,0x00,
	0x00,0x00,0x00,0x00,0x00,0x00,0x00,0x00,0x00,0x00,0x20,
	0x00,0x28,0x00,0x20,0x00,0x50,0x00,0x20,0x00,0x78,0x00,
	0x20,0x00,0xA0,0x00,0x20,0x00,0xA0,0x00,0x80,0x00,0x0D,
	0x01,0x81,0x00,0x00,0x02,0x80,0x00,0x00,0x02,0x80,0x00,
	0x0E,0x02,0x81,0x00,0x00,0x03,0x80,0x00,0x00,0x03,0x80,
	0x00,0x00,0x00,0x20,0x00,0x28,0x00,0x20,0x00,0x50,0x00,
	0x20,0x00,0x78,0x00,0x20,0x00,0xA0,0x00,0x20,0x00,0x08,
	0xB0,0x65,0x00,0x00,0xB1,0x00,0x00,0x00,0xB1,0x00,0x00,
	0x00,0xB1,0x00,0x00,0x00,0xB1,0x00,0x00,0x00,0xB1,0x00,
	0x00,0x00,0xB1,0x00,0x00,0x05,0x05,0x00,0x00,0x00,0x00,
	0x00,0x00,0x00,0x00,0x00,0x00,0x00,0x00,0x00,0x00,0x00,
	0x00,0x00,0x00,0x00,0x00,0x00,0x00,0x00,0x00,0x00,0x00,
	0x00,0x00,0x00,0x00,0x00,0x00,0x00,0x00,0x00,0x00,0x7C,
	0x00,0x00,0x00,0x02,0x00,0x00,0x00,0x7A,0x00,0x00,0x00,
	0x40,0x00,0x01,0x6D,0x00,0x00,0x20,0x20,0x20,0x20,0x20,
	0x20,0x20,0x20,0x20,0x20,0x20,0x20,0x20,0x20,0x20,0x20,
	0x20,0x20,0x20,0x20,0x20,0x20,0x00,0x00,0x00,0x00,0x00,
	0x00,0x00,0x00,0x00,0x00,0x00,0x00,0x00,0xF1,0x00,0xF9,
	0xFF,0xFF,0xFE,0x0F,0x02,0x01,0x01,0x02,0x02,0x04,0x03,
	0x01,0x01,0x02,0x02,0x02,0x01,0x01,0x01,0x01,0x03,0x02,
	0x02,0x00,0x01,0x01,0x00,0x01,0x02,0x01,0x01,0x01,0x01,
	0x00,0x00,0x06,0x00,0x00,0x00,0x00,0x01,0x01,0x01,0x02,
	0x01,0x01,0x02,0x01,0x01,0x00,0x01,0x00,0x01,0x01,0x00,
	0x01,0x00,0x01,0x00,0x02,0x00,0x01,0x00,0x01,0x00,0x01,
	0x00,0x01,0x00,0x00,0x00,0x01,0x00,0x00,0x01,0x00,0x00,
	0x01,0x00,0x00,0x00,0x00,0x00,0x00,0x00,0x00,0x00,0x00,
	0xFD,0xFF,0xFF,0xFF,0xFF,0xFD,0xA8,0xFF,0xFD,0xFF,0xFE,
	0xFE,0xFF,0xFF,0xFE,0xFE,0xFF,0xFF,0xFF,0x00,0x07,0x01,
	0x00,0x00,0x46,0x6F,0x72,0x20,0x41,0x6E,0x6F,0x74,0x68,
	0x65,0x72,0x20,0x52,0x7A,0x72,0x20,0x69,0x6E,0x74,0x72,
	0x6F,0x00,0x17,0x01,0x00,0x28,0x00,0x00,0x00,0x00,0x00,
	0x00,0x00,0x00,0x00,0x00,0x00,0x00,0x00,0x00,0x00,0x00,
	0x00,0x00,0x00,0x00,0x00,0x00,0x00,0x00,0x00,0x00,0x00,
	0x00,0x00,0x00,0x00,0x00,0x00,0x00,0x00,0x00,0x00,0x00,
	0x00,0x00,0x00,0x00,0x00,0x00,0x00,0x00,0x00,0x00,0x00,
	0x00,0x00,0x00,0x00,0x00,0x00,0x00,0x00,0x00,0x00,0x00,
	0x00,0x00,0x00,0x00,0x00,0x00,0x00,0x00,0x00,0x00,0x00,
	0x00,0x00,0x00,0x00,0x00,0x00,0x00,0x00,0x00,0x00,0x00,
	0x00,0x00,0x00,0x00,0x00,0x00,0x00,0x00,0x00,0x00,0x00,
	0x00,0x00,0x00,0x00,0x00,0x00,0x00,0x00,0x20,0x00,0x28,
	0x00,0x20,0x00,0x50,0x00,0x20,0x00,0x78,0x00,0x20,0x00,
	0xA0,0x00,0x20,0x00,0xA0,0x00,0x80,0x00,0x0D,0x01,0x00,
	0x00,0x00,0x02,0x81,0x00,0x00,0x02,0x80,0x00,0x0E,0x02,
	0x00,0x00,0x00,0x03,0x81,0x00,0x00,0x03,0x80,0x00,0x00,
	0x00,0x20,0x00,0x28,0x00,0x20,0x00,0x50,0x00,0x20,0x00,
	0x78,0x00,0x20,0x00,0xA0,0x00,0x20,0x00,0xA0,0x00,0xD0,
	0x00,0x00,0x01,0xE0,0x00,0x00,0x01,0xE8,0x00,0x00,0x01,
	0xF0,0x00,0x00,0x01,0xF8,0x00,0x00,0x01,0x00,0x00,0x00,
	0x01,0x00,0x00,0x05,0x05,0x00,0x00,0x00,0x00,0x00,0x00,
	0x00,0x00,0x00,0x00,0x00,0x00,0x00,0x00,0x00,0x00,0x00,
	0x00,0x00,0x00,0x00,0x00,0x00,0x00,0x00,0x00,0x00,0x00,
	0x00,0x00,0x00,0x00,0x00,0x00,0x00,0x00,0x7C,0x00,0x00,
	0x00,0x02,0x00,0x00,0x00,0x7A,0x00,0x00,0x00,0x40,0x00,
	0x01,0xAD,0x00,0x00,0x20,0x20,0x20,0x20,0x20,0x20,0x20,
	0x20,0x20,0x20,0x20,0x20,0x20,0x20,0x20,0x20,0x20,0x20,
	0x20,0x20,0x20,0x20,0x00,0x00,0x00,0x00,0x00,0x00,0x00,
	0x00,0x00,0x00,0x00,0x00,0x00,0x00,0x00,0x00,0x00,0xF1,
	0x00,0xF9,0xFF,0xFF,0xFE,0x0F,0x02,0x01,0x01,0x02,0x02,
	0x04,0x03,0x01,0x01,0x02,0x02,0x02,0x01,0x01,0x01,0x01,
	0x03,0x02,0x02,0x00,0x01,0x01,0x00,0x01,0x02,0x01,0x01,
	0x01,0x01,0x00,0x00,0x06,0x00,0x00,0x00,0x00,0x01,0x01,
	0x01,0x02,0x01,0x01,0x02,0x01,0x01,0x00,0x01,0x00,0x01,
	0x01,0x00,0x01,0x00,0x01,0x00,0x02,0x00,0x01,0x00,0x01,
	0x00,0x01,0x00,0x01,0x00,0x00,0x00,0x01,0x00,0x00,0x01,
	0x00,0x00,0x01,0x00,0x00,0x00,0x00,0x00,0x00,0x00,0x00,
	0x00,0x00,0xFD,0xFF,0xFF,0xFF,0xFF,0xFD,0xA8,0xFF,0xFD,
	0xFF,0xFE,0xFE,0xFF,0xFF,0xFE,0x00,0x07,0x01,0x00,0x00,
	0x4E,0x69,0x67,0x68,0x74,0x62,0x65,0x61,0x74,0x20,0x77,
	0x61,0x73,0x20,0x61,0x6C,0x73,0x6F,0x00,0x00,0x00,0x00,
	0x17,0x01,0x00,0x28,0x00,0x00,0x00,0x00,0x00,0x00,0x00,
	0x00,0x00,0x00,0x00,0x00,0x00,0x00,0x00,0x00,0x00,0x00,
	0x00,0x00,0x00,0x00,0x00,0x00,0x00,0x00,0x00,0x00,0x00,
	0x00,0x00,0x00,0x00,0x00,0x00,0x00,0x00,0x00,0x00,0x00,
	0x00,0x00,0x00,0x00,0x00,0x00,0x00,0x00,0x00,0x00,0x00,
	0x00,0x00,0x00,0x00,0x00,0x00,0x00,0x00,0x00,0x00,0x00,
	0x00,0x00,0x00,0x00,0x00,0x00,0x00,0x00,0x00,0x00,0x00,
	0x00,0x00,0x00,0x00,0x00,0x00,0x00,0x00,0x00,0x00,0x00,
	0x00,0x00,0x00,0x00,0x00,0x00,0x00,0x00,0x00,0x00,0x00,
	0x00,0x00,0x00,0x00,0x00,0x00,0x20,0x00,0x28,0x00,0x20,
	0x00,0x50,0x00,0x20,0x00,0x78,0x00,0x20,0x00,0xA0,0x00,
	0x20,0x00,0xA0,0x00,0x81,0x00,0x00,0x01,0x80,0x00,0x81,
	0x01,0x00,0x00,0x80,0x02,0x81,0x00,0x00,0x03,0x80,0x00,
	0x81,0x03,0x00,0x00,0x80,0x04,0x81,0x00,0x00,0x00,0x20,
	0x00,0x28,0x00,0x20,0x00,0x50,0x00,0x20,0x00,0x78,0x00,
	0x20,0x00,0xA0,0x00,0x20,0x00,0xA0,0x00,0x81,0x00,0x00,
	0x01,0x80,0x00,0x81,0x01,0x00,0x00,0x80,0x02,0x81,0x00,
	0x00,0x03,0x80,0x00,0x81,0x03,0x00,0x00,0x80,0x04,0x81,
	0x00,0x05,0x05,0x00,0x00,0x00,0x00,0x00,0x00,0x00,0x00,
	0x00,0x00,0x00,0x00,0x00,0x00,0x00,0x00,0x00,0x00,0x00,
	0x00,0x00,0x00,0x00,0x00,0x00,0x00,0x00,0x00,0x00,0x00,
	0x00,0x00,0x00,0x00,0x00,0x00,0x7C,0x00,0x00,0x00,0x02,
	0x00,0x00,0x00,0x7A,0x00,0x00,0x00,0x40,0x00,0x01,0xF2,
	0x00,0x00,0x20,0x20,0x20,0x20,0x20,0x20,0x20,0x20,0x20,
	0x20,0x20,0x20,0x20,0x20,0x20,0x20,0x20,0x20,0x20,0x20,
	0x20,0x20,0x00,0x00,0x00,0x00,0x00,0x00,0x00,0x00,0x00,
	0x00,0x00,0x00,0xF1,0x00,0xF9,0xFF,0xFF,0xFE,0x0F,0x02,
	0x01,0x01,0x02,0x02,0x04,0x03,0x01,0x01,0x02,0x02,0x02,
	0x01,0x01,0x01,0x01,0x03,0x02,0x02,0x00,0x01,0x01,0x00,
	0x01,0x02,0x01,0x01,0x01,0x01,0x00,0x00,0x06,0x00,0x00,
	0x00,0x00,0x01,0x01,0x01,0x02,0x01,0x01,0x02,0x01,0x01,
	0x00,0x01,0x00,0x01,0x01,0x00,0x01,0x00,0x01,0x00,0x02,
	0x00,0x01,0x00,0x01,0x00,0x01,0x00,0x01,0x00,0x00,0x00,
	0x01,0x00,0x00,0x01,0x00,0x00,0x01,0x00,0x00,0x00,0x00,
	0x00,0x00,0x00,0x00,0x00,0x00,0xFD,0xFF,0xFF,0xFF,0xFF,
	0xFD,0xA8,0xFF,0xFD,0xFF,0xFE,0xFE,0xFF,0xFF,0xFE,0xFE,
	0xFF,0xFF,0xFF,0x00,0x00,0x07,0x01,0x00,0x00,0x73,0x65,
	0x65,0x6E,0x20,0x70,0x75,0x6E,0x63,0x68,0x69,0x6E,0x67,
	0x20,0x73,0x6F,0x6D,0x65,0x00,0x00,0x00,0x00,0x17,0x01,
	0x00,0x28,0x00,0x00,0x00,0x00,0x00,0x00,0x00,0x00,0x00,
	0x00,0x00,0x00,0x00,0x00,0x00,0x00,0x00,0x00,0x00,0x00,
	0x00,0x00,0x00,0x00,0x00,0x00,0x00,0x00,0x00,0x00,0x00,
	0x00,0x00,0x00,0x00,0x00,0x00,0x00,0x00,0x00,0x00,0x00,
	0x00,0x00,0x00,0x00,0x00,0x00,0x00,0x00,0x00,0x00,0x00,
	0x00,0x00,0x00,0x00,0x00,0x00,0x00,0x00,0x00,0x00,0x00,
	0x00,0x00,0x00,0x00,0x00,0x00,0x00,0x00,0x00,0x00,0x00,
	0x00,0x00,0x00,0x00,0x00,0x00,0x00,0x00,0x00,0x00,0x00,
	0x00,0x00,0x00,0x00,0x00,0x00,0x00,0x00,0x00,0x00,0x00,
	0x00,0x00,0x00,0x00,0x20,0x00,0x28,0x00,0x20,0x00,0x50,
	0x00,0x20,0x00,0x78,0x00,0x20,0x00,0xA0,0x00,0x20,0x00,
	0xA0,0x00,0x00,0x00,0x80,0x01,0x81,0x00,0x00,0x02,0x80,
	0x00,0x81,0x02,0x00,0x00,0x80,0x03,0x81,0x00,0x00,0x04,
	0x80,0x00,0x81,0x04,0x00,0x00,0x00,0x00,0x20,0x00,0x28,
	0x00,0x20,0x00,0x50,0x00,0x20,0x00,0x78,0x00,0x20,0x00,
	0xA0,0x00,0x20,0x00,0xA0,0x00,0x80,0x00,0x81,0x01,0x00,
	0x00,0x80,0x02,0x81,0x00,0x00,0x03,0x80,0x00,0x81,0x03,
	0x00,0x00,0x80,0x04,0x81,0x00,0x00,0x05,0x80,0x00,0x05,
	0x05,0x00,0x00,0x00,0x00,0x00,0x00,0x00,0x00,0x00,0x00,
	0x00,0x00,0x00,0x00,0x00,0x00,0x00,0x00,0x00,0x00,0x00,
	0x00,0x00,0x00,0x00,0x00,0x00,0x00,0x00,0x00,0x00,0x00,
	0x00,0x00,0x00,0x00,0x7C,0x00,0x00,0x00,0x02,0x00,0x00,
	0x00,0x7A,0x00,0x00,0x00,0x40,0x00,0x01,0x80,0x00,0x00,
	0x20,0x20,0x20,0x20,0x20,0x20,0x20,0x20,0x20,0x20,0x20,
	0x20,0x20,0x20,0x20,0x20,0x20,0x20,0x20,0x20,0x20,0x20,
	0x00,0x00,0x00,0x00,0x00,0x00,0x00,0x00,0x00,0x00,0x00,
	0x00,0x00,0x00,0x00,0x00,0x00,0x00,0x00,0x00,0x00,0x00,
	0x00,0x00,0xF1,0x00,0xF9,0xFF,0xFF,0xFE,0x0F,0x02,0x01,
	0x01,0x02,0x02,0x04,0x03,0x01,0x01,0x02,0x02,0x02,0x01,
	0x01,0x01,0x01,0x03,0x02,0x02,0x00,0x01,0x01,0x00,0x01,
	0x02,0x01,0x01,0x01,0x01,0x00,0x00,0x06,0x00,0x00,0x00,
	0x00,0x01,0x01,0x01,0x02,0x01,0x01,0x02,0x01,0x01,0x00,
	0x01,0x00,0x01,0x01,0x00,0x01,0x00,0x01,0x00,0x02,0x00,
	0x01,0x00,0x01,0x00,0x01,0x00,0x01,0x00,0x00,0x00,0x01,
	0x00,0x00,0x01,0x00,0x00,0x01,0x00,0x00,0x00,0x00,0x00,
	0x00,0x00,0x00,0x00,0x00,0xFD,0xFF,0xFF,0xFF,0xFF,0xFD,
	0xA8,0xFF,0x00,0x07,0x01,0x00,0x00,0x6E,0x6F,0x74,0x65,
	0x73,0x2E,0x20,0x54,0x68,0x61,0x6E,0x6B,0x73,0x20,0x74,
	0x6F,0x00,0x00,0x00,0x00,0x00,0x00,0x17,0x01,0x00,0x28,
	0x00,0x00,0x00,0x00,0x00,0x00,0x00,0x00,0x00,0x00,0x00,
	0x00,0x00,0x00,0x00,0x00,0x00,0x00,0x00,0x00,0x00,0x00,
	0x00,0x00,0x00,0x00,0x00,0x00,0x00,0x00,0x00,0x00,0x00,
	0x00,0x00,0x00,0x00,0x00,0x00,0x00,0x00,0x00,0x00,0x00,
	0x00,0x00,0x00,0x00,0x00,0x00,0x00,0x00,0x00,0x00,0x00,
	0x00,0x00,0x00,0x00,0x00,0x00,0x00,0x00,0x00,0x00,0x00,
	0x00,0x00,0x00,0x00,0x00,0x00,0x00,0x00,0x00,0x00,0x00,
	0x00,0x00,0x00,0x00,0x00,0x00,0x00,0x00,0x00,0x00,0x00,
	0x00,0x00,0x00,0x00,0x00,0x00,0x00,0x00,0x00,0x00,0x00,
	0x00,0x00,0x20,0x00,0x28,0x00,0x20,0x00,0x50,0x00,0x20,
	0x00,0x78,0x00,0x20,0x00,0xA0,0x00,0x20,0x00,0xA0,0x00,
	0x80,0x00,0x81,0x01,0x00,0x00,0x80,0x02,0x81,0x00,0x00,
	0x03,0x80,0x00,0x81,0x03,0x00,0x00,0x80,0x04,0x81,0x00,
	0x00,0x05,0x80,0x00,0x00,0x00,0x20,0x00,0x28,0x00,0x20,
	0x00,0x50,0x00,0x20,0x00,0x78,0x00,0x20,0x00,0xA0,0x00,
	0x20,0x00,0xA0,0x00,0x81,0x00,0x00,0x01,0x80,0x00,0x81,
	0x01,0x00,0x00,0x80,0x02,0x81,0x00,0x00,0x03,0x80,0x00,
	0x81,0x03,0x00,0x00,0x80,0x04,0x81,0x00,0x05,0x05,0x00,
	0x00,0x00,0x00,0x00,0x00,0x00,0x00,0x00,0x00,0x00,0x00,
	0x00,0x00,0x00,0x00,0x00,0x00,0x00,0x00,0x00,0x00,0x00,
	0x00,0x00,0x00,0x00,0x00,0x00,0x00,0x00,0x00,0x00,0x00,
	0x00,0x00,0x7A,0x00,0x00,0x00,0x00,0x00,0x00,0x00,0x7A,
	0x00,0x00,0x00,0x40,0x00,0x01,0xA6,0x00,0x00,0x20,0x20,
	0x20,0x20,0x20,0x20,0x20,0x20,0x20,0x20,0x20,0x20,0x20,
	0x20,0x20,0x20,0x20,0x20,0x20,0x20,0x20,0x20,0x00,0x00,
	0x00,0x00,0x00,0x00,0x00,0x00,0x00,0x00,0x00,0x00,0x00,
	0x00,0x00,0x00,0x00,0x00,0x00,0x00,0x00,0x00,0x00,0x00,
	0x00,0x00,0x00,0xF1,0x00,0xF9,0xFF,0xFF,0xFE,0x0F,0x02,
	0x01,0x01,0x02,0x02,0x04,0x03,0x01,0x01,0x02,0x02,0x02,
	0x01,0x01,0x01,0x01,0x03,0x02,0x02,0x00,0x01,0x01,0x00,
	0x01,0x02,0x01,0x01,0x01,0x01,0x00,0x00,0x06,0x00,0x00,
	0x00,0x00,0x01,0x01,0x01,0x02,0x01,0x01,0x02,0x01,0x01,
	0x00,0x01,0x00,0x01,0x01,0x00,0x01,0x00,0x01,0x00,0x02,
	0x00,0x01,0x00,0x01,0x00,0x01,0x00,0x01,0x00,0x00,0x00,
	0x01,0x00,0x00,0x01,0x00,0x00,0x01,0x00,0x00,0x00,0x00,
	0x00,0x00,0x00,0x00,0x00,0x00,0xFD,0xFF,0xFF,0x00,0x07,
	0x01,0x00,0x00,0x44,0x61,0x6C,0x65,0x7A,0x79,0x20,0x66,
	0x6F,0x72,0x20,0x74,0x68,0x65,0x20,0x73,0x61,0x6D,0x70,
	0x6C,0x65,0x73,0x17,0x01,0x00,0x28,0x00,0x00,0x00,0x00,
	0x00,0x00,0x00,0x00,0x00,0x00,0x00,0x00,0x00,0x00,0x00,
	0x00,0x00,0x00,0x00,0x00,0x00,0x00,0x00,0x00,0x00,0x00,
	0x00,0x00,0x00,0x00,0x00,0x00,0x00,0x00,0x00,0x00,0x00,
	0x00,0x00,0x00,0x00,0x00,0x00,0x00,0x00,0x00,0x00,0x00,
	0x00,0x00,0x00,0x00,0x00,0x00,0x00,0x00,0x00,0x00,0x00,
	0x00,0x00,0x00,0x00,0x00,0x00,0x00,0x00,0x00,0x00,0x00,
	0x00,0x00,0x00,0x00,0x00,0x00,0x00,0x00,0x00,0x00,0x00,
	0x00,0x00,0x00,0x00,0x00,0x00,0x00,0x00,0x00,0x00,0x00,
	0x00,0x00,0x00,0x00,0x00,0x00,0x00,0x00,0x00,0x20,0x00,
	0x28,0x00,0x20,0x00,0x50,0x00,0x20,0x00,0x78,0x00,0x20,
	0x00,0xA0,0x00,0x20,0x00,0xA0,0x00,0x81,0x00,0x00,0x01,
	0x80,0x00,0x81,0x01,0x00,0x00,0x80,0x02,0x81,0x00,0x00,
	0x03,0x80,0x00,0x81,0x03,0x00,0x00,0x80,0x04,0x81,0x00,
	0x00,0x00,0x20,0x00,0x28,0x00,0x20,0x00,0x50,0x00,0x20,
	0x00,0x78,0x00,0x20,0x00,0xA0,0x00,0x20,0x00,0xA0,0x00,
	0x81,0x00,0x00,0x01,0x80,0x00,0x81,0x01,0x00,0x00,0x80,
	0x02,0x81,0x00,0x00,0x03,0x80,0x00,0x81,0x03,0x00,0x00,
	0x80,0x04,0x81,0x00,0x05,0x05,0x00,0x00,0x00,0x00,0x00,
	0x00,0x00,0x00,0x00,0x00,0x00,0x00,0x00,0x00,0x00,0x00,
	0x00,0x00,0x00,0x00,0x00,0x00,0x00,0x00,0x00,0x00,0x00,
	0x00,0x00,0x00,0x00,0x00,0x00,0x00,0x00,0x00,0x00,0x00,
	0x00,0x00,0x02,0x00,0x00,0x00,0x7A,0x00,0x00,0x00,0x40,
	0x00,0x01,0x70,0x00,0x00,0x20,0x20,0x20,0x20,0x20,0x20,
	0x20,0x20,0x20,0x20,0x20,0x20,0x20,0x20,0x20,0x20,0x20,
	0x20,0x20,0x20,0x20,0x20,0x07,0x01,0x00,0x00,0x00,0x00,
	0x00,0x00,0x00,0x00,0x00,0x00,0x00,0x00,0x00,0x00,0x00,
	0x00,0x00,0x00,0x00,0x00,0x00,0x00,0x00,0x00,0x17,0x01,
	0x00,0x28,0x00,0x00,0x00,0x00,0x00,0x00,0x00,0x00,0x00,
	0x00,0x00,0x00,0x00,0x00,0x00,0x00,0x00,0x00,0x00,0x00,
	0x00,0x00,0x00,0x00,0x00,0x00,0x00,0x00,0x00,0x00,0x00,
	0x00,0x00,0x00,0x00,0x00,0x00,0x00,0x00,0x00,0x00,0x00,
	0x00,0x00,0x00,0x00,0x00,0x00,0x00,0x00,0x00,0x00,0x00,
	0x00,0x00,0x00,0x00,0x00,0x00,0x00,0x00,0x00,0x00,0x00,
	0x00,0x00,0x00,0x00,0x00,0x00,0x00,0x00,0x00,0x00,0x00,
	0x00,0x00,0x00,0x00,0x00,0x00,0x00,0x00,0x00,0x00,0x00,
	0x00,0x00,0x00,0x00,0x00,0x00,0x00,0x00,0x00,0x00,0x00,
	0x00,0x00,0x00,0x00,0x20,0x00,0x28,0x00,0x20,0x00,0x50,
	0x00,0x20,0x00,0x78,0x00,0x20,0x00,0xA0,0x00,0x20,0x00,
	0xA0,0x00,0x00,0x00,0x80,0x01,0x81,0x00,0x00,0x02,0x80,
	0x00,0x81,0x02,0x00,0x00,0x80,0x03,0x81,0x00,0x00,0x04,
	0x80,0x00,0x81,0x04,0x00,0x00,0x00,0x00,0x20,0x00,0x28,
	0x00,0x20,0x00,0x50,0x00,0x20,0x00,0x78,0x00,0x20,0x00,
	0xA0,0x00,0x20,0x00,0xA0,0x00,0x80,0x00,0x81,0x01,0x00,
	0x00,0x80,0x02,0x81,0x00,0x00,0x03,0x80,0x00,0x81,0x03,
	0x00,0x00,0x80,0x04,0x81,0x00,0x00,0x05,0x80,0x00,0x05,
	0x05,0x00,0x00,0x00,0x00,0x00,0x00,0x00,0x00,0x00,0x00,
	0x00,0x00,0x35,0x05,0x00,0x00,0x00,0x00,0x00,0x00,0x00,
	0x00,0x00,0x00,0x00,0x00,0x00,0x00,0x00,0x00,0x00,0x00,
	0x00,0x00,0x00,0x00,0x7C,0x00,0x00,0x00,0x02,0x00,0x00,
	0x00,0x7A,0x00,0x00,0x00,0x40,0x00,0x01,0x8B,0x00,0x00,
	0x20,0x20,0x20,0x20,0x20,0x20,0x20,0x20,0x20,0x20,0x20,
	0x20,0x20,0x20,0x20,0x20,0x20,0x20,0x20,0x20,0x20,0x20,
	0x00,0x00,0x00,0x00,0x00,0x00,0x00,0x00,0x00,0x00,0x00,
	0x00,0x00,0x00,0x00,0x00,0x00,0x00,0x00,0x00,0x00,0x00,
	0x00,0x00,0x00,0x00,0x00,0x00,0x00,0x00,0x00,0x00,0x00,
	0x00,0x00,0x00,0x00,0xF1,0x00,0xF9,0xFF,0xFF,0xFE,0x0F,
	0x02,0x01,0x01,0x02,0x02,0x04,0x03,0x01,0x01,0x02,0x02,
	0x02,0x01,0x01,0x01,0x01,0x03,0x02,0x02,0x00,0x01,0x01,
	0x00,0x01,0x02,0x01,0x01,0x01,0x01,0x00,0x00,0x06,0x00,
	0x00,0x00,0x00,0x01,0x01,0x01,0x02,0x01,0x01,0x02,0x01,
	0x01,0x00,0x01,0x00,0x01,0x01,0x00,0x01,0x00,0x01,0x00,
	0x02,0x00,0x01,0x00,0x01,0x00,0x01,0x00,0x01,0x00,0x00,
	0x00,0x01,0x00,0x00,0x01,0x00,0x00,0x01,0x00,0x00,0x00,
	0x00,0x00,0x00,0x07,0x01,0x00,0x00,0x00,0x00,0x00,0x00,
	0x00,0x00,0x00,0x00,0x00,0x00,0x00,0x00,0x00,0x00,0x00,
	0x00,0x00,0x00,0x00,0x00,0x00,0x00,0x17,0x01,0x00,0x28,
	0x00,0x00,0x00,0x00,0x00,0x00,0x00,0x00,0x00,0x00,0x00,
	0x00,0x00,0x00,0x00,0x00,0x00,0x00,0x00,0x00,0x00,0x00,
	0x00,0x00,0x00,0x00,0x00,0x00,0x00,0x00,0x00,0x00,0x00,
	0x00,0x00,0x00,0x00,0x00,0x00,0x00,0x00,0x00,0x00,0x00,
	0x00,0x00,0x00,0x00,0x00,0x00,0x00,0x00,0x00,0x00,0x00,
	0x00,0x00,0x00,0x00,0x00,0x00,0x00,0x00,0x00,0x00,0x00,
	0x00,0x00,0x00,0x00,0x00,0x00,0x00,0x00,0x00,0x00,0x00,
	0x00,0x00,0x00,0x00,0x00,0x00,0x00,0x00,0x00,0x00,0x00,
	0x00,0x00,0x00,0x00,0x00,0x00,0x00,0x00,0x00,0x00,0x00,
	0x00,0x00,0x30,0x00,0x04,0x00,0x40,0x00,0x08,0x00,0x2C,
	0x00,0x0E,0x00,0x08,0x00,0x18,0x00,0x16,0x00,0x20,0x00,
	0x08,0x00,0x81,0x00,0x00,0x00,0x80,0x01,0x81,0x00,0x00,
	0x02,0x80,0x00,0x81,0x02,0x00,0x00,0x80,0x03,0x81,0x00,
	0x00,0x04,0x80,0x00,0x00,0x00,0x20,0x00,0x0A,0x00,0x28,
	0x00,0x1E,0x00,0x18,0x00,0x32,0x00,0x20,0x00,0x3C,0x00,
	0x20,0x00,0x46,0x00,0x20,0x00,0x46,0x00,0x80,0x00,0x81,
	0x00,0x00,0x00,0x80,0x01,0x81,0x00,0x00,0x02,0x80,0x00,
	0x81,0x02,0x00,0x00,0x80,0x03,0x81,0x00,0x06,0x06,0x02,
	0x03,0x05,0x02,0x03,0x05,0x00,0x00,0x00,0x00,0x00,0x00,
	0x00,0x00,0x00,0x00,0x00,0x00,0x00,0x00,0x00,0x00,0x00,
	0x00,0x00,0x00,0x00,0x00,0x00,0x00,0x00,0x00,0x00,0x00,
	0x00,0x00,0x4E,0x06,0x00,0x00,0x00,0x00,0x00,0x00,0x00,
	0x00,0x00,0x00,0x40,0x00,0x00,0x80,0xFF,0x00,0x20,0x20,
	0x20,0x20,0x20,0x20,0x20,0x20,0x20,0x20,0x20,0x20,0x20,
	0x20,0x20,0x20,0x20,0x20,0x20,0x20,0x20,0x20,0x00,0x00,
	0x30,0x00,0xFA,0xF4,0xF1,0x1A,0xFD,0xF6,0xEA,0xE4,0xFF,
	0xDD,0x07,0x22,0xE4,0xD3,0xFB,0xF6,0xE9,0x1E,0xE2,0x07,
	0x29,0xE5,0xF9,0x1C,0xFF,0x2A,0x0D,0xD2,0xF1,0x0F,0x06,
	0x29,0x2E,0x3E,0x12,0xD9,0xFE,0xF4,0xEC,0x2F,0x25,0x15,
	0xE6,0xE7,0xFE,0xE0,0x0C,0x3C,0xFB,0xE0,0xD1,0x1D,0x11,
	0xF6,0xEE,0xDD,0xE6,0xFC,0x4D,0xED,0xCA,0xF7,0xF6,0x33,
	0x32,0xE4,0xD0,0x00,0x14,0x1C,0xE6,0x12,0x1B,0x23,0x02,
	0xC5,0xDE,0x2E,0x0A,0xFA,0xE5,0xDA,0xFD,0x0E,0xEC,0xF1,
	0xF3,0xFA,0xF9,0xE3,0xFA,0xFA,0xE6,0x00,0x06,0xFA,0x00,
	0x00,0x00,0x00,0x00,0x00,0x00,0x00,0x00,0x00,0x00,0x00,
	0x00,0x00,0x17,0x26,0x2D,0x28,0x2F,0x15,0xF6,0x21,0x0C,
	0xF9,0x0D,0x00,0x00,0x00,0x00,0x00,0x00,0x00,0x00,0x00,
	0x00,0x00,0x00,0x00,0x00,0x00,0x00,0x00,0x00,0x00,0x00,
	0x00,0x00,0x00,0x00,0x00,0x00,0x00,0x00,0xD7,0xC0,0xF6,
	0x1E,0xFC,0xDA,0xF9,0x10,0x12,0xF1,0xE3,0xF4,0x04,0xE9,
	0xE0,0xDC,0xF4,0x00,0x00,0x00,0x00,0x00,0x00,0x00,0x00,
	0x00,0x00,0x00,0x00,0x00,0x00,0x00,0x00,0x00,0x00,0x00,
	0x00,0x00,0x00,0x00,0x00,0x00,0x00,0x00,0x00,0x20,0x23,
	0x1D,0x20,0x0F,0x17,0x19,0x02,0x00,0x11,0xDE,0x1D,0x00,
	0xEF,0x11,0x17,0x09,0x12,0xF3,0x0D,0x00,0xFF,0x01,0x00,
	0x00,0x00,0x00,0x00,0x00,0x00,0x00,0x00,0x00,0x00,0x00,
	0x00,0x00,0x00,0x00,0x00,0x00,0x00,0x00,0x00,0x00,0x00,
	0x00,0x00,0x00,0x00,0x00,0x00,0x00,0xE8,0xDB,0xE7,0xE4,
	0xF3,0x01,0xEB,0xF7,0xF3,0xEE,0x02,0xF5,0xFF,0xFE,0xE0,
	0xF6,0x03,0xEF,0x00,0x00,0x00,0x00,0x00,0x00,0x00,0x00,
	0x00,0x00,0x00,0x00,0x00,0x00,0x00,0x00,0x00,0x00,0x00,
	0x00,0x00,0x00,0x00,0x00,0x00,0x00,0x00,0x00,0x00,0x00,
	0x00,0x00,0x00,0x00,0x00,0x07,0x1F,0x0A,0x0B,0x1F,0x06,
	0x0F,0x15,0x0F,0x0E,0x15,0xF7,0x03,0x18,0x0E,0x09,0x20,
	0x00,0x00,0x00,0x00,0x00,0x00,0x00,0x00,0x00,0x00,0x00,
	0x00,0x00,0x00,0x00,0x00,0x00,0x00,0x00,0x00,0x00,0x00,
	0x00,0xFC,0xDB,0xF7,0x08,0x03,0xE9,0xE5,0xC9,0xF1,0xEA,
	0xF0,0x00,0xE6,0xFA,0xFB,0xF1,0xFA,0x00,0x00,0x00,0x00,
	0x00,0x00,0x00,0x00,0x00,0x00,0x00,0x00,0x00,0x00,0x00,
	0x00,0x00,0x00,0x00,0x00,0x00,0x00,0x00,0x00,0x00,0x00,
	0x00,0x00,0x00,0x00,0x00,0x0E,0x10,0x0C,0x1A,0xFF,0xFA,
	0x32,0x11,0x06,0x1E,0x09,0x18,0x01,0x1A,0x15,0x0A,0x00,
	0x00,0x00,0x00,0x00,0x00,0x00,0x00,0x00,0x00,0x00,0x00,
	0x00,0x00,0x00,0x00,0x00,0x00,0x00,0x00,0x00,0x00,0x00,
	0xFF,0xE8,0xF1,0xE6,0x0C,0xFD,0x1E,0xFD,0xDF,0xE4,0xDC,
	0xC7,0xF7,0xFA,0xED,0xF9,0x04,0x03,0xFA,0x12,0x08,0xF8,
	0x0D,0xE3,0xEF,0xF5,0xFB,0x00,0x00,0x00,0x00,0x00,0x00,
	0x00,0x00,0x00,0x00,0x00,0x00,0x00,0x00,0x05,0x0F,0xEC,
	0x00,0x13,0x2B,0xF7,0x06,0x1E,0x06,0x08,0x08,0xF3,0x07,
	0x03,0x00,0x1A,0x24,0x13,0x20,0xFA,0xF2,0x0C,0x19,0x11,
	0x00,0x00,0x00,0x00,0x00,0x00,0x00,0x00,0x00,0x00,0x00,
	0x00,0x00,0x00,0x00,0x00,0x00,0x00,0x00,0x00,0x00,0x00,
	0x00,0x00,0x00,0xE9,0xF5,0xEC,0xF4,0xF0,0x03,0x08,0xE6,
	0xF4,0xE1,0xF4,0xF8,0xF7,0x03,0xDC,0xFC,0xF1,0xF2,0x03,
	0xF6,0x00,0xF3,0x00,0x00,0x00,0x00,0x00,0x00,0x00,0x00,
	0x00,0x00,0x00,0x00,0x00,0x00,0x00,0x00,0x00,0x00,0x00,
	0x00,0x00,0x00,0x00,0x00,0x1F,0x09,0xEF,0x0A,0x1A,0x0A,
	0x0A,0x13,0x13,0x14,0x21,0xFC,0x0E,0xFE,0x09,0xFD,0xFC,
	0x00,0x12,0x03,0x0C,0x1D,0x03,0x05,0x05,0x00,0x00,0x00,
	0x00,0x00,0x00,0x00,0x00,0x00,0x00,0x00,0x00,0x00,0xF2,
	0xF5,0xF1,0x06,0xF1,0xF8,0xFB,0xFC,0xF7,0xFE,0xFB,0xF7,
	0xEB,0xF7,0xF3,0xEE,0xF5,0xEB,0x06,0x03,0x06,0xE8,0xFD,
	0xFE,0xEF,0x02,0xED,0x00,0xF6,0x11,0xFB,0xEE,0xF9,0x00,
	0x00,0x00,0x05,0xFB,0x00,0x10,0xF0,0x13,0xF2,0xFB,0x00,
	0x17,0x08,0x03,0xF5,0xFC,0x0F,0x0C,0x0D,0x01,0x06,0x00,
	0x0B,0x14,0x00,0x11,0x07,0x0A,0x0A,0x00,0x06,0xFC,0xFD,
	0x24,0xF9,0x14,0x0D,0xF3,0xFB,0x23,0x0D,0xF3,0xFD,0xF6,
	0xF8,0x03,0x05,0xFC,0x00,0x00,0xF6,0x03,0x09,0x14,0x0B,
	0xFD,0xF3,0xFD,0x09,0xF7,0xEE,0xDE,0x10,0x0D,0xF3,0x04,
	0x08,0xF0,0xF9,0x00,0x09,0xEC,0xF5,0xFF,0xFA,0xED,0xF3,
	0xF6,0xF4,0x03,0xF6,0xF3,0xF9,0x14,0x01,0x03,0x0B,0xDD,
	0xFA,0xFB,0x08,0x0D,0xEC,0x07,0x03,0xFA,0x03,0xF8,0x05,
	0x00,0x10,0xFD,0x0B,0x14,0xFD,0x01,0x03,0xFD,0xFF,0x04,
	0x11,0xFF,0xFA,0x07,0xEF,0xF4,0x1D,0x00,0x00,0x06,0xF9,
	0x07,0x08,0x05,0xFE,0x00,0x05,0x06,0x09,0xFE,0x10,0x03,
	0x00,0x07,0x07,0x09,0xFD,0x0C,0x14,0x00,0x03,0xEA,0x00,
	0x0D,0x0A,0xF4,0xF7,0x00,0x00,0xEF,0xE3,0x00,0x0C,0x0A,
	0x04,0xEC,0xF7,0x09,0xF7,0xF8,0xF6,0x00,0xF7,0x04,0xFC,
	0x00,0x0C,0xFD,0xF7,0x04,0xF1,0x00,0xFA,0xED,0x02,0x03,
	0xFD,0x00,0xF0,0x05,0xFD,0x00,0xF5,0x02,0x06,0x03,0xFD,
	0xEA,0xF8,0x0A,0x01,0x13,0xF8,0x09,0xFF,0x09,0xFA,0x06,
	0x08,0xF5,0x0E,0x06,0xFA,0x01,0x17,0x07,0xEB,0x18,0x03,
	0xFE,0x08,0xF8,0x00,0x00,0x02,0x03,0xFB,0x09,0xF6,0x0C,
	0x03,0xF4,0x09,0xF4,0x03,0x06,0x01,0xFC,0x04,0xF3,0x09,
	0xFD,0xFD,0xFD,0x09,0x00,0xF7,0x04,0xFF,0x0C,0x09,0xFF,
	0xFB,0xF4,0xFE,0x09,0xF7,0x05,0x0F,0x03,0xF7,0xFD,0xFA,
	0xFD,0x09,0x0C,0xF9,0xF8,0x00,0xED,0x07,0x01,0xEA,0x07,
	0xF8,0x01,0x07,0x01,0x00,0xFC,0x04,0xF4,0xF5,0x02,0xF2,
	0x03,0x06,0x06,0xFD,0xFD,0x05,0x00,0x14,0xFD,0x0A,0xFA,
	0xF7,0x08,0xF8,0x01,0xFF,0x0E,0x09,0xF1,0x00,0x00,0x03,
	0xFD,0x0E,0x00,0xF8,0x08,0xF9,0xFA,0xFC,0x03,0xFD,0x09,
	0x01,0x07,0x09,0xFD,0x07,0xFF,0x06,0xF7,0xFB,0x02,0xFD,
	0x01,0x02,0xFB,0x03,0xFF,0x0F,0xFD,0xF5,0x10,0x07,0xF9,
	0x04,0xF5,0xF9,0xF2,0xFD,0x04,0x00,0x08,0xF2,0xFF,0x03,
	0xFE,0x0D,0xF5,0xF6,0xFF,0x08,0x01,0xF8,0x04,0xFC,0x07,
	0x00,0x06,0x08,0x00,0x00,0x0F,0xF1,0xF9,0xF9,0xF8,0x05,
	0x0A,0xFF,0x00,0x08,0x00,0xF8,0x00,0xFD,0x0E,0x03,0x09,
	0xF2,0x08,0xFA,0xFD,0x00,0xF3,0xF8,0xFD,0x0A,0x11,0xFD,
	0x00,0xEF,0x09,0x08,0xF8,0x11,0x03,0xF5,0xFF,0xF5,0x18,
	0xFC,0x0B,0x03,0xFD,0x07,0xF2,0xF9,0xFB,0xFF,0x00,0x0C,
	0x01,0xF7,0xFD,0x00,0xFF,0x01,0xFF,0xF8,0x09,0x08,0xF7,
	0x00,0x04,0x02,0x07,0x00,0x07,0xEC,0xEB,0x08,0xF8,0x04,
	0x04,0x02,0xF3,0x02,0x0B,0x0B,0xF8,0xF3,0x00,0x08,0xFC,
	0xFB,0x08,0x01,0xFF,0xF8,0xFD,0x0E,0x0B,0x00,0x04,0x05,
	0xF8,0xFF,0x00,0xF9,0xFC,0x03,0x08,0x00,0x00,0x00,0x01,
	0x03,0x0B,0x09,0xFF,0xEF,0x03,0x04,0x02,0x05,0xFB,0x03,
	0x06,0x03,0xF4,0x00,0x00,0xFD,0x03,0x05,0xFE,0x00,0xF7,
	0xFA,0xFD,0x01,0x08,0x04,0xF7,0xF4,0x08,0x00,0xF5,0x04,
	0xFA,0x0D,0x00,0x00,0xF5,0x0F,0xFC,0x00,0xF5,0xF6,0x0D,
	0xF7,0xF8,0x0B,0x03,0xFA,0x04,0xFF,0xF6,0xFF,0xFB,0x06,
	0x03,0x07,0x07,0x07,0xF3,0xF8,0x00,0xFF,0xFE,0x03,0xFC,
	0x01,0x0D,0x0B,0xF5,0x0B,0xF9,0xF2,0x0A,0xFA,0x09,0x01,
	0xFA,0x05,0xF3,0xFD,0xFA,0x06,0x07,0x00,0xFC,0x0D,0xFA,
	0xF8,0x09,0xFC,0x00,0x03,0x06,0x08,0x04,0xFC,0xF8,0x08,
	0xF8,0x08,0x00,0x01,0x03,0x09,0x00,0xF9,0x03,0xFA,0x03,
	0x03,0x06,0x03,0x05,0x06,0x00,0x0E,0x00,0xE9,0xFB,0x05,
	0x03,0x04,0x04,0xFE,0xFE,0x00,0x00,0xF7,0x02,0x04,0xF1,
	0xFD,0x06,0xF7,0x00,0xFD,0x00,0xF9,0xF5,0xFA,0xFA,0x06,
	0x02,0x01,0x07,0x00,0x03,0xED,0xFF,0xFE,0xF4,0x06,0x06,
	0x02,0x0A,0x00,0xF6,0xFC,0x04,0xF8,0x0E,0xFB,0xFF,0x06,
	0x0B,0x00,0xF8,0x01,0xFF,0x01,0x0A,0xFE,0x06,0x07,0x01,
	0x02,0x06,0x03,0x01,0xF7,0xFF,0x06,0x03,0x06,0x0B,0x00,
	0xFB,0x00,0xFA,0x00,0x02,0x03,0x0B,0x04,0xFF,0x01,0xFF,
	0xF3,0xFF,0xFD,0x04,0x07,0xFC,0x04,0x00,0xFE,0xF7,0x03,
	0xFD,0xFE,0x02,0xFE,0xFB,0xFF,0xFD,0x04,0x02,0x00,0xFE,
	0x02,0xFD,0xF7,0x01,0xFF,0xFD,0x00,0xF2,0xF6,0x03,0x07,
	0x03,0x03,0xFB,0x00,0xFB,0xFD,0xF7,0xFA,0x06,0xFB,0x04,
	0x01,0x06,0xFA,0xFF,0x00,0xFE,0x03,0xFD,0x00,0x00,0x09,
	0x02,0xFE,0x02,0xFD,0x03,0x04,0x04,0x07,0x07,0x00,0x00,
	0x03,0xFD,0x01,0x02,0xFE,0x05,0x03,0x03,0x03,0xFD,0x01,
	0x02,0x05,0x04,0xFF,0xFD,0x04,0x05,0x05,0x03,0x04,0x02,
	0x00,0xFB,0xF9,0xFC,0x00,0x02,0x08,0xFD,0xFD,0xF8,0xF6,
	0xF7,0x09,0xFF,0x03,0x03,0xFD,0xFE,0x00,0xF6,0xFD,0xF5,
	0x04,0xFF,0xFD,0x04,0xFA,0x02,0xF9,0x00,0xFD,0x00,0x00,
	0xFD,0xFF,0xF8,0x09,0x06,0xF9,0xFB,0xFB,0x00,0x00,0x00,
	0x00,0x02,0x02,0xFE,0x03,0xFF,0xFE,0xFE,0x00,0x04,0xFE,
	0x02,0x00,0x07,0xFA,0x05,0x04,0x00,0x07,0x03,0x03,0x08,
	0xF9,0x08,0xFF,0x00,0x00,0x01,0x00,0xFF,0x00,0x01,0x02,
	0x01,0x05,0x00,0x03,0xFD,0xFB,0xFF,0xFD,0x03,0x01,0x00,
	0x05,0xFD,0xFE,0xFF,0xFE,0xFF,0x00,0x00,0x03,0xFE,0x03,
	0xFF,0xFE,0x00,0x00,0xFF,0xF9,0x07,0x00,0x00,0x00,0xF9,
	0xFF,0x01,0xFC,0x00,0xFD,0xFC,0x04,0x00,0x00,0xF9,0x07,
	0xF8,0x01,0x07,0xFC,0x05,0x00,0xF8,0x08,0xF8,0xFF,0x00,
	0x00,0x04,0xFD,0x00,0x03,0xFD,0x08,0xFF,0x03,0xFE,0x00,
	0x05,0xFD,0x00,0xFD,0x00,0x07,0x00,0x07,0x00,0x00,0x00,
	0x00,0x00,0x00,0xF9,0x07,0x00,0xF8,0x00,0x01,0x07,0x03,
	0xFE,0xFF,0x00,0x00,0x00,0x01,0x03,0x02,0xFD,0x01,0x00,
	0x08,0xFD,0x00,0x03,0xFD,0xFD,0xFB,0xFF,0x01,0x02,0x01,
	0x02,0x00,0xFB,0x02,0xFD,0x01,0xFF,0x00,0x01,0x03,0x02,
	0xFE,0xFD,0xF8,0xFF,0x01,0xFF,0x00,0x08,0xF9,0x07,0x00,
	0xF9,0xFF,0xFB,0x00,0xFF,0x00,0x01,0xFF,0xFC,0xFC,0x04,
	0x05,0x00,0x00,0x02,0xF9,0x00,0x07,0x01,0x00,0x00,0x00,
	0x00,0x00,0x00,0x00,0x00,0x00,0x00,0x00,0x00,0x00,0x00,
	0x00,0x00,0x00,0x00,0x00,0x00,0x00,0x00,0x00,0x00,0x17,
	0x01,0x00,0x28,0x00,0x00,0x00,0x00,0x00,0x00,0x00,0x00,
	0x00,0x00,0x00,0x00,0x00,0x00,0x00,0x00,0x00,0x00,0x00,
	0x00,0x00,0x00,0x00,0x00,0x00,0x00,0x00,0x00,0x00,0x00,
	0x00,0x00,0x00,0x00,0x00,0x00,0x00,0x00,0x00,0x00,0x00,
	0x00,0x00,0x00,0x00,0x00,0x00,0x00,0x00,0x00,0x00,0x00,
	0x00,0x00,0x00,0x00,0x00,0x00,0x00,0x00,0x00,0x00,0x00,
	0x00,0x00,0x00,0x00,0x00,0x00,0x00,0x00,0x00,0x00,0x00,
	0x00,0x00,0x00,0x00,0x00,0x00,0x00,0x00,0x00,0x00,0x00,
	0x00,0x00,0x00,0x00,0x00,0x00,0x00,0x00,0x00,0x00,0x00,
	0x00,0x00,0x00,0x00,0x00,0x20,0x00,0x28,0x00,0x20,0x00,
	0x50,0x00,0x20,0x00,0x78,0x00,0x20,0x00,0xA0,0x00,0x20,
	0x00,0xA0,0x00,0x98,0x00,0x00,0x01,0x98,0x00,0x00,0x01,
	0x98,0x00,0x00,0x05,0x00,0x00,0x00,0x05,0x00,0x00,0x00,
	0x05,0x20,0x00,0x28,0x05,0x20,0x00,0x00,0x00,0x20,0x00,
	0x28,0x00,0x20,0x00,0x50,0x00,0x20,0x00,0x78,0x00,0x20,
	0x00,0xA0,0x00,0x20,0x00,0xA0,0x00,0x9A,0x00,0x00,0x01,
	0x9A,0x00,0x00,0x01,0x9A,0x00,0x00,0x05,0x00,0x00,0x00,
	0x05,0x00,0x00,0x00,0x05,0x20,0x00,0x28,0x05,0x20,0x00,
	0x05,0x05,0x00,0x00,0x00,0x00,0x00,0x00,0x00,0x00,0x00,
	0x00,0x00,0x00,0x00,0x00,0x00,0x00,0x00,0x00,0x00,0x00,
	0x00,0x00,0x00,0x00,0x00,0x00,0x00,0x00,0x00,0x00,0x00,
	0x00,0x00,0x00,0x00,0x00,0x2A,0x0A,0x00,0x00,0x00,0x00,
	0x00,0x00,0x00,0x00,0x00,0x00,0x40,0xE0,0x00,0x80,0xFF,
	0x00,0x20,0x20,0x20,0x20,0x20,0x20,0x20,0x20,0x20,0x20,
	0x20,0x20,0x20,0x20,0x20,0x20,0x20,0x20,0x20,0x20,0x20,
	0x20,0x4C,0xB7,0x00,0x00,0x00,0x00,0x00,0x00,0x00,0x00,
	0x00,0x00,0x00,0x00,0xFF,0x00,0x00,0x00,0x00,0x00,0x00,
	0x4A,0xB6,0x00,0x00,0x00,0x00,0xB3,0x4D,0x00,0x00,0x00,
	0x00,0x00,0x00,0x00,0x00,0x00,0x00,0x00,0x00,0xB3,0x4D,
	0x49,0xB6,0x00,0x00,0x4B,0xB5,0x00,0x00,0x00,0x00,0x00,
	0xB2,0x4E,0x00,0x00,0x00,0x00,0x00,0x00,0x00,0x00,0xB1,
	0x4F,0x00,0x00,0x00,0x00,0xFE,0x00,0x00,0x00,0x00,0x00,
	0x00,0x00,0x00,0x00,0x00,0x4D,0x00,0x00,0x00,0x00,0x00,
	0x00,0x00,0xB3,0x00,0x00,0x00,0x00,0x00,0x4D,0x00,0x00,
	0x00,0x00,0x00,0x00,0x00,0x00,0x00,0x00,0x00,0x00,0x00,
	0x00,0x00,0x00,0x00,0x00,0x00,0x00,0x00,0x00,0x00,0x00,
	0x00,0x00,0x00,0x00,0x00,0x00,0x00,0x00,0x00,0x00,0x00,
	0x00,0x00,0x00,0x00,0x00,0x00,0x00,0x00,0x00,0x00,0x00,
	0x00,0x00,0x00,0x00,0x00,0x00,0x00,0x00,0x00,0x00,0x00,
	0x00,0x00,0x00,0x00,0x00,0x00,0x00,0x00,0x00,0x00,0x00,
	0x00,0x00,0x00,0x00,0x00,0x00,0x00,0x00,0x00,0x00,0x00,
	0x00,0x00,0x00,0x00,0x00,0x00,0x00,0x00,0x00,0x00,0x00,
	0x00,0x00,0x00,0x00,0x00,0x00,0x00,0x00,0x00,0x00,0x67,
	0x00,0x00,0x00,0x00,0x00,0x00,0xFF,0x00,0x00,0x00,0x00,
	0x00,0x00,0x00,0x00,0x00,0x00,0x00,0x00,0x00,0x00,0x00,
	0x00,0x00,0x00,0x00,0x00,0x00,0x00,0x00,0x00,0x00,0x00,
	0xFF,0x00,0x00,0x00,0x00,0x00,0x00,0x00,0x00,0x00,0x00,
	0x00,0x00,0x00,0x00,0x00,0x00,0x00,0x00,0x00,0x00,0x00,
	0x00,0x00,0x00,0x00,0x00,0x00,0x00,0x00,0x00,0x00,0x00,
	0x00,0x00,0x00,0x00,0x00,0x00,0x00,0x00,0x00,0x00,0x00,
	0x00,0x00,0x00,0x00,0x00,0x00,0x00,0x00,0x00,0x00,0x9C,
	0x00,0x00,0x00,0x00,0x00,0x00,0x00,0x00,0x00,0x00,0x00,
	0x00,0x00,0x00,0x00,0x00,0x00,0x00,0x00,0x00,0x00,0x00,
	0x00,0x00,0x00,0x00,0x00,0x00,0x00,0x00,0x00,0x00,0x00,
	0x00,0x00,0x00,0x00,0x00,0x00,0x00,0x00,0x00,0x00,0x00,
	0x00,0x00,0x00,0x00,0x00,0x00,0x00,0x00,0x00,0x00,0x00,
	0x00,0x00,0x00,0x00,0x00,0x00,0x00,0x00,0x00,0x00,0x00,
	0x00,0x00,0x00,0x00,0x00,0x00,0x00,0x00,0x64,0x00,0x00,
	0x00,0x00,0x00,0x00,0x00,0x00,0x00,0x00,0x00,0x00,0x00,
	0x00,0x00,0x00,0x00,0x00,0x00,0x00,0x00,0x00,0x00,0x00,
	0x00,0x00,0x00,0x00,0x00,0x00,0x00,0x00,0x00,0x00,0x00,
	0x00,0x00,0x00,0x00,0x00,0x00,0x40,0x00,0x01,0x01,0x00,
	0x5A,0x00,0x00,0x00,0x00,0x00,0x00,0xFF,0x00,0x00,0x00,
	0x00,0x00,0x00,0x01,0x00,0x00,0x00,0x00,0x00,0x00,0x00,
	0x00,0x00,0x00,0x00,0x00,0x00,0x00,0x00,0x00,0x00,0x00,
	0x00,0x00,0x00,0x00,0x00,0x00,0x00,0x00,0x00,0x00,0x00,
	0x00,0x00,0x00,0x00,0x00,0x00,0x00,0x00,0x00,0x00,0x00,
	0x00,0x00,0x00,0x00,0x00,0x00,0x00,0x00,0x00,0x00,0x00,
	0x00,0x00,0x00,0x00,0x00,0x00,0x00,0x00,0x00,0x00,0x00,
	0x00,0x00,0x00,0x00,0x00,0x00,0x00,0x00,0x00,0x00,0x00,
	0x64,0x00,0x00,0x00,0x00,0x00,0x00,0x00,0x4E,0x00,0x00,
	0x00,0x00,0x00,0x4E,0x00,0x00,0x00,0x00,0x00,0x00,0x00,
	0x00,0x00,0x00,0x00,0x00,0x00,0xFF,0x00,0x00,0x00,0x00,
	0x00,0x01,0x00,0x00,0x00,0x00,0x00,0x00,0x00,0x00,0x00,
	0x00,0x00,0x00,0x00,0x00,0x00,0x00,0x00,0x00,0x00,0x00,
	0x00,0x00,0x00,0x00,0x00,0x00,0x00,0x00,0x00,0x00,0x00,
	0x00,0x00,0x00,0x00,0x00,0x00,0x00,0x00,0x00,0x00,0x00,
	0x00,0x00,0x00,0x00,0x00,0x00,0x00,0x00,0x00,0x00,0x00,
	0x00,0x00,0x00,0x00,0x00,0x00,0x00,0x00,0x00,0x00,0x00,
	0x00,0x00,0x00,0x00,0x00,0x00,0x00,0x00,0x00,0x00,0x00,
	0x00,0x00,0x00,0x00,0x00,0x00,0x00,0x00,0x00,0x00,0x00,
	0x00,0x00,0x00,0x00,0x00,0x00,0x00,0x00,0x00,0x00,0x00,
	0x00,0x00,0x00,0x00,0x00,0x00,0x00,0x00,0x00,0x00,0x00,
	0x00,0x00,0x00,0x00,0x00,0x00,0x00,0x00,0x00,0x00,0x00,
	0x00,0x00,0x64,0x00,0x00,0x00,0x00,0x00,0x00,0x00,0x00,
	0x00,0x00,0x00,0x00,0x00,0x00,0x00,0x00,0x00,0x00,0x00,
	0x00,0x00,0x00,0x00,0x00,0x00,0x00,0x00,0x00,0x00,0x00,
	0x00,0x00,0x00,0x00,0x00,0x00,0x00,0x00,0x00,0x00,0x00,
	0x00,0x00,0x00,0x00,0x00,0x00,0x00,0x00,0x00,0x00,0x00,
	0x00,0x00,0x00,0x00,0x00,0x00,0x00,0x00,0x00,0x00,0x00,
	0x00,0x00,0x00,0x00,0x00,0x00,0x00,0x00,0x00,0x00,0x00,
	0x00,0x00,0x00,0x00,0x00,0x00,0x00,0x00,0x00,0x00,0x00,
	0x00,0x00,0x00,0x00,0x00,0x00,0x00,0x00,0x00,0x00,0x00,
	0x00,0x00,0x00,0x00,0x00,0x00,0x00,0x00,0x00,0x00,0x00,
	0x00,0x00,0x00,0x00,0x00,0x00,0x00,0x00,0x00,0x00,0x00,
	0x00,0x00,0x00,0x00,0x00,0x00,0x00,0x00,0x00,0x00,0x9C,
	0x00,0x00,0x00,0x00,0x00,0x00,0x00,0x00,0x00,0x00,0x00,
	0x00,0x00,0x00,0x00,0x00,0x00,0x00,0x00,0x00,0x00,0x00,
	0x00,0x00,0x00,0x00,0x00,0x00,0x00,0x00,0x00,0x00,0x00,
	0x00,0x00,0x00,0x00,0x00,0x00,0x00,0x00,0x00,0x00,0x00,
	0x00,0x00,0x00,0x00,0x00,0x00,0x00,0x00,0x00,0x00,0x00,
	0x00,0x00,0x00,0x00,0x00,0x00,0x00,0x00,0x00,0x00,0x00,
	0x00,0x00,0x00,0x00,0x00,0x00,0x00,0x00,0x00,0x00,0x00,
	0x00,0x00,0x00,0x00,0x00,0x00,0x00,0x00,0x00,0x00,0x00,
	0x00,0x00,0x00,0x00,0x00,0x00,0x00,0x00,0x00,0x00,0x00,
	0x00,0x00,0x00,0x00,0x00,0x00,0x00,0x00,0x00,0x00,0x00,
	0x00,0x00,0x00,0x00,0x00,0x00,0x00,0x00,0x00,0x00,0x00,
	0x00,0x00,0x00,0x00,0x00,0x00,0x00,0x00,0x00,0x00,0x00,
	0x00,0x00,0x00,0x00,0x00,0x00,0x00,0x00,0x00,0x00,0xB3,
	0x00,0x00,0x00,0x00,0x00,0xC6,0x00,0x00,0x00,0x00,0xFF,
	0x00,0xEC,0x00,0x00,0x00,0x00,0x00,0x00,0x00,0x00,0x00,
	0x00,0x00,0x00,0x00,0x00,0x00,0x00,0x00,0x00,0x00,0x00,
	0x00,0x00,0x00,0x00,0x00,0x00,0x00,0x00,0x00,0x00,0x00,
	0x00,0x00,0x00,0x00,0x00,0x00,0x00,0x00,0x00,0x00,0x00,
	0x00,0x00,0x00,0x00,0x00,0x00,0x00,0x00,0x00,0x00,0x00,
	0x00,0x00,0x00,0x00,0x00,0x00,0x00,0x00,0x00,0x00,0x00,
	0x00,0x00,0x00,0x00,0x00,0x00,0x00,0x00,0x00,0x00,0x00,
	0x00,0x00,0x00,0x00,0x00,0x00,0x00,0x00,0x00,0x00,0x00,
	0x00,0x00,0x00,0x00,0x00,0x00,0x00,0x00,0x00,0x00,0x00,
	0x00,0x00,0x00,0x00,0x00,0x00,0x00,0x00,0x00,0x00,0x00,
	0x00,0x00,0x00,0x00,0x00,0x00,0x00,0x00,0x00,0x00,0x00,
	0x00,0x00,0x00,0x00,0x00,0x00,0x00,0x00,0x00,0x00,0x00,
	0x00,0x00,0x00,0x00,0x00,0x00,0x00,0x00,0x00,0x00,0x00,
	0x00,0x00,0x00,0x00,0x00,0x00,0x00,0x00,0x00,0x00,0x00,
	0x00,0x00,0x00,0x00,0x00,0x00,0x00,0x00,0x00,0x00,0x00,
	0x00,0x00,0x00,0x00,0x00,0x00,0x00,0x00,0x00,0x00,0x00,
	0x00,0x00,0x01,0x00,0x00,0x00,0x00,0x00,0x00,0x01,0x00,
	0x00,0x00,0x00,0x00,0x01,0x00,0x00,0x00,0x00,0x00,0x00,
	0x00,0x00,0x00,0x00,0x00,0x00,0x00,0x01,0x00,0x00,0x00,
	0x00,0x00,0x00,0x98,0x00,0x00,0x00,0x00,0x00,0x00,0x00,
	0x00,0x00,0x00,0x00,0x00,0x00,0x00,0x00,0x00,0x00,0x00,
	0x00,0x00,0x00,0x00,0x00,0x00,0x00,0x00,0x00,0x00,0x00,
	0x00,0x00,0x00,0x00,0x00,0x00,0x00,0x00,0x00,0x00,0x00,
	0x00,0x00,0x00,0x00,0x00,0x00,0x00,0x00,0x00,0x00,0x00,
	0x00,0x00,0x00,0x00,0x00,0x00,0x00,0x00,0x00,0x00,0x00,
	0x00,0x00,0x00,0x00,0x00,0x00,0x00,0x00,0x00,0x00,0x00,
	0x00,0x00,0x00,0x00,0x00,0x00,0x00,0x00,0x00,0x00,0x00,
	0x00,0x00,0x00,0x00,0x00,0x00,0x00,0x00,0x00,0x00,0x00,
	0x00,0x00,0x00,0x00,0x00,0x00,0x00,0x00,0x00,0x00,0x00,
	0x00,0x00,0x00,0x00,0x00,0x00,0x00,0x00,0x00,0x00,0x00,
	0x00,0x00,0x00,0x00,0x00,0x00,0x00,0x00,0x00,0x00,0x00,
	0x00,0x00,0x00,0x00,0x00,0x00,0x00,0x00,0x00,0x00,0x00,
	0x00,0x00,0x00,0x00,0x00,0x00,0x00,0x00,0x00,0x00,0x00,
	0x00,0x00,0x00,0x00,0x00,0x00,0x00,0x00,0x00,0x00,0x00,
	0x00,0x00,0x00,0x00,0x00,0x00,0x00,0x00,0x00,0x00,0x00,
	0x00,0x00,0x00,0x00,0x00,0x00,0x00,0x00,0x00,0x00,0x00,
	0x00,0x00,0x00,0x00,0x00,0x00,0x00,0x00,0x00,0x00,0x00,
	0x00,0x00,0x00,0x00,0x00,0x00,0x00,0x00,0x00,0x00,0x00,
	0x00,0x00,0x00,0x00,0x00,0x00,0x00,0x00,0x00,0x00,0x00,
	0x00,0x00,0x00,0x00,0x00,0x00,0x00,0x00,0x00,0x00,0x00,
	0x00,0x00,0x00,0x00,0x00,0x00,0x00,0x00,0x00,0x00,0x00,
	0x00,0x00,0x00,0x00,0x66,0x00,0x00,0x00,0x00,0x00,0x00,
	0x00,0x00,0x00,0x00,0x00,0x00,0x00,0x00,0x00,0x00,0x00,
	0x00,0x00,0x00,0x00,0x00,0x00,0x00,0x00,0x00,0x00,0x00,
	0x00,0x00,0x00,0x00,0x00,0xFE,0x00,0x00,0x00,0x00,0x00,
	0x00,0x00,0x00,0x00,0x00,0x00,0x00,0x00,0x00,0x00,0x00,
	0x00,0x00,0x00,0x00,0x00,0x00,0x00,0x00,0x00,0x00,0x00,
	0x00,0x00,0x00,0x00,0x00,0x00,0x00,0x00,0x00,0x00,0x00,
	0x00,0x00,0x00,0x00,0x00,0x00,0x00,0x00,0x00,0x00,0x00,
	0x00,0x00,0x00,0x00,0x00,0x00,0x00,0x00,0x00,0x00,0x00,
	0x00,0x00,0x00,0x00,0x00,0x00,0x00,0x00,0x00,0x00,0x00,
	0x00,0x00,0x00,0x00,0x00,0x00,0x00,0x00,0x00,0x00,0x00,
	0x00,0x00,0x00,0x00,0x00,0x00,0x00,0x00,0x00,0x00,0x00,
	0x00,0x00,0x00,0x00,0x00,0x00,0x00,0x00,0x00,0x00,0x00,
	0x00,0x00,0x00,0x00,0x00,0x00,0x00,0x00,0x00,0x00,0x00,
	0x00,0x00,0x00,0x00,0x00,0x00,0x00,0x00,0x00,0x00,0x00,
	0x00,0x00,0x00,0x00,0x00,0x00,0x00,0x00,0x00,0x00,0x00,
	0x00,0x00,0x00,0x00,0x00,0x00,0x00,0x00,0x00,0x00,0x00,
	0x00,0x00,0x00,0x00,0x00,0x00,0x00,0x00,0x00,0x00,0x00,
	0x00,0x00,0x00,0x00,0x00,0x00,0x00,0x00,0x00,0x00,0x00,
	0x00,0x00,0x00,0x00,0x00,0x00,0x00,0x00,0x00,0x00,0x00,
	0x00,0x00,0x00,0x00,0x00,0x00,0x00,0x00,0x00,0x00,0x00,
	0x00,0x00,0x00,0x00,0x00,0x00,0x00,0x00,0x00,0x00,0x00,
	0x00,0x00,0x00,0x00,0x00,0x00,0x00,0x00,0x00,0x00,0x00,
	0x00,0x00,0x00,0x00,0x00,0x00,0x00,0x00,0x00,0x00,0x00,
	0x00,0x00,0x00,0x00,0x00,0x00,0x00,0x00,0x00,0x00,0x00,
	0x00,0x00,0x00,0x00,0x00,0x00,0x00,0x00,0x00,0x00,0x00,
	0x00,0x00,0x00,0x00,0x00,0x00,0x00,0x00,0x00,0x00,0x00,
	0x00,0x00,0x00,0x00,0x00,0x00,0x00,0x00,0x00,0x00,0x00,
	0x00,0x00,0x00,0x00,0x00,0x00,0x00,0x99,0x00,0x00,0x00,
	0x00,0x00,0x00,0x01,0x00,0x00,0x00,0x01,0x00,0x00,0x01,
	0x00,0x00,0x00,0x00,0x00,0x00,0x00,0x00,0x00,0x00,0x00,
	0x00,0x00,0x00,0x00,0x00,0x00,0x00,0x00,0x00,0x00,0x00,
	0x00,0x00,0x00,0x00,0x00,0x00,0x00,0x00,0x00,0x00,0x00,
	0x00,0x00,0x00,0x00,0x00,0x00,0x00,0x00,0x00,0x00,0x00,
	0x00,0x00,0x00,0x00,0x00,0x00,0x00,0x00,0x00,0x00,0x00,
	0x00,0x00,0x00,0x00,0x00,0x00,0x00,0x00,0x00,0x00,0x00,
	0x00,0x00,0x00,0x00,0x00,0x00,0x00,0x00,0x00,0x00,0x00,
	0x00,0x00,0x00,0x00,0x00,0x00,0x00,0x00,0x00,0x00,0x00,
	0x00,0x00,0x00,0x00,0x00,0x00,0x00,0x00,0x00,0x00,0x00,
	0x00,0x00,0x00,0x00,0x00,0x00,0x00,0x00,0x00,0x00,0x00,
	0x00,0x00,0x00,0x00,0x00,0x00,0x00,0x00,0x00,0x00,0x00,
	0x00,0x00,0x00,0x00,0x00,0x00,0x00,0x00,0x00,0x00,0x00,
	0x00,0x00,0x00,0x00,0x00,0x00,0x00,0x00,0x00,0x00,0x00,
	0x00,0x00,0x00,0x00,0x00,0x00,0x00,0x00,0x00,0x00,0x00,
	0x00,0x00,0x00,0x00,0x00,0x00,0x00,0x00,0x00,0x00,0x00,
	0x00,0x00,0x00,0x00,0x00,0x00,0x00,0x00,0x00,0x00,0x00,
	0x00,0x00,0x00,0x00,0x00,0x00,0x00,0x00,0x00,0x00,0x00,
	0x00,0x00,0x00,0x00,0x00,0x00,0x00,0x00,0x00,0x00,0x00,
	0x00,0x00,0x00,0x00,0x00,0x00,0x00,0x00,0x00,0x00,0x00,
	0x00,0x00,0x00,0x00,0x00,0x00,0x00,0x00,0x00,0x00,0x00,
	0x00,0x00,0x00,0x00,0x00,0x00,0x00,0x00,0x00,0x00,0x00,
	0x00,0x00,0x00,0x00,0x00,0x00,0x00,0x00,0x00,0x00,0x00,
	0x00,0x00,0x00,0x00,0x00,0x00,0x00,0x00,0x00,0x00,0x00,
	0x00,0x00,0x00,0x00,0x00,0x00,0x00,0x00,0x00,0x00,0x00,
	0x00,0x00,0x00,0x00,0x00,0x00,0x00,0x00,0x00,0x00,0x00,
	0x00,0x00,0x00,0x00,0x00,0x00,0x00,0x00,0x00,0x00,0x00,
	0x00,0x00,0x00,0x00,0x00,0x00,0x00,0x00,0x00,0x00,0x00,
	0x00,0x00,0x00,0x00,0x00,0x00,0x00,0x00,0x00,0x00,0x00,
	0x00,0x00,0x00,0x00,0x00,0x00,0x00,0x00,0x00,0x00,0x00,
	0x00,0x00,0x00,0x00,0x00,0x00,0x00,0x00,0x00,0x00,0x00,
	0x00,0x00,0x00,0x00,0x00,0x00,0x00,0x00,0x00,0x00,0x00,
	0x00,0x00,0x00,0x00,0x00,0x00,0x00,0x00,0x00,0x00,0x00,
	0xB4,0x00,0x00,0x00,0x00,0x00,0x00,0x00,0x00,0x00,0x00,
	0x00,0x00,0xDC,0x00,0xFF,0x00,0xFF,0xFF,0xD7,0x00,0x00,
	0x00,0x00,0x00,0x00,0x00,0x00,0x00,0x00,0x00,0x00,0x00,
	0x00,0x00,0x00,0x00,0x00,0x00,0x00,0x00,0x00,0x00,0x00,
	0x00,0x00,0x00,0x00,0x00,0x00,0x00,0x00,0x00,0x00,0x00,
	0x00,0x00,0x00,0x00,0x00,0x00,0x00,0x00,0x00,0x00,0x00,
	0x00,0x00,0x00,0x00,0x00,0x00,0x00,0x00,0x00,0x00,0x00,
	0x00,0x00,0x00,0x00,0x00,0x00,0x00,0x00,0x00,0x00,0x00,
	0x00,0x00,0x00,0x00,0x00,0x00,0x00,0x00,0x00,0x00,0x00,
	0x00,0x00,0x00,0x00,0x00,0x00,0x00,0x00,0x00,0x00,0x00,
	0x00,0x00,0x00,0x00,0x00,0x00,0x00,0x00,0x00,0x00,0x00,
	0x00,0x00,0x00,0x00,0x00,0x00,0x00,0x00,0x00,0x00,0x00,
	0x00,0x00,0x00,0x00,0x00,0x00,0x00,0x00,0x00,0x00,0x00,
	0x00,0x00,0x00,0x00,0x00,0x00,0x00,0x00,0x00,0x00,0x00,
	0x00,0x00,0x00,0x00,0x00,0x00,0x00,0x00,0x00,0x00,0x00,
	0x00,0x00,0x00,0x00,0x00,0x00,0x00,0x00,0x00,0x00,0x00,
	0x00,0x00,0x00,0x00,0x00,0x00,0x00,0x00,0x00,0x00,0x00,
	0x00,0x00,0x00,0x00,0x00,0x00,0x00,0x00,0x00,0x00,0x00,
	0x00,0x00,0x00,0x00,0x00,0x00,0x00,0x00,0x00,0x00,0x00,
	0x00,0x00,0x00,0x00,0x00,0x00,0x00,0x00,0x00,0x00,0x00,
	0x00,0x00,0x00,0x00,0x00,0x00,0x00,0x00,0x00,0x00,0x00,
	0x00,0x00,0x00,0x00,0x00,0x00,0x00,0x00,0x00,0x00,0x00,
	0x00,0x00,0x00,0x00,0x00,0x00,0x00,0x00,0x00,0x00,0x00,
	0x00,0x00,0x00,0x00,0x57,0x00,0x00,0xFF,0x00,0x15,0x00,
	0x00,0x00,0x00,0x00,0x00,0x01,0x00,0x00,0x00,0x00,0x00,
	0x00,0x00,0x00,0x00,0x00,0x01,0x00,0x00,0x00,0x00,0x00,
	0x00,0x00,0x00,0x00,0x00,0x00,0x00,0x00,0x00,0x00,0x01,
	0x00,0x01,0x00,0x00,0x00,0x00,0x00,0x00,0x00,0x00,0x00,
	0x00,0x00,0x00,0x00,0x00,0x00,0x00,0x00,0x00,0x00,0x00,
	0x00,0x01,0x00,0x00,0x00,0x00,0x00,0x00,0x00,0x00,0x00,
	0x00,0x00,0x00,0x00,0x00,0x00,0x00,0x00,0x01,0x00,0x00,
	0x00,0x00,0x00,0x00,0x00,0x00,0x00,0x00,0x00,0x00,0x01,
	0x00,0x00,0x00,0x00,0x00,0x00,0x00,0x00,0x00,0x00,0x00,
	0x00,0x00,0x00,0x00,0x00,0x00,0x00,0x00,0x00,0x00,0x00,
	0x00,0x00,0x00,0x00,0x00,0x00,0x00,0x00,0x00,0xF9,0x00,
	0x00,0x00,0xFE,0x00,0x00,0x00,0x00,0x00,0x00,0x00,0x00,
	0xFD,0x00,0x00,0x00,0xFF,0x00,0x00,0x00,0x00,0xF3,0x00,
	0x00,0x00,0xFF,0x00,0x00,0x00,0x00,0xF8,0x00,0x00,0x00,
	0xFD,0x00,0x00,0x00,0x00,0x00,0x00,0x00,0x00,0x00,0x00,
	0x00,0x00,0x00,0x00,0x00,0x00,0x00,0x00,0x00,0x00,0x00,
	0x00,0x00,0x00,0x00,0x00,0x00,0x00,0x00,0x00,0x00,0x00,
	0x00,0x00,0x00,0x00,0x00,0x00,0x00,0x00,0x00,0x00,0x00,
	0x00,0x00,0x00,0x00,0x00,0x00,0x00,0x00,0x00,0x00,0x00,
	0x00,0x00,0x00,0x00,0x00,0x00,0x00,0x00,0x00,0x00,0x00,
	0x00,0x00,0x00,0x00,0x00,0x00,0x00,0x00,0x00,0x00,0x00,
	0x00,0x00,0x00,0x00,0x00,0x00,0x00,0x00,0x00,0x00,0x00,
	0x00,0x00,0x00,0x00,0x00,0x00,0x00,0x00,0x00,0x00,0x00,
	0x00,0x00,0x00,0x00,0x00,0x00,0x00,0x00,0x00,0x00,0x00,
	0x00,0x00,0x00,0x00,0x00,0x00,0x00,0x07,0x01,0x00,0x00,
	0x00,0x00,0x00,0x00,0x00,0x00,0x00,0x00,0x00,0x00,0x00,
	0x00,0x00,0x00,0x00,0x00,0x00,0x00,0x00,0x00,0x00,0x00,
	0x17,0x01,0x00,0x28,0x00,0x00,0x00,0x00,0x00,0x00,0x00,
	0x00,0x00,0x00,0x00,0x00,0x00,0x00,0x00,0x00,0x00,0x00,
	0x00,0x00,0x00,0x00,0x00,0x00,0x00,0x00,0x00,0x00,0x00,
	0x00,0x00,0x00,0x00,0x00,0x00,0x00,0x00,0x00,0x00,0x00,
	0x00,0x00,0x00,0x00,0x00,0x00,0x00,0x00,0x00,0x00,0x00,
	0x00,0x00,0x00,0x00,0x00,0x00,0x00,0x00,0x00,0x00,0x00,
	0x00,0x00,0x00,0x00,0x00,0x00,0x00,0x00,0x00,0x00,0x00,
	0x00,0x00,0x00,0x00,0x00,0x00,0x00,0x00,0x00,0x00,0x00,
	0x00,0x00,0x00,0x00,0x00,0x00,0x00,0x00,0x00,0x00,0x00,
	0x00,0x00,0x00,0x00,0x00,0x00,0x20,0x00,0x28,0x00,0x20,
	0x00,0x50,0x00,0x20,0x00,0x78,0x00,0x20,0x00,0xA0,0x00,
	0x20,0x00,0xA0,0x00,0x98,0x00,0x00,0x01,0x98,0x00,0x00,
	0x01,0x80,0x00,0x00,0x01,0x80,0x00,0x00,0x01,0x80,0x00,
	0x00,0x01,0x80,0x00,0x00,0x01,0x80,0x00,0x00,0x00,0x20,
	0x00,0x28,0x00,0x20,0x00,0x50,0x00,0x20,0x00,0x78,0x00,
	0x20,0x00,0xA0,0x00,0x20,0x00,0xA0,0x00,0x9A,0x00,0x00,
	0x01,0x9A,0x00,0x00,0x01,0x9A,0x00,0x00,0x01,0x9A,0x00,
	0x00,0x01,0x9C,0x00,0x00,0x01,0x9C,0x00,0x00,0x01,0x9C,
	0x00,0x05,0x05,0x00,0x00,0x00,0x00,0x00,0x00,0x00,0x00,
	0x00,0x00,0x00,0x00,0x00,0x00,0x00,0x00,0x00,0x00,0x00,
	0x00,0x00,0x00,0x00,0x00,0x00,0x00,0x00,0x00,0x00,0x00,
	0x00,0x00,0x00,0x00,0x00,0x00,0xCC,0x01,0x00,0x00,0x00,
	0x00,0x00,0x00,0x00,0x00,0x00,0x00,0x40,0xE0,0x00,0x80,
	0xFF,0x00,0x20,0x20,0x20,0x20,0x20,0x20,0x20,0x20,0x20,
	0x20,0x20,0x20,0x20,0x20,0x20,0x20,0x20,0x20,0x20,0x20,
	0x20,0x20,0xA3,0x5D,0x00,0x00,0x00,0x00,0x5B,0xA5,0x00,
	0x00,0x00,0xB2,0x4E,0x00,0x53,0xAD,0x00,0x00,0x00,0x00,
	0x00,0x00,0x00,0xC3,0x3D,0x00,0x2E,0x00,0x00,0x00,0xD2,
	0x00,0x53,0x00,0x00,0x00,0xAD,0x00,0xB2,0x1D,0x02,0x06,
	0x0C,0x03,0x62,0x00,0x00,0xFD,0xFA,0x00,0x00,0x00,0xAF,
	0xC7,0x39,0x00,0x00,0x00,0x2C,0xD4,0x00,0xC4,0x3C,0x00,
	0x40,0xC0,0x00,0x00,0x00,0x00,0xD3,0x2D,0x00,0x00,0x00,
	0x00,0x47,0xB9,0x12,0xB6,0x00,0x00,0x00,0x5D,0xED,0x00,
	0x00,0x00,0xBB,0x45,0x00,0x1F,0xE1,0x00,0x00,0x00,0x00,
	0xC4,0x5E,0x00,0xDE,0x00,0x00,0xCC,0x34,0x1F,0xE1,0x00,
	0xD0,0x30,0xEC,0x14,0x00,0x00,0xD8,0x28,0x00,0x35,0x00,
	0x00,0x00,0xCB,0x00,0xC5,0x00,0x00,0x00,0x3B,0x00,0x3E,
	0xC2,0x00,0x00,0x00,0xE7,0x19,0x00,0x00,0xC5,0x3B,0x00,
	0x22,0xDE,0x00,0x00,0x00,0x29,0xD7,0x00,0xF1,0x0F,0x00,
	0xBF,0x00,0x00,0x52,0xAE,0x00,0x00,0x41,0x00,0x31,0xBB,
	0x00,0x00,0x14,0xD8,0x03,0x00,0x00,0x3B,0xEA,0x00,0x00,
	0x00,0x00,0xBF,0x41,0x00,0x1A,0xA5,0x41,0x00,0x00,0x00,
	0xDE,0x33,0x06,0xC7,0x40,0xC0,0xDE,0x53,0xB7,0x58,0x00,
	0xA8,0x59,0xCD,0x00,0x14,0x00,0x21,0xDF,0x00,0x00,0xD1,
	0x2F,0x00,0x1F,0xE1,0x00,0x00,0x00,0xDA,0x26,0x00,0x29,
	0xD7,0x00,0x00,0x00,0x00,0xDF,0x21,0x00,0xEC,0x14,0x00,
	0x3C,0x00,0x00,0xA4,0x20,0xDA,0x26,0x00,0x00,0xCA,0x00,
	0x00,0x00,0x36,0x00,0x00,0x1B,0xE5,0x28,0xD8,0x00,0x2C,
	0xD4,0xCC,0x34,0x00,0x25,0xDB,0x42,0xBE,0x00,0x00,0x21,
	0xDF,0x1E,0xF3,0xC1,0x2E,0xCA,0x00,0x01,0x01,0x00,0x59,
	0x00,0xC1,0x3F,0xDB,0x00,0x25,0xDB,0x00,0x00,0x2E,0xD2,
	0x00,0xCC,0x00,0x00,0x00,0x00,0x00,0x34,0x00,0x25,0xDB,
	0x00,0x00,0x00,0x00,0x33,0xCD,0x00,0x00,0x00,0xDB,0x00,
	0x25,0x00,0x00,0x1D,0xE3,0xCD,0x33,0x00,0x32,0xAA,0xFF,
	0x25,0x00,0x00,0x00,0x00,0x00,0x19,0xE7,0x00,0xDC,0x00,
	0x00,0x48,0x00,0x00,0x00,0x00,0xB9,0x23,0x00,0xDB,0x25,
	0x00,0xD1,0x00,0x00,0x53,0x00,0x00,0x00,0x00,0x00,0x00,
	0xAF,0x00,0x00,0x51,0xAF,0x01,0x00,0x46,0xBA,0x00,0x00,
	0x49,0x00,0x00,0x00,0xC1,0x3F,0x00,0x00,0x00,0x00,0xBB,
	0x00,0x39,0x00,0xC8,0x27,0x00,0xD9,0x00,0x00,0x00,0x27,
	0x00,0x00,0x00,0x00,0x1D,0xBC,0x00,0x00,0x27,0x00,0x16,
	0xEA,0x00,0x00,0xDD,0x23,0xD9,0x00,0x00,0x40,0x00,0x00,
	0xFD,0xD7,0x00,0x2C,0xC9,0x37,0x00,0x00,0xC4,0x3C,0x00,
	0x00,0xFF,0x00,0xFE,0xC0,0x2A,0xDD,0x00,0x00,0x00,0x00,
	0x38,0xC8,0x23,0x00,0x10,0x00,0x00,0xCF,0x31,0x0D,0xF3,
	0x00,0xCF,0x2A,0x07,0x00,0x00,0xCB,0x00,0x00,0x3F,0x00,
	0xC1,0x01,0x00,0x32,0x00,0x00,0x00,0xD1,0x00,0x30,0x00,
	0x07,0x01,0x00,0x00,0x00,0x00,0x00,0x00,0x00,0x00,0x00,
	0x00,0x00,0x00,0x00,0x00,0x00,0x00,0x00,0x00,0x00,0x00,
	0x00,0x00,0x00,0x00,0x17,0x01,0x00,0x28,0x00,0x00,0x00,
	0x00,0x00,0x00,0x00,0x00,0x00,0x00,0x00,0x00,0x00,0x00,
	0x00,0x00,0x00,0x00,0x00,0x00,0x00,0x00,0x00,0x00,0x00,
	0x00,0x00,0x00,0x00,0x00,0x00,0x00,0x00,0x00,0x00,0x00,
	0x00,0x00,0x00,0x00,0x00,0x00,0x00,0x00,0x00,0x00,0x00,
	0x00,0x00,0x00,0x00,0x00,0x00,0x00,0x00,0x00,0x00,0x00,
	0x00,0x00,0x00,0x00,0x00,0x00,0x00,0x00,0x00,0x00,0x00,
	0x00,0x00,0x00,0x00,0x00,0x00,0x00,0x00,0x00,0x00,0x00,
	0x00,0x00,0x00,0x00,0x00,0x00,0x00,0x00,0x00,0x00,0x00,
	0x00,0x00,0x00,0x00,0x00,0x00,0x00,0x00,0x00,0x00,0x30,
	0x00,0x04,0x00,0x40,0x00,0x08,0x00,0x2C,0x00,0x0E,0x00,
	0x08,0x00,0x18,0x00,0x16,0x00,0x20,0x00,0x08,0x00,0x20,
	0x00,0x9E,0x00,0x00,0x01,0x9E,0x00,0x00,0x01,0x9E,0x00,
	0x00,0x01,0x9E,0x00,0x00,0x01,0x9E,0x00,0x00,0x01,0x9E,
	0x00,0x00,0x00,0x20,0x00,0x0A,0x00,0x28,0x00,0x1E,0x00,
	0x18,0x00,0x32,0x00,0x20,0x00,0x3C,0x00,0x20,0x00,0x46,
	0x00,0x20,0x00,0x46,0x00,0x9A,0x00,0x00,0x01,0x9A,0x00,
	0x00,0x01,0x9A,0x00,0x00,0x01,0x9A,0x00,0x00,0x01,0x9A,
	0x00,0x00,0x01,0x9A,0x00,0x06,0x06,0x02,0x03,0x05,0x02,
	0x03,0x05,0x00,0x00,0x00,0x00,0x00,0x00,0x00,0x00,0x00,
	0x00,0x00,0x00,0x00,0x00,0x00,0x00,0x00,0x00,0x00,0x00,
	0x00,0x00,0x00,0x00,0x00,0x00,0x00,0x00,0x00,0x00,0x50,
	0x28,0x00,0x00,0x00,0x00,0x00,0x00,0x00,0x00,0x00,0x00,
	0x40,0x00,0x00,0x80,0xFF,0x00,0x20,0x20,0x20,0x20,0x20,
	0x20,0x20,0x20,0x20,0x20,0x20,0x20,0x20,0x20,0x20,0x20,
	0x20,0x20,0x20,0x20,0x20,0x20,0x00,0x00,0xFF,0x00,0x00,
	0x00,0x00,0x00,0x00,0x00,0x00,0x00,0x00,0x00,0x00,0xFF,
	0xFE,0xFD,0xFD,0xFD,0xFD,0xFC,0xFD,0xFF,0x07,0x05,0xFD,
	0x0E,0x01,0xF8,0x07,0x08,0x38,0xE1,0x37,0xE9,0x00,0xFC,
	0xDF,0x44,0xE1,0x1F,0x1F,0x42,0x3F,0x71,0x4F,0xBD,0x83,
	0x08,0x77,0x82,0xFF,0x01,0xFF,0x41,0x83,0x3E,0x5F,0x20,
	0x7F,0x01,0x81,0x0E,0x69,0x88,0x0F,0x31,0xC0,0x00,0x00,
	0x00,0x00,0x00,0x00,0x00,0x00,0x00,0x00,0x00,0x00,0x00,
	0x00,0x18,0xE8,0x67,0x19,0xE7,0x58,0xF0,0x50,0xF1,0x8F,
	0x80,0xF1,0x0F,0x00,0x00,0x00,0x00,0x00,0x00,0x00,0x00,
	0x00,0x00,0x00,0x00,0x00,0x00,0x00,0xF9,0x07,0xF9,0xD7,
	0x15,0x0C,0x7F,0x69,0x68,0x24,0xAB,0x50,0xA1,0x3F,0x01,
	0xCF,0xF1,0x00,0x10,0xF0,0x00,0x00,0x00,0x00,0x00,0x00,
	0x00,0x00,0x00,0x00,0x00,0x00,0x00,0x00,0x00,0x00,0x00,
	0x00,0x00,0x00,0x00,0x00,0x00,0x00,0x0F,0x18,0x38,0x40,
	0x01,0xE7,0x38,0x28,0x18,0x00,0x00,0x00,0x00,0x00,0x00,
	0x00,0x00,0x00,0x00,0x00,0x00,0x00,0x00,0x00,0x00,0x00,
	0x00,0x00,0x00,0x00,0xE0,0x11,0xCF,0x21,0xBF,0x11,0xBF,
	0x01,0xB8,0x08,0xD0,0x03,0xFD,0x00,0x00,0x00,0x00,0x00,
	0x00,0x00,0x00,0x00,0x00,0x00,0x00,0x00,0x00,0x00,0x00,
	0x00,0x00,0x00,0x00,0x00,0x00,0x00,0x1E,0xE2,0x3F,0xE1,
	0x44,0xDF,0x2C,0xF1,0x1F,0x01,0x5F,0xC8,0x45,0xBB,0x58,
	0xE4,0x1C,0x00,0x00,0x00,0x00,0x00,0x00,0x00,0x00,0xFF,
	0x01,0x00,0x00,0x00,0xFF,0x01,0x00,0xC1,0x3F,0x90,0x65,
	0xEC,0xFE,0x91,0x41,0xBF,0x11,0x83,0x65,0x98,0x3F,0xC1,
	0x03,0x0D,0x0F,0xF1,0xF0,0x3F,0xC1,0x3F,0x21,0xA3,0x5D,
	0xA7,0x31,0xC9,0x0E,0xF2,0x63,0x9C,0x3F,0x01,0xC0,0x07,
	0xF9,0x00,0x20,0xE0,0x00,0x00,0x00,0x1E,0xE2,0x00,0x00,
	0x10,0xF0,0x0F,0xF1,0x20,0xE0,0x3F,0xC1,0x3F,0x01,0xC7,
	0x19,0xE0,0x03,0xFD,0x00,0x6F,0x91,0x3F,0xC1,0x67,0xD9,
	0x2E,0xA9,0x68,0xE1,0x1F,0x21,0xB7,0x67,0xC2,0x2F,0xF0,
	0x51,0xAF,0x60,0xA1,0x5F,0xC1,0xAF,0x89,0x87,0x80,0xA1,
	0x0F,0x41,0xAF,0x60,0xB0,0x31,0xA0,0xFF,0x01,0xEF,0x11,
	0xBF,0xA1,0x80,0x1F,0x00,0x11,0xB0,0x3F,0xE1,0xDF,0x81,
	0x5F,0x59,0xAB,0x15,0xD0,0xF8,0x1F,0xE1,0x3F,0xC1,0x07,
	0xFB,0xFE,0x00,0x00,0x00,0x00,0x00,0x20,0xE0,0x1F,0xE1,
	0x1F,0xE1,0x03,0x2D,0xD0,0x00,0x3F,0x21,0xA1,0x2F,0xDF,
	0x55,0xF0,0xFB,0x00,0x71,0x77,0x48,0xC2,0x3E,0x61,0x87,
	0x79,0x8F,0x41,0xCF,0x01,0x6F,0xA8,0x68,0x82,0x7E,0xE1,
	0x1F,0xFD,0xA3,0x60,0xCE,0x32,0x00,0xE1,0x1F,0xF1,0xC7,
	0x48,0xB0,0x2A,0xE7,0x3F,0x84,0x5C,0xE1,0xBF,0x01,0xFF,
	0x61,0x8F,0x61,0xB0,0x38,0xDE,0xCA,0x03,0x35,0x87,0x59,
	0xA7,0x39,0xC8,0x1F,0x21,0xA3,0x4D,0xB7,0x21,0xD8,0x10,
	0x08,0xE8,0x00,0x00,0x00,0x00,0x00,0x06,0xFA,0x1C,0xE4,
	0x60,0xA0,0x10,0xF3,0x35,0xC8,0x3F,0x21,0xBF,0x48,0x99,
	0x3F,0x25,0xCB,0x49,0xEF,0x18,0x00,0x31,0xB5,0x32,0xEE,
	0x2A,0x31,0xBF,0x3F,0xCF,0xFA,0x18,0xF0,0x4D,0xB3,0x4F,
	0xC1,0x22,0x1E,0xF1,0x0F,0x00,0x98,0x61,0x07,0x00,0xE9,
	0xFF,0x18,0xE1,0xDF,0x21,0xBF,0x51,0x8F,0x40,0xFB,0xF5,
	0x31,0xA7,0xF9,0x00,0xEF,0x11,0x9F,0xA1,0x80,0xEF,0x30,
	0xE1,0xFF,0x41,0x83,0xBD,0x41,0xBF,0x40,0x20,0xE0,0x03,
	0xFD,0x00,0x00,0x00,0x00,0x00,0x00,0x00,0x00,0x00,0x00,
	0x00,0x00,0x01,0xFF,0x00,0x3F,0xC1,0x00,0x78,0x89,0x3F,
	0xFF,0x04,0x25,0xA7,0xF0,0x41,0x3F,0x41,0xBF,0x01,0x9F,
	0xC1,0x81,0x1E,0x61,0x87,0x91,0xB7,0x30,0x11,0x0E,0xC1,
	0x40,0x81,0x7F,0xE1,0x1F,0xF1,0xD0,0x3F,0xE0,0x20,0xC2,
	0x3E,0x64,0x9C,0xA1,0x1F,0xFC,0xFD,0xC8,0x7F,0xC1,0x5F,
	0xC1,0x88,0x17,0xE1,0xDF,0x3F,0x89,0x68,0x11,0x8F,0x51,
	0xA1,0x66,0xB9,0xE8,0x27,0xF1,0x10,0x0F,0xD0,0xF1,0x62,
	0x9E,0x07,0x59,0xBF,0x21,0x1F,0xA1,0x0F,0x71,0x8F,0xF1,
	0x0F,0x51,0xA7,0x39,0xC0,0x17,0x09,0xE0,0x2F,0xD1,0x1F,
	0x21,0xFF,0x39,0x88,0x0F,0x60,0xD1,0xDF,0x61,0x83,0x7C,
	0xE1,0xDF,0x31,0x97,0x68,0xD8,0x1D,0xFC,0x1F,0xE1,0x0F,
	0x11,0xDF,0x21,0xBF,0x91,0xCF,0xC1,0x1F,0x61,0x87,0x75,
	0x87,0x5C,0xC1,0xEF,0x70,0xE1,0xDF,0x60,0xE1,0xE0,0x3E,
	0xD1,0x28,0xC9,0x3C,0x03,0xE0,0xB0,0x70,0xF1,0xEF,0x1D,
	0xA3,0x60,0xC1,0xFF,0x3C,0x03,0xC2,0x3B,0xE5,0xBF,0x31,
	0xD0,0xFF,0x01,0xDF,0xF4,0x2D,0xA0,0x1F,0x21,0x83,0x4C,
	0xD5,0xE7,0x3D,0xB8,0x1A,0xE6,0x00,0x00,0x00,0x00,0x00,
	0x04,0xFC,0x1E,0xE2,0x00,0x00,0x00,0x00,0x00,0x00,0x00,
	0x00,0x3F,0xC1,0x00,0x00,0x00,0x00,0x28,0xD8,0x1F,0x21,
	0xDF,0x41,0xBF,0x45,0xFB,0xE4,0x3C,0x41,0xAF,0x51,0xDF,
	0x41,0x00,0xBF,0x5F,0x89,0x78,0xC1,0x3F,0xF1,0x0F,0x00,
	0x00,0xE1,0x1F,0xFF,0x01,0xFF,0xE1,0x20,0x00,0xF9,0x07,
	0x00,0xFD,0x03,0xFD,0x03,0xF1,0xDF,0x21,0xCF,0x21,0x9F,
	0x80,0xE0,0x11,0x90,0x3F,0x01,0xDF,0x01,0xDF,0x01,0xC7,
	0x28,0xF3,0xDD,0x01,0xFF,0x01,0xCF,0x53,0x9E,0x6F,0xD1,
	0xCF,0x51,0xA0,0x63,0x9D,0x00,0x00,0x00,0x00,0x00,0x00,
	0x00,0x00,0x00,0x00,0x00,0x00,0x00,0x00,0x00,0x00,0x00,
	0x00,0x00,0x00,0x00,0x00,0x00,0x0F,0xF1,0x1F,0xE1,0x1F,
	0x01,0x1F,0x01,0x2F,0x11,0xBF,0x31,0xEF,0x61,0xA4,0x4C,
	0x0F,0x01,0xFF,0x31,0x7F,0x90,0xC0,0x3D,0xA4,0x5F,0xF1,
	0xE7,0x19,0xEF,0x11,0xCF,0x3F,0xB9,0x30,0x09,0x0F,0x00,
	0xC0,0x01,0xFF,0x3D,0x8B,0x78,0x81,0xFF,0x7D,0xA3,0x21,
	0x17,0x09,0x90,0x0F,0x41,0xA3,0x9C,0x81,0xFF,0x01,0x3C,
	0xC4,0xE3,0x35,0xE8,0x3C,0xC4,0xD7,0x49,0xC7,0x19,0x00,
	0xEF,0xF1,0xF7,0x09,0xE0,0x1F,0x01,0xAF,0x11,0x00,0x1F,
	0xC1,0x1F,0x21,0xEC,0xD4,0x3F,0xC1,0x00,0x18,0x27,0xC1,
	0x0F,0xF1,0x07,0x59,0xA0,0x58,0xA8,0x0F,0x23,0xCE,0x0F,
	0x31,0xC0,0x4F,0xB1,0x03,0x35,0x27,0x01,0xAB,0x34,0xD0,
	0x52,0x01,0xDD,0x30,0xF1,0x0F,0x11,0xDF,0x11,0x0F,0x11,
	0xEF,0xE9,0x17,0x40,0xC1,0xBF,0x80,0x01,0x9F,0x81,0x67,
	0x98,0xA1,0xFF,0x41,0x87,0xB8,0x81,0xFF,0x21,0x1F,0xF1,
	0xDF,0x31,0x1F,0x0D,0xD4,0x0F,0x21,0x57,0xB8,0x81,0xFF,
	0x41,0xEF,0x21,0xCF,0xF4,0x5D,0x7B,0x54,0xC1,0xFF,0x61,
	0x7F,0x60,0xC1,0xBF,0x40,0xE4,0x5D,0x47,0x68,0xF1,0xDF,
	0x41,0xE0,0x07,0xD9,0x27,0xF9,0xF7,0xF9,0xDF,0x45,0xCC,
	0xFF,0xF0,0x25,0xDC,0x10,0x0F,0xE1,0xD7,0x5B,0xCE,0x2F,
	0x01,0xA0,0x3F,0x01,0xDF,0x35,0xAC,0x1F,0x29,0xF3,0x05,
	0xEF,0x11,0xEF,0x11,0x0F,0xFD,0x13,0x21,0xAF,0x4D,0xC3,
	0x30,0xF5,0x00,0x54,0xA8,0x0F,0x11,0xDF,0x21,0xBF,0x91,
	0x8F,0x91,0x3F,0x71,0xAF,0x91,0x61,0x2E,0x11,0xEF,0x30,
	0xE1,0xFF,0x09,0xB8,0x3F,0x01,0xBF,0x71,0xB0,0x1E,0x0A,
	0xF7,0x04,0xFD,0xDF,0x4D,0xD4,0x3F,0x01,0xBF,0x40,0xF0,
	0x11,0xDF,0x49,0x7D,0x5A,0x01,0xFF,0x18,0xE9,0xBF,0x51,
	0x9F,0x71,0xBF,0x31,0xB7,0x59,0x80,0x1F,0x01,0xE7,0x91,
	0x6B,0x0C,0xF5,0x1B,0x21,0xFF,0xF1,0xEF,0x41,0xA0,0x03,
	0x3D,0xCB,0x35,0x10,0xB0,0xDF,0x91,0x93,0xFC,0x11,0xCF,
	0x28,0x10,0x09,0xBF,0x25,0x03,0x19,0xB7,0x09,0xFF,0x01,
	0x27,0x19,0x9F,0x21,0xEC,0xF3,0x41,0xA0,0x2F,0xF1,0xE7,
	0x39,0xC3,0x1D,0xE0,0x1F,0x1D,0xC7,0x21,0xDC,0x00,0x07,
	0x39,0xCF,0x40,0xD1,0x00,0x17,0x2E,0xFB,0xAF,0x50,0x21,
	0xA1,0x43,0xFB,0x1D,0xE9,0x05,0x0E,0xE8,0x1F,0x01,0xFF,
	0x01,0xFF,0x18,0x09,0xFF,0xF9,0xE7,0x51,0xAF,0x45,0xEC,
	0xFF,0x21,0xAF,0x80,0xC1,0x00,0x1F,0x01,0xFF,0x08,0xE9,
	0x0F,0x1D,0xB3,0x50,0xE1,0xF4,0xCD,0x5E,0xE1,0xDF,0x01,
	0x9F,0x9F,0xB9,0x29,0xBF,0x19,0xAA,0x1D,0x22,0x1B,0xA4,
	0x0F,0x31,0xDF,0xE5,0x0B,0xF4,0x0C,0x11,0xC0,0x25,0x1B,
	0xAF,0x38,0xF9,0xDF,0x21,0xE0,0xC3,0x7C,0xC1,0xFF,0xE1,
	0x1F,0x21,0xDF,0x01,0xDF,0x41,0xAF,0x21,0xD7,0x59,0xA7,
	0x35,0xDF,0x24,0xE1,0x0F,0xE0,0x30,0x01,0xDF,0x31,0xDF,
	0x11,0x00,0xEF,0x39,0xA3,0x54,0x21,0xE7,0x09,0xF0,0xEF,
	0x16,0x1B,0xEF,0x10,0x00,0xE5,0x0B,0x51,0x87,0x71,0xA8,
	0x1F,0xE5,0x1B,0x01,0xE4,0x0C,0xF4,0x48,0xD4,0xFF,0x01,
	0xE4,0xFB,0x20,0xE1,0xFF,0x21,0xDF,0x41,0xA0,0x2F,0xF1,
	0x0F,0x11,0xBF,0x41,0xCF,0x30,0xE9,0xCD,0x3A,0x31,0xDF,
	0x15,0xEC,0xCF,0x5D,0xBB,0x75,0x88,0x0B,0x31,0xFE,0x01,
	0x08,0x0D,0xC7,0x44,0xF1,0xBB,0x54,0xD1,0xEF,0x41,0xBF,
	0x41,0xAF,0x69,0xB7,0x30,0xF1,0xD0,0xFF,0x41,0x10,0xD0,
	0xE0,0xFF,0x60,0xE1,0xBF,0x51,0x9B,0x34,0x31,0xB0,0xEF,
	0x51,0xA0,0x1F,0x21,0xC7,0x19,0xD7,0x0D,0xFB,0x21,0xE4,
	0xE3,0x1E,0xDB,0x24,0xDD,0x07,0xF7,0xFC,0x1C,0xE9,0xDF,
	0x38,0x0D,0xDC,0xDF,0x21,0xDF,0x5D,0x87,0x2D,0xEF,0x20,
	0x25,0xDC,0xF8,0x07,0x09,0x17,0x01,0xBF,0x45,0xBB,0x45,
	0x00,0xBC,0x0F,0x38,0xF9,0xCF,0x35,0xCB,0x50,0xC1,0xFF,
	0x21,0xDF,0x25,0xDB,0x11,0x0F,0x21,0xA8,0x17,0x21,0xE0,
	0x1E,0xE2,0xFF,0x18,0x01,0xFF,0x0D,0xEF,0x11,0x00,0xF2,
	0x0E,0x00,0x1B,0x01,0xBF,0x75,0xCC,0xFF,0x01,0x1F,0xE1,
	0xFF,0x71,0xCF,0x01,0xBF,0x70,0xD1,0xFF,0x31,0xEF,0x1F,
	0xC1,0x30,0xDC,0x34,0x00,0x00,0xC1,0x3F,0xFD,0x03,0xFF,
	0xB9,0x48,0xF9,0x07,0xF9,0x9F,0x50,0x09,0xCF,0x11,0xC9,
	0x26,0x04,0xDD,0xC1,0x5B,0xAC,0x56,0xB1,0x41,0x90,0x24,
	0xBB,0x45,0xCF,0x2C,0xE1,0xC7,0x38,0xE1,0x1F,0x01,0xC0,
	0x3F,0x21,0xCF,0x11,0xCF,0x29,0xF7,0x21,0x08,0xDF,0x20,
	0xE9,0xEF,0x00,0xF1,0x1F,0x01,0xFF,0x11,0xDC,0x24,0xE1,
	0x2E,0x01,0xDF,0x01,0xCF,0x55,0xCB,0x30,0xA4,0x3C,0xE1,
	0x1F,0x20,0x05,0xBF,0x41,0xBF,0x43,0xBB,0x1F,0xF7,0x29,
	0xB7,0x2D,0xFB,0x1E,0xF3,0xEF,0x25,0xDC,0xF7,0x27,0xE2,
	0xFF,0x39,0xB7,0x21,0xFF,0xF1,0x1F,0x11,0xD7,0x0D,0x0B,
	0x05,0xDB,0x3F,0xE2,0xFF,0x29,0xDF,0x18,0x05,0xFB,0x28,
	0xD9,0xF7,0x48,0x19,0xD3,0x05,0xDF,0x50,0x1F,0xC2,0xFF,
	0x30,0xF0,0x12,0x0E,0xE1,0xF5,0x0A,0x1E,0x02,0xF1,0xDF,
	0x08,0x28,0xD1,0xE7,0x29,0xD5,0x2A,0xF6,0xEB,0xFE,0xCA,
	0xF7,0x31,0xDF,0x11,0xE0,0xE8,0x17,0x21,0xCF,0x09,0xEC,
	0x00,0xFC,0x1F,0xE1,0xBF,0x2C,0x1A,0xFB,0xEF,0xF1,0x17,
	0xE9,0x1F,0xEC,0xF9,0xE3,0x38,0xE1,0xFF,0x25,0xE3,0x18,
	0x05,0xDD,0x23,0xFC,0xFF,0x05,0xDD,0x23,0xDC,0x1F,0x05,
	0x03,0xFD,0xDB,0xF0,0x40,0xF1,0x0F,0x11,0xDB,0x0C,0x01,
	0xEF,0x0D,0x0B,0x11,0xEF,0xF5,0xDB,0x25,0xE3,0x1D,0x1B,
	0x01,0xBF,0x31,0xDF,0x18,0xD9,0xFF,0x1B,0xE5,0x39,0xE8,
	0xDF,0x08,0x20,0xF9,0x04,0xFC,0xDF,0x21,0xFF,0x0D,0xD4,
	0xFF,0x3D,0xC4,0x24,0xFB,0x01,0x07,0x19,0x9F,0x60,0xE6,
	0x1A,0xE1,0x0F,0x11,0xE4,0x0C,0xEF,0x08,0x08,0x05,0xFA,
	0x11,0xF1,0xFF,0x21,0x07,0x09,0xC4,0x01,0x1A,0x11,0xDF,
	0x39,0xBD,0x5A,0xC1,0xFF,0x30,0xF1,0xDF,0x51,0xEF,0x01,
	0xBF,0x60,0x00,0x09,0xE0,0xE0,0x17,0x38,0xF9,0xD0,0x1F,
	0x11,0xF4,0xE3,0x11,0x07,0x11,0xBF,0x30,0xF1,0xEF,0x11,
	0xD7,0x28,0xF1,0xFF,0xF1,0xF3,0x1C,0x01,0xC7,0x38,0xE1,
	0xFF,0x01,0xE0,0x1F,0xE1,0xE4,0x1B,0x00,0xE5,0x00,0xE3,
	0x19,0xD7,0x29,0xB1,0x29,0xFE,0xE8,0x0F,0xF1,0xEF,0x19,
	0xE0,0xF8,0x00,0x17,0xE9,0x03,0x03,0x0B,0xF6,0xF9,0x00,
	0x00,0x00,0x2E,0xE2,0x0F,0x01,0xE7,0x25,0x03,0x11,0xC0,
	0x1F,0x21,0xCF,0x55,0xC3,0x48,0xF5,0xDB,0x08,0x28,0x01,
	0x0F,0x01,0xBF,0x40,0xF8,0x19,0xE7,0x48,0xF1,0xD7,0x19,
	0xF8,0x17,0x31,0xE3,0x1D,0xA2,0x1D,0x20,0x02,0x27,0xA8,
	0x0F,0x1C,0x14,0xE8,0x19,0xA1,0x3E,0xE1,0xF5,0x2A,0x11,
	0xA7,0x48,0xB1,0x1F,0x41,0xAF,0x11,0xEF,0x11,0xF7,0xE9,
	0x0F,0x11,0xE0,0xDF,0x28,0xD9,0x27,0x19,0xE0,0xF0,0xD8,
	0x37,0x05,0xEB,0xD9,0x37,0x09,0xD7,0x51,0xB0,0x25,0x1A,
	0x00,0x01,0xCF,0x20,0x02,0x4E,0xE1,0xAF,0x70,0x01,0xDF,
	0x0B,0x0D,0x25,0xCE,0x03,0x12,0x11,0xEF,0x01,0xEF,0x38,
	0xD9,0xDF,0x01,0xFF,0x51,0xD9,0xFF,0xA9,0x0E,0x40,0x11,
	0xBF,0xF1,0xEB,0x34,0x31,0xB0,0xFF,0x01,0xE7,0x59,0xA4,
	0xFB,0x10,0xF5,0x03,0x19,0xAF,0x38,0x05,0xF4,0xC0,0x1F,
	0x25,0xFB,0x21,0x9F,0x45,0xDB,0x39,0xA8,0x38,0xD7,0x36,
	0xFB,0xF7,0x01,0xE9,0x13,0xCC,0x1F,0x25,0xBF,0x26,0xF7,
	0x00,0xDF,0x3D,0xD3,0x25,0x0B,0xE1,0xEF,0x21,0xFF,0x30,
	0xE5,0x04,0xC7,0x50,0x01,0xBF,0x40,0xE5,0x03,0x19,0xFF,
	0x41,0xA5,0x4B,0xBD,0x31,0xE2,0xFF,0x10,0x11,0xC4,0x1B,
	0x21,0xE0,0xFF,0x01,0xE7,0x61,0xB7,0x3F,0xC2,0xEF,0x31,
	0xCF,0x49,0xC8,0xFF,0x01,0xFF,0x21,0xC0,0x0F,0x11,0x30,
	0xD0,0xE3,0xFD,0x04,0x1B,0x09,0xE7,0x09,0xED,0x1A,0x01,
	0xE4,0x1B,0x01,0x1C,0xE4,0x07,0xF9,0x08,0xE0,0x07,0x29,
	0xF5,0x0B,0xF7,0x10,0x01,0xC7,0x55,0xE4,0x08,0xD9,0x07,
	0x03,0x24,0xD1,0x0F,0xF5,0xFB,0x00,0x3D,0xC4,0xF0,0xF4,
	0x0B,0x24,0x0C,0xE9,0xF0,0xEC,0x01,0x1A,0x09,0xE0,0xFF,
	0x08,0x28,0xE9,0xF7,0x09,0xE4,0xFB,0x20,0x01,0x08,0xE0,
	0xF7,0x11,0xF4,0x1B,0xF1,0xFC,0xF8,0xFB,0x20,0x01,0xF0,
	0xF4,0xEB,0x15,0xE4,0x17,0x10,0xF8,0x31,0xCC,0xEA,0xFF,
	0x12,0xF4,0x14,0xFD,0xE0,0x1B,0x11,0xC7,0x15,0xDC,0x37,
	0x21,0xBF,0x21,0xBF,0x41,0xE0,0x27,0x01,0xCF,0x28,0xF5,
	0xFB,0x11,0xD7,0x19,0xEF,0x25,0xDC,0x08,0x17,0x06,0xDB,
	0x17,0x18,0x11,0xE4,0x06,0xFA,0x03,0x01,0xF7,0x20,0x11,
	0xD0,0x04,0x00,0x13,0x14,0x13,0xEA,0xE8,0xFF,0xFC,0x34,
	0x01,0x1A,0xE6,0xE7,0xF9,0x1F,0x31,0xC4,0x10,0xF3,0x28,
	0x01,0xC0,0x1F,0x21,0xD8,0x27,0xEF,0xF1,0xF1,0x0B,0x13,
	0x0A,0x06,0xD2,0x0F,0xF9,0x13,0xE5,0x07,0x21,0xC8,0x1F,
	0x01,0x0F,0x11,0xC0,0x1F,0x01,0xDF,0x4D,0xCD,0x26,0xE1,
	0xCB,0x54,0xF3,0x0D,0x01,0xBF,0x3F,0xEB,0xF2,0x14,0x09,
	0xDC,0xF3,0x11,0xF7,0x11,0xE0,0xFF,0x35,0xEC,0xC4,0x1B,
	0x08,0x06,0x12,0xE1,0xEF,0x49,0xA8,0x1F,0x01,0xDF,0x11,
	0xF8,0xF8,0xF6,0xEA,0x1B,0x05,0xE7,0x11,0xC7,0x39,0xE8,
	0xFF,0xF1,0xD7,0x29,0xEF,0x3C,0x04,0xE1,0xD7,0x19,0x0F,
	0x11,0xC7,0x28,0x10,0x15,0xDC,0xFF,0x21,0xCE,0x31,0x05,
	0xF3,0x0D,0xFB,0x29,0xE0,0x14,0xE8,0x0B,0x14,0x1D,0xD0,
	0x0F,0x01,0x1F,0x01,0xDF,0x21,0xC4,0x1B,0x38,0xF9,0xCF,
	0x0C,0x05,0xFF,0x30,0xC1,0xFF,0x41,0xBF,0x21,0xD1,0x0E,
	0x10,0x18,0xE9,0xEE,0x01,0x21,0xE1,0x1E,0xF0,0x1F,0xF2,
	0xF8,0xFF,0x11,0xF6,0xE5,0x0C,0x01,0xF7,0x2D,0xDC,0x04,
	0xF6,0xF6,0xFF,0x11,0xDB,0x2D,0xF3,0x0F,0xEE,0xF7,0x18,
	0xF1,0xE0,0xFC,0xFC,0x0F,0x41,0xD0,0xFF,0xF1,0xC7,0x30,
	0x1B,0xFE,0xEC,0xF8,0x0B,0x31,0xC0,0x07,0x19,0xEF,0x29,
	0xC8,0x05,0x1B,0xF4,0xF6,0xFD,0xFD,0xF3,0x14,0x04,0x10,
	0x01,0xE8,0x07,0xF9,0xE7,0x18,0x09,0x03,0x0B,0xE6,0xFB,
	0x0F,0xF9,0x29,0xD8,0xFC,0xE8,0x13,0x01,0x02,0x05,0xFD,
	0xBF,0x1D,0xE8,0x17,0x25,0xFC,0xDF,0x01,0xF7,0x25,0xE4,
	0x08,0xE8,0x0F,0x20,0x09,0xCD,0x03,0x07,0x18,0x09,0xF0,
	0xF0,0x04,0x13,0x09,0xDF,0x30,0x00,0x09,0xEC,0x01,0x1A,
	0x01,0xFF,0x01,0xE8,0xFF,0x1C,0xFD,0xFF,0x10,0x08,0x00,
	0x08,0xFC,0xE5,0xEF,0x50,0xE1,0xF7,0x04,0x15,0xD3,0x1C,
	0x09,0xF7,0x33,0xBE,0xEF,0x39,0xED,0x23,0xE8,0xFF,0x20,
	0xF1,0x08,0xF8,0x1F,0x11,0xDF,0xF1,0xDF,0x39,0x03,0x1C,
	0xC9,0xC0,0x3F,0x14,0x05,0xD8,0xDF,0x20,0x0A,0xF7,0xD0,
	0xFF,0x0E,0xFE,0x11,0xCC,0x17,0x11,0xD0,0xFF,0x21,0xC0,
	0x1A,0xED,0x1D,0xFC,0xDF,0x11,0xEF,0x28,0xD9,0xF9,0xF7,
	0x0F,0x01,0xFF,0x11,0xB7,0x19,0xF1,0x1E,0x0B,0xEE,0xDB,
	0x1C,0x01,0x0F,0x11,0xC0,0x01,0x36,0x11,0xD7,0x1B,0xD6,
	0x07,0x21,0xD7,0x30,0xF5,0x1B,0x01,0xFF,0x11,0xCF,0x20,
	0x01,0x15,0x33,0xE8,0xEF,0xF5,0x03,0x21,0xF7,0x18,0x08,
	0x09,0xD8,0xFF,0x33,0x0D,0x38,0xD9,0xE0,0xFF,0x21,0x0F,
	0x20,0xE1,0xE8,0xF7,0x40,0xE4,0x05,0xE1,0x26,0xF1,0xEF,
	0x10,0x01,0xF7,0xF9,0xCF,0x20,0x30,0xD1,0xDF,0x21,0xC9,
	0x17,0x1F,0xF1,0xF0,0xE8,0xFE,0xFC,0xF8,0x05,0xF1,0x00,
	0xF0,0xFF,0x05,0x09,0x03,0xBB,0x34,0x09,0xFC,0xFC,0xF0,
	0xF0,0x1F,0xF9,0xEB,0x21,0xFC,0xF0,0xEF,0x19,0xE7,0x3F,
	0xE6,0x1B,0xE9,0xFC,0x04,0xFF,0x18,0xE5,0x1B,0x11,0xE6,
	0xEE,0x03,0x49,0x00,0xD0,0xEB,0x21,0x0E,0xFC,0x09,0x08,
	0xD9,0x1F,0x01,0xEF,0x2F,0xCA,0x07,0x15,0x03,0x0C,0xED,
	0x0F,0xE1,0xDB,0x34,0x10,0x1D,0xF4,0xD0,0x0F,0x15,0xE1,
	0x0A,0x17,0xF5,0x0D,0xDC,0x02,0x04,0x05,0xF0,0x0C,0x0D,
	0xF8,0xE0,0xFF,0x18,0xFD,0xEC,0x14,0xD0,0xFB,0x05,0x0B,
	0x11,0xF3,0xFD,0xBF,0x10,0xF9,0x27,0x01,0xE0,0xFF,0x01,
	0xEF,0x10,0xE0,0x19,0xE8,0x0B,0x15,0xE3,0x13,0xD2,0x17,
	0x01,0xFB,0x05,0x1E,0x01,0x04,0xDD,0xFF,0x10,0x30,0x05,
	0xDC,0xD0,0x2F,0x18,0x0D,0x04,0xF8,0xF3,0x05,0xFF,0x10,
	0x05,0x13,0x11,0xFF,0x09,0xFF,0xE9,0xFF,0x2C,0x0B,0xDA,
	0xEF,0x20,0x10,0x11,0xE0,0xEB,0x04,0x2C,0x05,0xFC,0xF0,
	0xDC,0x17,0xF1,0xF7,0x29,0xD8,0x17,0x01,0xC8,0x17,0xF1,
	0x00,0xF4,0x1B,0xE5,0xFB,0xF1,0xEF,0x0C,0x14,0x05,0xD3,
	0x18,0x06,0x08,0xFB,0xC8,0x07,0xFB,0x1D,0x17,0xED,0x04,
	0x01,0x0F,0x0D,0x00,0xFC,0xFB,0xFD,0x07,0x20,0x01,0xF8,
	0x07,0xF3,0x05,0x08,0x20,0x0C,0x1C,0xF1,0xE8,0xE7,0x18,
	0x10,0x23,0xF5,0x09,0xF0,0xFF,0x04,0x2D,0xC0,0x0F,0x21,
	0xE7,0x21,0xE0,0xF8,0x0F,0x1D,0xF4,0xDC,0x03,0x08,0x19,
	0xEA,0x0A,0xF0,0x10,0xE7,0x0D,0xE8,0x1F,0x01,0xEF,0x11,
	0xD0,0x00,0xFB,0x0D,0x0C,0xD3,0x09,0x07,0x28,0xE1,0xF0,
	0xF0,0x1F,0x11,0xEC,0xF3,0xF2,0xFF,0x14,0x00,0xF8,0x10,
	0xCC,0xEF,0x45,0xF4,0xF8,0xF1,0x06,0x01,0xF7,0x21,0xEF,
	0x09,0xFC,0xF4,0xCF,0x18,0x18,0x01,0xFB,0x0F,0xF9,0xE5,
	0xD8,0x14,0xFB,0x20,0x11,0xC0,0xF0,0x0F,0x20,0x08,0xF9,
	0xDF,0x01,0xDF,0x1F,0xF1,0x38,0xF9,0xC6,0x19,0x21,0xFF,
	0xF1,0xEF,0x01,0xFF,0x24,0x00,0x01,0xEB,0xF1,0xEF,0x35,
	0xE4,0x0F,0xF1,0x07,0x01,0xF5,0x0B,0x07,0xFE,0xEC,0xFF,
	0xDF,0x20,0x00,0x18,0xE9,0xFF,0xF1,0xF8,0xEC,0x1B,0x09,
	0xF8,0x10,0xE0,0xE7,0x1D,0xED,0x2E,0x01,0xDF,0x15,0x02,
	0xF2,0x03,0x0A,0x19,0xF2,0xFB,0x14,0xF1,0xFF,0x20,0xE1,
	0xEF,0x2D,0xFF,0x0C,0x10,0x09,0xF3,0xF1,0xFB,0x31,0xE1,
	0x0E,0x01,0xFF,0x25,0xEB,0x09,0xEF,0x13,0xF6,0x2F,0x01,
	0xFF,0x19,0xED,0xDB,0x0F,0x24,0x04,0xF1,0x17,0xF1,0xEF,
	0x28,0xFE,0xEB,0x0F,0x20,0x00,0x00,0x00,0xF9,0xFB,0xED,
	0x0F,0x10,0xF0,0x10,0xFD,0x03,0xE1,0xF7,0x10,0x0B,0x04,
	0x02,0xD8,0x0B,0x14,0xE1,0x16,0xEA,0xEF,0x09,0xFF,0x09,
	0xF0,0xE8,0xF6,0xF8,0xFC,0x0D,0xFB,0xFE,0x02,0xF2,0xE4,
	0xF7,0x15,0xEC,0xFE,0xFE,0xF3,0xFD,0x10,0x0C,0xF0,0xE0,
	0xFF,0xF2,0x33,0x10,0xF3,0xFD,0xEC,0xE6,0x09,0x25,0x01,
	0x13,0xED,0x1A,0x01,0xFC,0xF3,0xF5,0xFB,0x1F,0x01,0x01,
	0xF7,0xF9,0x0F,0x01,0x0F,0xF1,0xF8,0x07,0x0B,0xF5,0x25,
	0xE4,0x0B,0x05,0x07,0x01,0xF8,0xE8,0xEF,0x10,0x13,0xFE,
	0x00,0xEF,0x05,0xF5,0x13,0xF4,0xEF,0xFC,0x11,0xE9,0x13,
	0xF4,0xFC,0xF8,0xEF,0x10,0xFB,0xFA,0xD4,0x2F,0xF1,0x07,
	0xF1,0xDF,0x09,0xF7,0x21,0xEB,0x25,0xF0,0x00,0xE7,0xF9,
	0x17,0x09,0x04,0xE4,0x07,0xF1,0xFF,0x18,0x18,0xF9,0xDF,
	0x09,0xE7,0x28,0x10,0xE1,0x0D,0xEB,0x07,0xF9,0x17,0xF3,
	0x05,0x09,0xFF,0x19,0xD0,0xEF,0x0B,0x0D,0x10,0x28,0xFD,
	0xDB,0x09,0xDF,0x10,0x09,0xFF,0x23,0xE3,0x1A,0x01,0xEF,
	0x01,0xEF,0x25,0x00,0x03,0x18,0xF9,0xEC,0xFB,0x01,0xFF,
	0x1D,0xE8,0x1B,0x21,0xD7,0x19,0xF0,0xEF,0x33,0xDF,0x2F,
	0xD0,0x0F,0x09,0x07,0x11,0xF1,0x0F,0xFF,0x0C,0x04,0x1D,
	0xD4,0xFF,0x1B,0x06,0xEF,0x21,0xE0,0x1F,0x03,0xF5,0x28,
	0xD1,0xE9,0xFD,0x09,0x09,0x0F,0xF9,0xE1,0x0D,0xFD,0x14,
	0x01,0xC3,0x2C,0xD1,0x0F,0x05,0x0B,0xF9,0xF0,0xE9,0x16,
	0x19,0xD8,0x07,0x2D,0xD4,0x0F,0xE9,0x27,0x11,0xE8,0xF2,
	0xE7,0x02,0x35,0x00,0xF7,0xF1,0xDF,0x20,0x20,0x11,0xD5,
	0xFB,0xFF,0x11,0xFF,0x11,0xEF,0xFC,0x03,0xE2,0xEF,0x49,
	0xEF,0x01,0xDF,0x03,0x05,0xF1,0x0D,0x0B,0xE3,0x14,0x15,
	0xEC,0xF0,0xF0,0xFF,0x20,0x09,0xE0,0xE7,0x11,0xFF,0x0C,
	0xFD,0xEC,0xFF,0x01,0x04,0xF0,0xD7,0x15,0x03,0x0E,0x12,
	0xFE,0xFD,0xF2,0xDB,0x25,0x33,0x09,0xC4,0xDC,0xDF,0x2D,
	0x19,0x0B,0xF7,0x09,0xD7,0x09,0x0F,0x0F,0xF7,0x19,0xED,
	0x1D,0xE0,0xF8,0xFF,0x06,0x0E,0x04,0x05,0xFB,0x09,0xE8,
	0xE7,0x30,0x01,0xFF,0xF1,0xE7,0x0D,0x13,0xF9,0x02,0xF3,
	0x0A,0xF9,0xF8,0x04,0x0B,0x20,0x01,0xD8,0xFC,0xE4,0xEF,
	0x2D,0xDC,0xFF,0x08,0x15,0xDC,0x08,0xE0,0x0F,0x01,0xFF,
	0x19,0xE7,0x0D,0xEC,0x03,0xF9,0x0B,0xE8,0x24,0x15,0xE8,
	0x07,0xF1,0xEF,0x30,0xF1,0xEF,0x11,0xFF,0x10,0x0C,0x09,
	0x01,0x17,0xE8,0xFB,0x06,0x1A,0x05,0x0C,0xEF,0x21,0xE0,
	0xFF,0x08,0xF9,0x0F,0x01,0xFF,0x3F,0xE2,0xE0,0xEF,0x10,
	0x20,0x01,0xEF,0x20,0xE1,0xED,0x04,0xFF,0xEE,0xFE,0xF9,
	0x0A,0x1D,0xF4,0x0C,0xE4,0xFF,0x11,0xD7,0x21,0xDC,0x00,
	0x1B,0x01,0xF0,0xF4,0x03,0x07,0x11,0x01,0x08,0xE8,0xDF,
	0x15,0x10,0xF6,0x15,0x19,0xEF,0xF9,0xE4,0x00,0x03,0x18,
	0x25,0xFB,0x05,0xEB,0x19,0xEF,0x15,0xE4,0xFF,0x2D,0xE5,
	0x0E,0x0C,0x00,0xED,0x0C,0xFF,0x1C,0xF1,0xFF,0x11,0xEF,
	0x21,0xCF,0x10,0xF8,0x06,0x03,0xFF,0x01,0x0F,0x17,0xDA,
	0x0F,0xF1,0xDB,0x14,0xFC,0x14,0x06,0x0B,0xDD,0xEB,0xFF,
	0x39,0xCF,0x18,0xF8,0x11,0xC0,0xFF,0x21,0x00,0xEF,0x08,
	0x00,0x09,0xEB,0x05,0xD4,0x1B,0x01,0xF3,0xFD,0x0F,0x01,
	0x0C,0xE4,0xF4,0xE7,0x03,0x01,0x13,0x05,0xFD,0xDB,0x15,
	0x0B,0x01,0xE4,0xFC,0x0F,0xF1,0xFB,0x06,0x07,0xDC,0x1B,
	0xF0,0x30,0x01,0xD3,0x1C,0x15,0xB1,0x2A,0x01,0x25,0x0B,
	0xFF,0x11,0xE8,0xFC,0x0B,0x03,0xF9,0x05,0x0F,0x05,0x0B,
	0xF1,0xE7,0x11,0xFF,0x19,0xF0,0xE4,0xF3,0x28,0x09,0x0A,
	0xFD,0x01,0xE5,0x0B,0xF3,0x2C,0xE1,0xFB,0x0D,0xF7,0x11,
	0xE0,0xFF,0x21,0x01,0xFF,0xD4,0x1B,0x01,0xFF,0xE9,0x17,
	0x01,0xFF,0x01,0xE7,0x0D,0xF0,0xE7,0x14,0x10,0x01,0x04,
	0xF0,0x0B,0xF5,0xF6,0xFA,0xF7,0x1C,0x01,0xFC,0xFC,0x0F,
	0xF9,0xE0,0xF8,0xFF,0x10,0x09,0xE3,0x1D,0xE8,0x1F,0x05,
	0xDC,0x00,0xE2,0x05,0x18,0x20,0x05,0x00,0xDC,0xFF,0x18,
	0xFC,0x0C,0xF1,0x0F,0x21,0xE0,0xFF,0x00,0x05,0x10,0xF0,
	0x03,0x19,0xFF,0x21,0xC4,0x1B,0xF0,0x1D,0x03,0x19,0xD8,
	0xFF,0x19,0xE9,0x1E,0xFF,0xE5,0x34,0xD9,0x0F,0x09,0xFE,
	0xF3,0x08,0xDF,0xFF,0x35,0xFB,0x1D,0xD4,0xEB,0x14,0x00,
	0x11,0xE2,0x1D,0xF1,0x07,0x0D,0xEC,0xE3,0x1C,0x01,0xF7,
	0x21,0xD9,0x1E,0xF1,0xFF,0x12,0xF7,0xE0,0x1F,0xF9,0xFF,
	0x11,0xE5,0x19,0xE9,0x10,0x18,0xF1,0xF3,0xFD,0xEF,0x28,
	0x09,0xC5,0x2A,0xF1,0xFF,0x11,0xE7,0x20,0xE9,0x00,0xE0,
	0xFF,0x11,0x0F,0x15,0xEB,0xF6,0x10,0x03,0xEC,0x00,0x03,
	0x15,0x00,0xFC,0xF3,0x09,0xF4,0xF7,0x29,0xD8,0x07,0x09,
	0xFD,0x13,0xF0,0xDF,0x10,0x01,0x08,0xF0,0xFF,0x18,0xFF,
	0xE2,0xEC,0xFE,0x05,0x08,0xED,0xDC,0x0F,0x11,0xE0,0xFF,
	0x18,0xE9,0xF0,0x00,0x0F,0xEE,0x0F,0xF4,0xFC,0xDD,0x06,
	0xF9,0x17,0x29,0xCB,0x2D,0xC3,0x3C,0x21,0xD0,0x00,0xF4,
	0x0B,0x30,0xFE,0x03,0xE0,0xFF,0x18,0xFC,0x14,0xFD,0xEF,
	0xFE,0x03,0x13,0x17,0xF2,0xF0,0xDF,0x24,0x1C,0x09,0xF8,
	0xE4,0x1B,0x01,0xEF,0x18,0x14,0xE5,0xEB,0xF9,0x03,0x1C,
	0x06,0x0B,0xEC,0xEF,0x11,0xFF,0x19,0xE7,0x11,0xE7,0x19,
	0x1F,0x0D,0xC4,0x04,0xFC,0x15,0xFB,0xFB,0xF5,0x07,0x08,
	0xFC,0x1D,0xF8,0xFB,0xF8,0x0C,0x01,0xF0,0xF7,0x28,0x11,
	0xF7,0xE9,0xEF,0x0C,0x0D,0xEF,0x28,0xF1,0xFE,0xE6,0xF3,
	0x09,0xFF,0x10,0xFC,0x14,0x11,0xD0,0xFA,0xDE,0x07,0x30,
	0x01,0xEF,0x04,0xED,0xF7,0xF9,0xF5,0x1A,0x01,0xF3,0x1D,
	0xD4,0xF7,0xFF,0xE5,0x28,0x09,0xF4,0xEF,0xED,0xEF,0x35,
	0xFC,0xDF,0x27,0xFA,0xE7,0x18,0x01,0x04,0x0C,0xF4,0x1B,
	0xF1,0xF7,0x10,0x15,0x03,0x01,0xF0,0x1C,0x04,0xE9,0x16,
	0xF1,0xFB,0x24,0x01,0xE4,0x08,0xF3,0x20,0x21,0x03,0xED,
	0xD7,0x15,0xF3,0x20,0x01,0xFF,0x01,0x00,0xD1,0x2E,0x01,
	0xFF,0x01,0xE0,0x00,0xEF,0x18,0x14,0xF5,0xD1,0x0F,0xF0,
	0xFF,0x01,0x00,0xFF,0xF1,0xF0,0xEB,0x14,0x18,0x09,0xE4,
	0x00,0xF0,0xF8,0xEF,0x14,0x10,0x09,0xEE,0xEA,0xFF,0x30,
	0xF5,0xEB,0x0C,0xF9,0x0B,0x05,0x03,0x19,0xF8,0xEC,0x00,
	0x1B,0x10,0x20,0xE9,0xF7,0xF9,0xF9,0x1E,0x21,0xDF,0x1D,
	0xE4,0x17,0x10,0xF9,0xE5,0xE4,0x26,0x10,0x00,0xC1,0x1F,
	0xE1,0x1B,0x05,0xE8,0xFF,0x15,0xE4,0xEE,0xFA,0x07,0x21,
	0xFF,0xD9,0xF8,0xEF,0x16,0x0A,0x01,0xF9,0x07,0xF0,0x04,
	0xEE,0x12,0x1B,0x01,0xE0,0xFE,0x00,0xF1,0x15,0x00,0x00,
	0x04,0xF7,0x20,0xF4,0xF5,0xD7,0x25,0x03,0x29,0xD7,0x08,
	0x10,0x01,0xF2,0xEE,0xDF,0x40,0x20,0xF1,0xE0,0xF0,0xFF,
	0x15,0xF0,0x0B,0xF6,0x03,0xFF,0x17,0xEA,0x00,0xFD,0x17,
	0xF2,0x02,0xF4,0x00,0xEF,0x11,0x00,0x1B,0xF1,0x04,0xF4,
	0x17,0x10,0x11,0xD1,0x0E,0x01,0xF7,0x11,0x17,0x03,0xFD,
	0x01,0xF0,0x0F,0x01,0xFF,0x11,0xFF,0x15,0xE0,0x04,0x07,
	0xFD,0x03,0x21,0xD8,0x07,0xF1,0xFF,0x01,0xFB,0x05,0xE8,
	0xF7,0xF6,0x2A,0xF1,0xEF,0x01,0xF3,0xFD,0x00,0xFF,0x01,
	0x02,0xF9,0x0D,0xF0,0xFC,0x00,0xE8,0x12,0x06,0x01,0x00,
	0xFF,0xFC,0x03,0x1C,0xE9,0xFC,0x14,0xF1,0x0F,0xF8,0xF7,
	0x10,0x12,0xFE,0xF9,0xF0,0xF4,0xFB,0x39,0x07,0x01,0xCB,
	0x05,0xEF,0x41,0xEF,0x09,0xE7,0x10,0x18,0x09,0xEF,0xEE,
	0x0A,0xF9,0x27,0xE9,0xFF,0xE1,0xFF,0x11,0x0F,0x01,0xD7,
	0x11,0xF7,0x33,0xDF,0x07,0xE1,0x06,0xF3,0x06,0xF8,0xF5,
	0x12,0xF8,0x19,0xE0,0xFC,0xFC,0xFF,0xE9,0x17,0x0D,0xF8,
	0xF4,0xFF,0x08,0x06,0xFF,0x0B,0x01,0xF3,0xED,0xDF,0x36,
	0xFB,0xFF,0x09,0xFC,0x03,0xFD,0xFF,0x01,0x0B,0x01,0xF9,
	0x16,0x01,0xFF,0x01,0xE5,0x03,0xFC,0x0B,0x15,0xF3,0x21,
	0xD8,0x05,0x02,0x20,0xE9,0xEF,0x05,0xFB,0x08,0x08,0xF1,
	0xF4,0x00,0x1B,0x01,0xE8,0xE3,0x19,0x1B,0xF5,0xF0,0xEE,
	0xFF,0x0E,0x21,0x00,0xE4,0xFB,0x10,0x01,0xF4,0x04,0x07,
	0x01,0xE7,0x00,0x0E,0xFF,0x0B,0xF9,0xFC,0x00,0xFB,0x20,
	0x01,0xEB,0xF9,0x0B,0x10,0x00,0x18,0x19,0xD9,0x02,0x08,
	0x1A,0xF3,0x0C,0xE4,0x1F,0x11,0xF2,0xEE,0x0F,0x09,0xF7,
	0x00,0x01,0x0F,0xE1,0x1F,0x01,0xE5,0x03,0x00,0xF7,0x21,
	0xD0,0x0E,0x01,0x0F,0xE2,0x0F,0x01,0xF5,0x0A,0xF8,0x03,
	0xEE,0x0F,0x29,0xC0,0x1F,0xE1,0xFF,0x21,0xD4,0x0B,0x12,
	0xF7,0xFF,0x0D,0xEC,0xE7,0x21,0xF7,0x0B,0xF6,0xEF,0x20,
	0xF1,0xEF,0x19,0xE0,0x07,0xF9,0x17,0xF1,0xF4,0x09,0x00,
	0x02,0x01,0xEF,0x19,0xE8,0xF9,0x02,0x0C,0x01,0xF8,0xEF,
	0x15,0x00,0xF7,0x05,0xE0,0xFF,0x1B,0xF5,0x01,0xFF,0x11,
	0xEF,0x15,0xF7,0xF5,0xFF,0x10,0x05,0x00,0xDF,0x1C,0xF6,
	0x12,0x09,0xF0,0xF7,0x09,0xFF,0x10,0x10,0x11,0xE3,0x09,
	0xF3,0x3E,0xF3,0xF2,0xEE,0x1F,0x09,0xF8,0xF7,0x0C,0x04,
	0x01,0xF7,0x01,0xEF,0x29,0xE7,0x1C,0xF5,0xFC,0xF4,0x0F,
	0x0B,0xEE,0xF0,0xF4,0xF4,0xF7,0x31,0xCF,0x25,0xD4,0xF4,
	0xE7,0x13,0x05,0x0C,0x01,0xDF,0xF9,0xED,0x03,0x03,0x10,
	0xF5,0xE0,0x13,0xED,0xFF,0x04,0x1B,0xDD,0x24,0xE1,0x1C,
	0xDB,0x19,0xE0,0x2F,0xF1,0xFF,0x05,0x03,0x25,0xF3,0x10,
	0xFD,0x06,0xFD,0x05,0xFC,0x04,0x1B,0x17,0xFA,0x03,0xFF,
	0x0D,0x21,0xEB,0x1D,0xD8,0x1B,0x14,0x1A,0xFE,0x09,0xD7,
	0x01,0xF7,0x19,0x07,0x1F,0xF1,0x01,0xD1,0x16,0xF1,0xF8,
	0xFB,0x24,0xE2,0x1A,0xF5,0xF7,0xF9,0xE0,0xF7,0x27,0xE2,
	0x17,0xF6,0x12,0xE1,0xEB,0xFD,0x0B,0x00,0xFD,0xF0,0xFF,
	0x20,0x01,0xEF,0x00,0xF1,0xFF,0x21,0xEF,0x01,0x0A,0xE9,
	0x1C,0xF1,0x0F,0x01,0xF7,0xE9,0xFF,0x31,0xE7,0x25,0xD4,
	0x07,0x11,0xEF,0x1F,0xE2,0x1E,0xEA,0x0B,0xE5,0xEF,0x10,
	0x20,0xFD,0xFD,0xE7,0xEF,0x20,0x01,0xFE,0x01,0x01,0xF0,
	0x0A,0xF9,0xF8,0x0B,0x02,0xF1,0xFF,0xF3,0x23,0xE9,0x1F,
	0xE2,0x08,0xD4,0x1B,0x01,0xFF,0x13,0xF9,0xFC,0x09,0xF0,
	0xFF,0x01,0xF8,0x07,0x0F,0x11,0x11,0xD3,0x1C,0x01,0xDF,
	0x09,0xE7,0x19,0x17,0x01,0xE0,0xFF,0x09,0xF7,0x00,0x00,
	0x05,0xEC,0xF7,0x0D,0xFB,0xF9,0xE7,0x15,0xFB,0x0B,0xFD,
	0x01,0xFC,0x00,0xDD,0x1E,0xF9,0xEF,0x18,0x05,0xEC,0xF7,
	0xFD,0x03,0x18,0xF0,0xF5,0x07,0x19,0xE5,0x09,0xEE,0x06,
	0xF1,0x20,0x07,0x06,0x00,0xE4,0xF5,0x12,0x15,0xFB,0xF9,
	0xF7,0x01,0x07,0x0D,0x1B,0xF1,0xF4,0xF0,0x03,0xF9,0x0F,
	0x05,0xFB,0x11,0xFF,0xF9,0xF8,0xFD,0x07,0x00,0x01,0x08,
	0xFB,0x03,0x11,0xF4,0x01,0xFF,0xF7,0x26,0xEA,0x09,0x07,
	0xF9,0xEF,0x09,0xF7,0x09,0xF1,0x16,0x01,0xE7,0x2D,0xF3,
	0x18,0xE1,0xEF,0x01,0x07,0x10,0x0D,0xDE,0x0D,0x02,0xFF,
	0x00,0x00,0xFF,0x30,0xF1,0xFF,0xE1,0xFF,0x0B,0x15,0x00,
	0x05,0xF0,0xF4,0x17,0x10,0x01,0xD0,0x18,0x00,0xF7,0x18,
	0x10,0x09,0xD1,0x16,0xE1,0x07,0x20,0xF1,0xF6,0x05,0x14,
	0x19,0xD8,0xFF,0x05,0xF4,0x1E,0xEA,0xEF,0xF9,0xFC,0xF3,
	0x1E,0xF3,0xF7,0x09,0xEB,0x11,0xEC,0x0F,0x01,0xE4,0x07,
	0x07,0xFD,0xF9,0xD8,0x24,0xE1,0x1A,0xEC,0x08,0x01,0x0B,
	0x08,0xF9,0xF0,0xF0,0xFF,0x09,0xFE,0x00,0x09,0x09,0xF8,
	0xF7,0x09,0xEB,0x20,0xF4,0x09,0xF7,0x09,0xE7,0x25,0x00,
	0x02,0xFE,0xF6,0xE9,0x21,0x01,0x1A,0x01,0xEB,0x05,0xF7,
	0x04,0x14,0xF1,0xFF,0x01,0xFF,0xF5,0x03,0x0D,0x0B,0x01,
	0xF0,0xF4,0x00,0x1B,0x14,0xF5,0x0E,0xEA,0xE9,0x15,0x09,
	0x08,0x00,0xF9,0xF7,0x31,0xC7,0x29,0xE3,0x15,0xFF,0x0D,
	0xDC,0xFF,0x11,0xFF,0x0D,0xE4,0xFB,0x0D,0xF7,0x01,0xFF,
	0xF3,0xF8,0xFA,0x0B,0x1F,0xFA,0xF8,0xF0,0x07,0x09,0xF0,
	0xFF,0xF5,0x0B,0x11,0x00,0xE9,0x15,0xE6,0x01,0x03,0xD7,
	0x28,0x08,0x11,0xE4,0x06,0x08,0xFC,0x07,0xEF,0x00,0x08,
	0xF8,0x0C,0xF0,0xF7,0xF8,0x15,0x0B,0x01,0xF0,0xE3,0xFE,
	0x1E,0x05,0xEF,0x0C,0x01,0xEF,0x18,0xFD,0xE7,0x11,0xFB,
	0x00,0x01,0xF7,0x18,0x19,0xCF,0x15,0xFC,0x04,0x00,0x00,
	0x01,0x03,0xE7,0x30,0x01,0x00,0xE4,0x00,0x0B,0x25,0xEC,
	0xFF,0x01,0xFC,0x04,0xFB,0x05,0x0F,0x01,0xF0,0xEC,0x13,
	0x15,0xFC,0xFF,0x05,0xF5,0x07,0xF3,0x0D,0xFF,0x11,0xE9,
	0x16,0x01,0xE0,0x18,0x07,0x18,0xF0,0x11,0xE0,0x07,0x11,
	0xE7,0x29,0xD7,0x18,0x08,0xF9,0xFF,0xE1,0x0B,0x1C,0xF9,
	0xFF,0x09,0xF7,0x02,0x03,0xEB,0x1D,0xED,0x25,0xE2,0xF8,
	0xF8,0x0D,0x0A,0x12,0xFE,0xF9,0xDD,0x1E,0x09,0x13,0xE9,
	0xEB,0x04,0x10,0xF8,0x05,0xF4,0xEF,0x18,0x05,0xE8,0x0B,
	0x01,0xEB,0x21,0xE4,0xFF,0xF9,0xEF,0x37,0xE2,0x07,0x09,
	0xEF,0x1F,0xDA,0xFB,0x11,0xF5,0x16,0x01,0xE9,0x07,0xF5,
	0x06,0x0C,0x01,0xF3,0x09,0xFC,0xF0,0xF1,0x1E,0x04,0x18,
	0xE9,0xF0,0xEC,0xFF,0x21,0xF7,0x11,0xDF,0x09,0xF0,0xFF,
	0x15,0xF3,0xF9,0xE8,0x07,0x09,0x07,0x03,0xF5,0x09,0xE8,
	0xFC,0xFB,0x10,0x09,0xFF,0xF9,0xF4,0x18,0xEC,0xFC,0x00,
	0xF0,0x0B,0x11,0xDF,0x15,0xDB,0x25,0xF3,0x10,0x19,0xE0,
	0xEF,0xF8,0x16,0x03,0xEA,0x05,0x01,0x0F,0x06,0xFF,0x00,
	0xE7,0x05,0x07,0xF9,0xFB,0x0C,0xF9,0x03,0x11,0xFF,0x04,
	0xF9,0xEF,0x08,0x10,0x19,0xE4,0xEB,0x0E,0x03,0xFF,0x05,
	0x00,0xFF,0x0C,0xF9,0xFF,0x09,0xF0,0x05,0x0F,0xFF,0x05,
	0xE8,0x04,0x0D,0x0A,0xF9,0xF7,0x04,0x1C,0xFC,0xF9,0xE4,
	0x1A,0xF5,0x08,0x05,0xFF,0x03,0xFD,0xF8,0x02,0x0B,0xE4,
	0xFF,0x2D,0xDC,0x0F,0xFC,0x04,0x01,0xF4,0x04,0xFE,0x02,
	0xF3,0x14,0x01,0xE8,0xFC,0x16,0xF2,0x03,0xF9,0x03,0x02,
	0x0A,0xF1,0xFB,0x01,0x07,0x11,0xFC,0xEC,0x00,0x0E,0xFE,
	0xFF,0x11,0xEC,0xF8,0x13,0xFB,0x05,0xFD,0xF0,0x03,0x0D,
	0x05,0xF7,0x0F,0x09,0xEC,0x0C,0xE8,0x17,0xF6,0x12,0xF9,
	0xFF,0xFE,0x09,0xFA,0xF4,0xFF,0x09,0xFE,0x05,0xFF,0x01,
	0x11,0xF3,0x05,0xF1,0x0B,0xFF,0xFD,0x0F,0x0F,0xF2,0xFA,
	0x0B,0x0A,0xF9,0x07,0x01,0xFA,0xFC,0xFE,0xED,0x1E,0x01,
	0xEF,0x19,0xF0,0xF7,0x10,0xF4,0x1C,0xF9,0xE0,0xF7,0x11,
	0xF9,0x1E,0xF1,0x07,0x05,0xEF,0xED,0xEF,0x28,0x11,0xE1,
	0x0B,0xFF,0xFD,0xE7,0x17,0xF9,0x15,0xEC,0x07,0x0F,0xFA,
	0xF4,0xF4,0xEB,0x15,0xFB,0x14,0x10,0xF1,0xE4,0xFE,0x0D,
	0x01,0xFF,0x01,0xFF,0x01,0xFB,0x10,0xFD,0xF8,0xFF,0xF5,
	0x0B,0x23,0xF5,0xF4,0xFD,0xF8,0x0E,0xF2,0x0E,0xF8,0x11,
	0xF9,0x0F,0xE1,0xF7,0x1D,0x0B,0x01,0xE8,0x04,0x03,0x1C,
	0xF5,0xE8,0xE9,0x0E,0x0A,0x16,0xF1,0xFF,0x01,0xDC,0x13,
	0x11,0xDC,0x13,0x09,0xF7,0x0B,0xEA,0xFF,0x0C,0x09,0xF7,
	0x0D,0xE4,0x0F,0x19,0xE8,0xF2,0xF6,0x07,0x20,0x01,0xE4,
	0xFC,0xFB,0x01,0xFB,0x08,0xF5,0x00,0x14,0xF8,0xF4,0xF3,
	0x00,0x09,0x03,0x01,0x00,0xE0,0x0B,0x15,0xEC,0x03,0x01,
	0xF4,0xFD,0x10,0xFA,0x0C,0xFD,0xF6,0xFA,0xEF,0x14,0xFD,
	0x07,0x15,0xFC,0xF6,0xEA,0xFF,0x25,0xF3,0x10,0xF9,0xDF,
	0x17,0xF9,0x10,0x05,0x03,0x0B,0xF3,0xFF,0xF3,0x18,0x19,
	0xF7,0x01,0xF1,0x04,0x0A,0x15,0xFC,0x03,0x09,0xE8,0x0B,
	0x06,0x07,0xF9,0x0A,0x0F,0xE6,0x17,0xFD,0x0F,0x01,0xE8,
	0x0F,0x09,0xEB,0x0E,0x0A,0xF9,0xF7,0x0E,0x02,0x07,0xF2,
	0xFC,0xF5,0x12,0xF4,0x14,0x01,0xEB,0x14,0x01,0xEF,0x09,
	0xF0,0x17,0xF9,0x07,0x01,0xEF,0x18,0x05,0xF4,0xE5,0x07,
	0xF1,0x12,0x01,0x0F,0x01,0xF5,0x0A,0xF1,0xFD,0x0B,0xF4,
	0xF3,0x19,0xD8,0x0F,0x01,0xFF,0x11,0xE7,0x07,0xFA,0xF8,
	0xF0,0xFF,0x10,0x13,0xEE,0xFB,0x01,0xE8,0x07,0xF5,0xFF,
	0x11,0xF5,0xFD,0xFD,0x01,0xFF,0x05,0xF0,0x00,0x00,0xFB,
	0x10,0x01,0xF4,0xFC,0xEF,0x11,0xE4,0x13,0x09,0xE7,0x1D,
	0x00,0xF7,0x01,0xEE,0x01,0x09,0x03,0x0E,0xFF,0x03,0xFD,
	0xED,0x06,0x07,0x01,0x05,0x0F,0xF1,0xFB,0x01,0xF7,0x0D,
	0x0B,0x06,0x03,0xEC,0xF9,0x07,0x0B,0x06,0x02,0xFB,0xF7,
	0x0E,0xFD,0xF0,0x00,0xEF,0x14,0x19,0xF3,0xFD,0xFF,0x01,
	0xF7,0x06,0x0A,0x0D,0xEC,0xF4,0x00,0x0B,0x05,0xF4,0x04,
	0xFC,0xFD,0x1A,0x03,0xF0,0xF6,0xFC,0xFB,0x05,0x00,0x01,
	0x13,0xF0,0xEB,0x11,0x00,0x00,0xFB,0x01,0xFF,0xF1,0x07,
	0x0D,0xE0,0x07,0x0C,0x01,0xF8,0x06,0xFA,0x07,0x0D,0xED,
	0xEF,0xF8,0x07,0x20,0x05,0xFC,0xD1,0x0E,0x18,0x01,0xE8,
	0xFF,0x04,0x0C,0x15,0xFC,0xE0,0xFF,0x05,0x0B,0x01,0xEB,
	0x14,0x01,0xFF,0x10,0xF3,0x05,0xF9,0xFB,0x05,0xFB,0x14,
	0x04,0x09,0xF8,0xEE,0x05,0x04,0x09,0x02,0x01,0x11,0xEE,
	0x09,0xF9,0x03,0x05,0xFD,0x12,0x14,0xF5,0xF8,0xED,0x02,
	0x10,0x20,0x01,0xEF,0x01,0xF7,0x0D,0xEF,0x1C,0xFC,0x0C,
	0xFD,0xEC,0x0B,0xF5,0x0F,0x01,0xF2,0x05,0x10,0x05,0xFD,
	0xEF,0xF3,0x13,0xF5,0x1C,0xF6,0xFB,0xF3,0x0C,0x0D,0xF4,
	0xFF,0x11,0xF0,0x02,0x02,0xFB,0x0E,0xFF,0x00,0xF5,0xFF,
	0xFF,0x0A,0xFC,0x06,0x01,0x03,0x01,0xF0,0x06,0x01,0xFD,
	0xFB,0x05,0xFC,0xF5,0x0A,0xFE,0x1A,0xF9,0xFA,0xEE,0x03,
	0x0C,0x16,0xE3,0xF7,0x01,0x07,0x08,0x05,0xF0,0x03,0x00,
	0xE9,0x07,0x11,0xEF,0x10,0xF5,0x03,0xF1,0xFF,0x02,0x06,
	0x10,0xF5,0xEC,0x0B,0x01,0xFB,0x09,0xF3,0x01,0xFC,0x0E,
	0xF2,0xFE,0x0A,0xF8,0xEF,0x0B,0xFC,0xFF,0x07,0xF5,0x0E,
	0x01,0xF0,0x0F,0x07,0xEA,0x0F,0x0D,0xE8,0xFD,0x04,0xFB,
	0x07,0x0D,0xF5,0xFB,0x0B,0xF1,0xFF,0x19,0xE8,0xF7,0x25,
	0xF4,0xFF,0x01,0xE7,0x18,0xFC,0xFA,0xFB,0xFF,0x10,0xFA,
	0x09,0xF8,0x05,0xF1,0xFC,0xFC,0x07,0x0F,0xF2,0x0F,0xF3,
	0xFB,0xFB,0xFC,0xF3,0x0E,0x13,0x07,0x01,0xF4,0xF4,0x07,
	0x03,0xF9,0x04,0x01,0xFB,0x14,0xF9,0xFF,0x01,0xF4,0x03,
	0x10,0x09,0xF0,0xFD,0x03,0x03,0x01,0xFB,0x08,0xF6,0x0A,
	0x09,0xFA,0x04,0xFA,0xFF,0xF9,0xFF,0x0B,0xF4,0x01,0x0E,
	0x05,0x05,0xF9,0xF8,0xF4,0x03,0x0E,0x0A,0x09,0xE8,0xFA,
	0x00,0xFB,0x06,0x04,0x10,0x01,0xF8,0xF8,0xFF,0x01,0xFD,
	0x0A,0x06,0xFB,0xF3,0x0A,0x02,0x08,0x0B,0xE6,0xFF,0x01,
	0x0F,0x0F,0xFA,0xF2,0xF6,0xFF,0x15,0xFB,0x17,0xF6,0x0C,
	0xE8,0x03,0xF7,0xFD,0x08,0x20,0xF5,0xF8,0xF4,0x07,0x05,
	0x03,0x15,0xEC,0xE7,0x0E,0x12,0x0F,0xEC,0xF2,0xFB,0x08,
	0x07,0xF9,0x08,0x0D,0xF4,0xF7,0xF9,0xFF,0x15,0xFD,0xFF,
	0xE9,0x02,0x0E,0x09,0xFB,0xFF,0xF4,0xFA,0x05,0x0D,0xFC,
	0xF8,0xF9,0x0C,0xF7,0x09,0xFB,0x07,0x01,0xF7,0xFD,0xF7,
	0x14,0x01,0xEF,0x0A,0x00,0x09,0xFF,0x07,0xF0,0x0F,0x05,
	0xE9,0xFE,0x08,0x09,0x01,0xFF,0x03,0xFB,0xF0,0xFD,0x10,
	0x01,0x06,0xFA,0xF8,0xFB,0x0C,0x03,0xF6,0xFA,0x02,0xF8,
	0x06,0xFB,0x02,0x01,0xF8,0x07,0xF9,0xFF,0xFD,0x03,0xF3,
	0xFC,0x01,0x0D,0xFF,0xFD,0xF5,0xFB,0xFF,0x05,0xFA,0xFE,
	0xFC,0xF3,0x11,0x08,0xFF,0xFD,0xF8,0xFB,0x00,0x04,0x02,
	0x03,0x00,0x00,0x04,0xFD,0x06,0xFF,0xFA,0xEF,0x0C,0x05,
	0x00,0x06,0xFA,0x00,0xF7,0x09,0xFC,0xFF,0x05,0x03,0x13,
	0xF6,0xF4,0x00,0xED,0x06,0x0D,0x09,0xFB,0xF8,0xF7,0x08,
	0xFB,0x05,0x04,0x01,0x00,0xEF,0x04,0x0E,0x13,0xF0,0xFC,
	0xFC,0xFD,0xF8,0x0A,0x06,0x05,0x01,0x05,0xF4,0x00,0x02,
	0xFE,0x00,0x08,0xFC,0xFF,0x05,0xFC,0xFC,0x02,0x09,0x0E,
	0xF7,0xF8,0xFE,0x03,0xF8,0x0A,0x01,0xFB,0x05,0xF7,0x10,
	0x04,0x03,0xF8,0x01,0xF9,0x03,0x07,0x05,0x05,0xFC,0xFF,
	0xFB,0x00,0xFE,0xF6,0x0D,0x12,0xF3,0xEF,0x06,0x0A,0x0B,
	0xF6,0xF8,0x07,0x02,0x06,0x05,0xF4,0xFF,0x04,0x08,0x0C,
	0xF9,0xE9,0x0B,0x03,0xFD,0x07,0x10,0xF9,0xF6,0xFE,0xFF,
	0x14,0xED,0xF7,0x1C,0xFF,0xF3,0x03,0xE8,0x07,0x21,0xFF,
	0x03,0xEE,0xFB,0xFE,0x06,0x1C,0xF5,0xEF,0x05,0xFB,0x02,
	0x0A,0x05,0xF3,0x03,0xF2,0x07,0x08,0x01,0x07,0x03,0xFB,
	0xF3,0xF0,0x00,0xFF,0x20,0x0A,0xFF,0xF8,0xF0,0xF7,0x10,
	0x09,0xF3,0x01,0xED,0x0E,0x0B,0xFE,0x00,0xFA,0x05,0x0E,
	0xEB,0xF7,0x0F,0xF2,0x07,0x05,0xF9,0xFF,0x03,0x05,0xFE,
	0xFE,0x09,0xF7,0xF3,0xFD,0x0F,0x01,0xF7,0xFC,0x04,0x03,
	0xF6,0xFD,0x08,0x06,0x0B,0xF2,0xF8,0xF7,0x08,0x01,0xF7,
	0x08,0xF3,0x09,0x09,0xF3,0x08,0xF5,0x09,0xF3,0xFB,0x11,
	0xF4,0x0D,0x03,0xF8,0xF0,0xF8,0x05,0x09,0xFD,0xF9,0x00,
	0x02,0xFE,0x11,0xF7,0xF4,0xFF,0x05,0x00,0x00,0xFB,0x05,
	0x00,0x00,0xFB,0x05,0x03,0xFF,0xFF,0xFF,0xFB,0x05,0x00,
	0x00,0xFE,0xFB,0x02,0x05,0xFC,0x05,0x0B,0xF4,0xFE,0x01,
	0x01,0x09,0xF9,0x09,0xF9,0xE7,0x10,0x08,0x0B,0xF6,0xFC,
	0xFF,0xFF,0x02,0x0B,0x0D,0xF4,0x01,0xF7,0xFC,0xFE,0xFA,
	0x08,0x1A,0xF2,0xF4,0xF7,0x09,0x01,0xFF,0x00,0x02,0xFE,
	0x0B,0x0F,0xF2,0xF4,0xF3,0x08,0x06,0x0B,0x03,0xFD,0xF5,
	0xFF,0xFC,0x04,0x14,0xF0,0xFF,0x0A,0xF3,0x03,0x09,0xF7,
	0x17,0xF4,0x01,0x01,0xF1,0x02,0x07,0xFA,0x07,0x11,0xEA,
	0x0C,0xFF,0x0A,0x03,0xFE,0xE8,0xFF,0x11,0xFF,0x13,0xF6,
	0xF8,0xFC,0xF8,0x03,0x0C,0x0C,0x03,0xF6,0xFF,0x07,0xFA,
	0xF5,0x06,0x0C,0x0D,0xF4,0xF0,0x07,0x10,0xFF,0xFA,0xEA,
	0x0D,0x11,0xFF,0xFD,0xF5,0x06,0x05,0xF6,0x0D,0x11,0xF5,
	0x03,0xE8,0xFF,0x03,0x0D,0x0F,0xFA,0xF8,0xFF,0x07,0x00,
	0xFB,0x06,0x01,0xFD,0x09,0xFE,0xF8,0x03,0x06,0x04,0xF7,
	0xF4,0x0B,0x0D,0xF5,0x06,0x05,0xF7,0x01,0xF6,0x09,0x01,
	0xF5,0x0E,0xF9,0xFF,0x10,0xF1,0xFF,0xF9,0xFF,0x1C,0xF5,
	0xFE,0xF2,0xF7,0x18,0x01,0xF5,0xFB,0xF6,0x09,0x0E,0xF7,
	0xFB,0x01,0xF3,0x09,0xF8,0x07,0x0D,0xF8,0xFF,0xF7,0x00,
	0xFA,0xFF,0x13,0xF6,0xFC,0xFC,0xFF,0x06,0xFB,0xFE,0x05,
	0x05,0xF8,0xF5,0x0A,0x00,0x17,0xF2,0xF1,0x03,0xFB,0x08,
	0x05,0xF7,0x04,0x07,0xFC,0xF6,0xF8,0x07,0x06,0x00,0xFB,
	0xF8,0x06,0xFD,0x0C,0x01,0xF7,0x01,0xF8,0x01,0xF7,0xFC,
	0x00,0x13,0xFA,0xFF,0xF4,0x07,0x10,0xFD,0xF0,0xF8,0xFB,
	0x09,0x14,0xF8,0x00,0xF4,0xFD,0x03,0xF7,0x09,0x00,0x00,
	0x01,0x06,0x05,0xF4,0x00,0xFB,0x05,0x03,0x02,0xFC,0xFF,
	0x01,0x0D,0xF2,0xEC,0x03,0x0C,0x06,0x08,0x02,0xFB,0xFA,
	0x03,0x09,0xF8,0x05,0x0A,0xF9,0xFF,0xFD,0xF8,0x0B,0x06,
	0xFF,0xFD,0xFF,0xFF,0x10,0x01,0xF5,0x03,0xFA,0x01,0x0A,
	0xFC,0x06,0x01,0xFB,0x0A,0x0A,0xF5,0xFF,0xFD,0xF5,0x0A,
	0x04,0x00,0x0C,0xFB,0xFB,0x03,0xFC,0xFC,0xFF,0x18,0xF7,
	0x03,0xFB,0xF5,0x0A,0x09,0x00,0xF6,0x09,0x03,0xFA,0xFC,
	0xFF,0x12,0xFC,0xEB,0x01,0x0F,0x07,0x0B,0xDA,0xFF,0x20,
	0x00,0x01,0xF0,0x0B,0x04,0x0D,0xF8,0xF0,0xFF,0x0C,0x0C,
	0xFE,0xF9,0xEE,0x07,0x16,0xF5,0xFA,0xFF,0x0C,0x04,0x01,
	0xF0,0x0B,0xFF,0x01,0x07,0xFA,0xFD,0x01,0x05,0x0B,0xF2,
	0xFF,0x03,0xF6,0xFB,0x01,0x03,0x10,0x0D,0xEC,0xFE,0xFA,
	0xFF,0x10,0xFD,0xFB,0xF9,0xFF,0x09,0xF8,0x03,0xFD,0xFF,
	0x04,0x01,0xF9,0x08,0xFB,0xFC,0xEF,0x10,0x07,0x01,0xFD,
	0xEF,0x07,0xFE,0x00,0xF9,0x06,0xF7,0x01,0x01,0xF7,0x0B,
	0xFA,0xF9,0xF7,0x01,0x06,0x10,0xF9,0xEC,0xFD,0xFE,0x10,
	0xF9,0xFD,0x01,0xFE,0xFB,0x00,0x03,0xF6,0xFD,0xFF,0x03,
	0x10,0x01,0xF0,0xFC,0x00,0x00,0x03,0xFD,0x00,0xFF,0xFD,
	0xEB,0x14,0x05,0x00,0xFC,0xF7,0x08,0x01,0xF4,0xFF,0x11,
	0x00,0xEC,0xF7,0x04,0x08,0x0A,0x03,0xF4,0xFC,0xFE,0x01,
	0x04,0x01,0xF6,0x01,0x04,0x08,0x0C,0xFD,0xF2,0x05,0xF9,
	0xFF,0x0E,0xFD,0xFD,0x08,0xF1,0x05,0x0A,0xF7,0x07,0xFB,
	0xF5,0x04,0x04,0x0A,0x06,0xFF,0xFB,0x01,0xF7,0x07,0xF7,
	0x0A,0x05,0x04,0xFC,0xFC,0xFA,0x05,0x05,0x03,0x02,0xFF,
	0x03,0x01,0xFD,0xFB,0x00,0x03,0x13,0xFA,0x02,0xFA,0xF9,
	0x06,0x0C,0x05,0xF0,0xF8,0x0F,0x08,0x02,0xFB,0xFC,0xFE,
	0x09,0x0E,0xF3,0xFC,0x0B,0x01,0x03,0x01,0xFF,0x04,0xFD,
	0xFC,0xF8,0x07,0x18,0x0C,0xF5,0xF0,0xF8,0x05,0x05,0x01,
	0x18,0xF9,0xF0,0x01,0x00,0x0A,0x05,0xF4,0xFB,0x04,0x04,
	0x10,0xF9,0x03,0xFB,0xF9,0x03,0xFC,0x09,0xFE,0x02,0x03,
	0xF7,0xFE,0x02,0x00,0x0A,0x05,0xFB,0x02,0xFF,0xF0,0xFF,
	0x06,0x0A,0x05,0xF7,0x05,0xF8,0xF9,0x06,0x08,0x01,0xE8,
	0x07,0x0D,0xFC,0xFC,0xF5,0x06,0x0F,0xFA,0xF0,0x05,0x03,
	0xF6,0x09,0x02,0xF7,0x03,0x05,0xF8,0xFF,0x02,0x06,0x05,
	0xF4,0xF0,0x0B,0x05,0x03,0x05,0xE8,0xF7,0x14,0x02,0xF7,
	0x07,0x04,0xF9,0xFA,0x00,0xFF,0xFF,0xF8,0x00,0x05,0x03,
	0xFD,0x01,0xFE,0xFA,0x01,0x08,0xF5,0xFD,0x06,0x08,0x01,
	0xFB,0xF9,0xFE,0x05,0x02,0xFF,0x06,0xF6,0xF7,0x00,0x04,
	0x10,0x01,0xF4,0xF4,0xFC,0x0B,0x0E,0xFB,0xF8,0xFC,0x07,
	0xFD,0xFC,0x09,0xFC,0x06,0xFD,0xFA,0xF7,0xFF,0x05,0xFF,
	0x03,0x07,0x04,0xF6,0x03,0xFB,0xFA,0x0F,0xFD,0xF4,0x05,
	0xFD,0x01,0x04,0x04,0xFD,0xF8,0x0B,0x01,0xF8,0x02,0x05,
	0x0F,0xF2,0xF4,0x00,0x01,0x06,0x00,0xFE,0x02,0x0D,0xF0,
	0xFE,0x09,0xFD,0x03,0x09,0xFC,0xFD,0xFB,0xFE,0x05,0x02,
	0x0B,0xFB,0xFF,0xFA,0xFF,0x0B,0x00,0x02,0xFF,0xFD,0xF8,
	0x07,0x07,0xFA,0x07,0x01,0xF5,0x04,0x06,0x08,0xF9,0xFF,
	0xF9,0xFB,0x0C,0x07,0x02,0xF8,0xF2,0x05,0x10,0x01,0xF8,
	0xFF,0x06,0xFE,0x08,0xFD,0xF8,0x07,0x01,0x05,0x01,0xF2,
	0xFF,0x08,0x04,0x03,0x01,0xFF,0xFE,0xFE,0x04,0xFA,0xFB,
	0x0A,0x01,0x02,0x01,0xFE,0xFD,0x00,0x03,0x07,0xF6,0xF4,
	0x07,0x05,0x03,0x05,0xF0,0x07,0x08,0x04,0xFB,0xF3,0x06,
	0x0B,0xF6,0x01,0xFB,0xFB,0x09,0x03,0x05,0xFB,0x01,0xFA,
	0xFD,0x0C,0x01,0xFC,0xF5,0x02,0x06,0x08,0xFB,0xF0,0xFF,
	0x0C,0x04,0x09,0xE8,0xFB,0x13,0x01,0x08,0xF9,0xF0,0xF8,
	0x03,0x04,0x0C,0x05,0xF0,0x0B,0x04,0x01,0xF0,0xFF,0x03,
	0x05,0x01,0xF5,0x0A,0x01,0xFB,0x04,0x00,0xFB,0xF8,0x00,
	0x03,0x02,0x09,0xF8,0xFF,0x07,0x03,0xF7,0xFA,0xF8,0xFF,
	0x0E,0x0D,0xF8,0xFC,0xFC,0xFC,0xFD,0x06,0xFB,0x03,0xFF,
	0x02,0xFC,0x03,0x00,0x00,0x05,0xFE,0xFA,0xFB,0x09,0xFF,
	0x00,0x02,0xF9,0x01,0xFB,0xFB,0x0B,0xFA,0xFD,0x0E,0xF9,
	0xF8,0x03,0xF9,0xFC,0x0B,0x08,0xFF,0xFA,0xF8,0xFF,0x02,
	0x06,0xFD,0xFF,0xFD,0xFC,0x0B,0xFD,0xFD,0x02,0x00,0x02,
	0xFC,0x01,0xFF,0x00,0x05,0xFC,0x03,0xFB,0xFC,0x00,0x07,
	0xFB,0x03,0x06,0xFD,0xF9,0x00,0x04,0x00,0xFB,0x00,0x00,
	0x00,0x00,0x07,0xFF,0xFE,0xFC,0x03,0xFF,0x09,0x03,0xFA,
	0x02,0xFA,0xFD,0x04,0x01,0x05,0x08,0xF9,0xF9,0xFC,0x00,
	0x1A,0x09,0xF8,0xEC,0xFB,0x08,0x08,0x08,0xF5,0xF1,0x0A,
	0x0E,0x02,0xFD,0xFE,0xFA,0x01,0x0A,0x03,0xFE,0x02,0xFE,
	0xFF,0x08,0x02,0xFF,0xF8,0xFF,0x10,0x03,0xFA,0xF4,0xFD,
	0x12,0x0F,0xF6,0xF2,0x02,0xFE,0x09,0x08,0xFD,0xFF,0xF9,
	0xF9,0x06,0x07,0xFE,0x05,0x03,0xF4,0x03,0x06,0x00,0x05,
	0xFA,0xFC,0xFA,0x01,0x0C,0x06,0x02,0xFD,0xF4,0xFF,0x08,
	0x01,0x07,0x01,0xF6,0xFA,0xFF,0x07,0x03,0x00,0x02,0x03,
	0x01,0xF9,0xFD,0xFB,0xFB,0x08,0x04,0x08,0xFD,0xFD,0xFF,
	0xF6,0x09,0x03,0xFE,0xFC,0xF8,0x0B,0x05,0xF6,0x01,0xFF,
	0xFD,0xFF,0x04,0x02,0x01,0x0A,0xF9,0xFB,0xFD,0xF4,0x06,
	0x05,0xFF,0xFA,0x03,0x05,0xF9,0x06,0xFD,0xF5,0x0E,0x01,
	0xFE,0xFA,0xF8,0x09,0xFF,0xFB,0xFE,0x02,0x04,0xF9,0xFF,
	0x0C,0xFD,0xFF,0xF9,0xF8,0x07,0x06,0xFE,0x01,0xFC,0xF2,
	0x07,0xFF,0x07,0x01,0xFF,0x05,0xF6,0xFA,0xF8,0x03,0x10,
	0x01,0xFE,0x04,0xFE,0xF2,0x05,0x01,0x00,0xF8,0xF8,0x07,
	0x09,0xFF,0x05,0xF5,0x01,0xFE,0xFF,0x09,0xFD,0x00,0xFB,
	0xFF,0x01,0x03,0xFF,0xFD,0x02,0x02,0xFE,0x01,0xFE,0xFB,
	0x04,0xFE,0x02,0x02,0xFB,0x03,0x03,0x06,0xFC,0xF8,0xFE,
	0xFD,0x07,0x07,0x03,0xF8,0xFD,0x01,0x03,0xF9,0x03,0x02,
	0x02,0xFF,0x05,0xFB,0xF9,0x06,0x08,0x01,0xFA,0x00,0x01,
	0x08,0x07,0xF6,0xFD,0x02,0x01,0xFD,0x03,0xFD,0xFE,0x0C,
	0x01,0xFF,0x00,0xFB,0x05,0x09,0xF8,0xF4,0x01,0x0A,0x09,
	0xF8,0xF5,0x06,0x04,0x04,0x05,0xF8,0x03,0xFF,0xFE,0x0B,
	0xF9,0x01,0xFC,0xFE,0x0D,0xF4,0xFF,0x09,0xF9,0x08,0xFB,
	0xFF,0x0B,0xFA,0x01,0xFF,0xFF,0xFD,0x03,0x04,0xFE,0xFD,
	0x01,0xFF,0xFB,0x0A,0x01,0xF9,0x00,0xFB,0x07,0x02,0x00,
	0xFD,0x01,0x01,0xF9,0xFE,0x08,0x09,0xF8,0xFA,0xF6,0x03,
	0x0C,0xF9,0xFF,0x08,0x02,0xFF,0xF8,0xFC,0x03,0x0A,0xFD,
	0xFC,0xFD,0x01,0xF8,0x03,0x0B,0xFA,0xFE,0x07,0xFB,0xFD,
	0x02,0x04,0x07,0xF6,0xF7,0x01,0x05,0x06,0x00,0x02,0xFD,
	0xFE,0x00,0xFB,0x04,0x04,0x05,0xFC,0xF6,0xFD,0x08,0x04,
	0xFB,0x01,0x02,0x05,0xFA,0xF4,0x06,0x00,0x05,0x01,0xF4,
	0x01,0x06,0x02,0xFB,0xFB,0x0C,0x05,0xFC,0xF9,0x05,0xFB,
	0xFC,0xFE,0x02,0x04,0x01,0xFD,0x05,0xF6,0x01,0x07,0x05,
	0x01,0xF0,0xFD,0x01,0x11,0x01,0xF4,0x02,0xFA,0xFB,0x02,
	0x02,0x06,0x02,0xFF,0xFC,0xFA,0x01,0x05,0xFA,0x03,0x01,
	0xFA,0x05,0x03,0xFC,0x03,0xFF,0xF6,0x09,0x00,0x07,0xFE,
	0xF4,0xFC,0x07,0x0C,0x00,0x03,0xF6,0xF7,0x08,0x0A,0xFB,
	0xFC,0xFD,0x0E,0x04,0xFC,0xFF,0x03,0x05,0xF6,0xFC,0x02,
	0x00,0x09,0x04,0xFD,0xFF,0x03,0xF6,0x03,0x08,0x00,0xFF,
	0xFB,0x02,0x07,0xFE,0xFD,0xFB,0x03,0x06,0x01,0xFE,0x03,
	0xFB,0xFD,0x08,0x01,0xFE,0xFD,0x04,0x03,0xFB,0xFD,0x03,
	0x01,0x03,0xFF,0xFE,0x03,0x02,0xFD,0xF9,0xF9,0x05,0x10,
	0x01,0xFB,0xFF,0xFE,0xFF,0xFD,0xFB,0x08,0x01,0xFE,0x02,
	0xF9,0x06,0xFD,0xFF,0x03,0xFA,0xFF,0x00,0x01,0x03,0x08,
	0xF7,0xF9,0x04,0x00,0x06,0x06,0xFB,0x01,0x01,0xF0,0xFF,
	0x08,0x0C,0xFF,0xF7,0x02,0x00,0xFE,0x01,0x01,0x00,0x00,
	0x05,0x03,0x00,0xFB,0xFF,0x01,0xFB,0x05,0x02,0xF9,0x01,
	0xFE,0xFF,0x17,0xFA,0xF4,0xFF,0xFD,0xFF,0x0E,0x03,0x04,
	0xFC,0xF8,0xFB,0x06,0xFC,0x02,0x08,0xFE,0x03,0xF4,0x01,
	0x04,0xFD,0x01,0x02,0x00,0x02,0xFD,0x05,0x05,0xF2,0x02,
	0x03,0x02,0x07,0xF2,0xFC,0x05,0x01,0x05,0x05,0xF0,0xFB,
	0x08,0x03,0x09,0xFD,0xFB,0x02,0xFD,0xFA,0x01,0x06,0xFF,
	0x02,0xFA,0xF4,0x07,0x08,0x01,0x04,0xFE,0xF9,0x03,0xFC,
	0xFF,0x01,0xFB,0x04,0x03,0x00,0xFE,0xFE,0x01,0x02,0xFF,
	0x01,0x02,0x01,0xFC,0xF7,0x07,0x00,0x07,0xFB,0xFD,0xFD,
	0xFD,0x08,0x01,0xFF,0x01,0xFB,0x04,0xFE,0xFE,0x02,0x02,
	0x02,0xFF,0xF4,0xFF,0x04,0x01,0x05,0x02,0xFF,0xFE,0xF8,
	0x03,0x05,0xFD,0x04,0xFB,0xFE,0x04,0x05,0xFD,0xF9,0xFB,
	0xFD,0x0A,0x08,0xFE,0x02,0xFD,0x00,0xFC,0xFA,0xFD,0x06,
	0x00,0x0A,0x04,0xFD,0xF8,0xFC,0x01,0x00,0x0A,0x03,0xF6,
	0x01,0x06,0x01,0x02,0xFE,0xF9,0xFD,0x03,0x06,0x01,0xFF,
	0x01,0xF8,0x03,0x02,0xFD,0x01,0x04,0x0C,0xFD,0xF0,0xFF,
	0x06,0x02,0x04,0x05,0xFE,0xFC,0xF8,0x03,0x00,0x02,0x0D,
	0xF8,0xFF,0x02,0xFB,0xFB,0x04,0x05,0x00,0xFF,0x02,0x05,
	0xFF,0xFF,0xFC,0xFD,0x00,0x05,0x02,0xFF,0xFF,0xFE,0xFF,
	0x00,0x00,0x00,0x02,0x09,0xFF,0xFD,0x01,0xF9,0xFB,0x00,
	0x07,0x00,0x00,0x01,0x08,0x03,0xF8,0xF6,0xFD,0x02,0x08,
	0x02,0x02,0x01,0xF6,0xFB,0xFF,0x03,0x08,0x05,0x02,0xFC,
	0xF8,0xFF,0x04,0x00,0xFF,0xFC,0xFB,0x04,0x07,0xFC,0xFC,
	0x01,0x06,0xFB,0xFD,0x02,0x05,0xFE,0x01,0xFD,0xF8,0xFE,
	0x05,0x0B,0xFA,0xFF,0xF9,0xFF,0x08,0x03,0xFA,0xF8,0x01,
	0x06,0x02,0xFF,0xFC,0xFD,0x04,0x05,0xF6,0x03,0xFD,0x03,
	0x03,0x00,0xFE,0xF8,0x05,0xFF,0x03,0x02,0xFB,0xFF,0xFE,
	0xFE,0x04,0x08,0xFD,0xF8,0x07,0xFE,0x05,0xFE,0xFD,0xFD,
	0xFD,0x00,0x00,0x0B,0x01,0xFE,0xFD,0xFE,0xFC,0xFF,0x08,
	0x02,0xFE,0x01,0x02,0xFD,0x01,0xF8,0xFE,0x05,0x02,0x04,
	0xFE,0x01,0xFC,0x02,0xFD,0x08,0x03,0xFA,0xF9,0x02,0x08,
	0xFF,0xFE,0xFA,0xFD,0x04,0x02,0x08,0xFF,0xFE,0xFB,0xFF,
	0x03,0x02,0x01,0xFA,0x09,0x03,0xF8,0xFC,0xFF,0x0A,0xFF,
	0xF8,0xFD,0x06,0x05,0x03,0x01,0xF8,0xFF,0xFF,0x01,0x03,
	0xFE,0x07,0x03,0xFE,0xFE,0xFB,0x06,0x01,0xFF,0x04,0x02,
	0xFB,0xFD,0xFF,0x03,0x08,0xFD,0xFB,0x08,0xFD,0x01,0x05,
	0xFA,0xFC,0xFF,0x04,0x08,0xFF,0xFE,0xFD,0x02,0xFF,0xFA,
	0xFF,0x0B,0x01,0x07,0xFE,0xF8,0x02,0xFC,0x05,0xFF,0xFE,
	0x01,0x05,0x00,0xFF,0x05,0xFE,0xF8,0xFC,0x03,0x0E,0x03,
	0xF8,0xFA,0xFB,0x02,0x02,0x02,0x04,0x05,0xFA,0xFB,0x02,
	0x03,0xFE,0xF8,0x01,0x03,0x07,0x01,0xF4,0xFB,0x08,0xFE,
	0x0A,0x01,0xF6,0xFF,0xFD,0x05,0x06,0xFC,0x04,0xFC,0xFB,
	0x02,0xFF,0x02,0xFB,0x05,0x07,0xFA,0xF9,0x00,0x02,0x06,
	0x01,0xF6,0xFC,0xFE,0x03,0x02,0x03,0xFE,0xFF,0xFE,0xFD,
	0x03,0x02,0x03,0xFA,0xFD,0xFE,0xFF,0x01,0x00,0x05,0xFD,
	0x02,0xFF,0xFC,0x02,0xFF,0x01,0x01,0xFB,0x03,0xFE,0x02,
	0x01,0xFF,0x06,0xFD,0xFA,0xFF,0xFF,0x05,0x01,0xFF,0xFF,
	0x04,0x02,0xF6,0x01,0x03,0xFF,0x02,0xFD,0xFF,0x02,0x02,
	0x03,0xFC,0x01,0xFB,0xFB,0x08,0x05,0x03,0xFF,0xFC,0xFE,
	0x01,0x00,0x02,0xFF,0xFF,0x07,0xFB,0xFE,0x03,0x01,0xFF,
	0x00,0x05,0x01,0xF9,0x05,0xFC,0x01,0x03,0x01,0x01,0x00,
	0xFF,0x03,0xFE,0xFD,0xFE,0x04,0x05,0xFC,0xFF,0x02,0xFF,
	0xFC,0x03,0x01,0xFF,0x02,0x01,0xFF,0x03,0x00,0x01,0x01,
	0xFC,0xFF,0x01,0xFE,0xFA,0x03,0x02,0x03,0x03,0x04,0xFC,
	0xFC,0x06,0xFB,0xFD,0x07,0xFB,0x00,0x01,0xFE,0x05,0x02,
	0x02,0xFD,0xFA,0xFC,0x03,0x07,0xFF,0x03,0x00,0xFF,0x01,
	0xF8,0xFF,0x06,0x05,0x02,0xFE,0xFC,0x00,0x01,0x08,0x01,
	0xF4,0xFE,0x05,0x08,0xFD,0xFD,0x04,0xFF,0xFE,0x02,0xFA,
	0x05,0x02,0xFC,0x04,0x02,0xF9,0xFD,0x04,0x00,0x04,0xFB,
	0x03,0x06,0xFB,0xFD,0xFE,0x04,0xFD,0xFF,0x08,0xFE,0xFD,
	0xFD,0x01,0x00,0x01,0x01,0xFF,0x02,0xFD,0xF9,0x0A,0xFD,
	0xFA,0x03,0x02,0x03,0x00,0xFC,0xFE,0x02,0xFE,0xFC,0x01,
	0x06,0x01,0xFC,0xFF,0x01,0xFC,0x00,0xFF,0x00,0x04,0xFD,
	0xFE,0x01,0x01,0x00,0xFC,0x03,0xFF,0xFC,0xFA,0x03,0x05,
	0xFA,0x05,0xFD,0xFB,0x0A,0xFD,0xFC,0xFD,0x00,0x08,0xFD,
	0x00,0xFC,0xFF,0x0A,0xFF,0xFC,0xFA,0xFD,0x04,0x07,0xFB,
	0x00,0x02,0x00,0xFF,0xFA,0xFF,0x01,0x02,0x03,0xFF,0x01,
	0x04,0xF9,0xFC,0x00,0x00,0x03,0xFE,0x03,0xFF,0xFF,0xFD,
	0x00,0x02,0x04,0x00,0xFE,0x04,0xFC,0xFC,0x08,0xFF,0xFE,
	0xFA,0xFC,0x07,0x06,0x02,0x02,0xFD,0xFA,0xFA,0x01,0x04,
	0x08,0x05,0x00,0xF6,0xFB,0xFF,0x03,0x0B,0xFD,0x04,0xFD,
	0xFC,0xFE,0xFF,0x00,0x06,0x01,0xF9,0xFF,0x02,0x02,0x01,
	0x02,0x00,0xFF,0xFE,0xFC,0x07,0x03,0xFC,0xFD,0x00,0x02,
	0xFF,0x03,0x02,0xFF,0x02,0xFE,0xFB,0xFE,0x02,0x02,0x02,
	0x08,0x01,0xF4,0xFF,0x04,0x01,0x02,0x00,0xFF,0x01,0x00,
	0xFB,0x04,0xFC,0x00,0x03,0x03,0x00,0xFD,0x03,0x04,0x01,
	0xFF,0xFE,0xFE,0xFE,0x04,0x02,0x01,0x01,0x01,0xFE,0xFD,
	0x01,0x01,0x00,0x04,0x02,0x04,0xFB,0xFC,0xFF,0x06,0x04,
	0xFB,0x02,0x03,0xFD,0xFF,0x03,0xFC,0x01,0x04,0x02,0x02,
	0xFB,0xFB,0x08,0x01,0x00,0xF8,0xFD,0x06,0x07,0xFF,0xFF,
	0xFC,0xFA,0x05,0x08,0xFD,0xFF,0xFD,0xFF,0x05,0xFF,0x04,
	0x01,0xFC,0xFF,0xF9,0x03,0x06,0x00,0x01,0xFC,0xFD,0x00,
	0x04,0x01,0x02,0xFB,0xFB,0x00,0x00,0x03,0x02,0x02,0x03,
	0xFE,0xFA,0xFD,0x04,0x03,0x03,0xFB,0xF9,0x06,0x01,0xFE,
	0x03,0xFD,0xFD,0x03,0xFF,0x04,0x01,0x00,0x03,0xF7,0xFC,
	0x00,0x05,0x03,0xF8,0x03,0x03,0xFF,0xFD,0xFA,0x01,0x02,
	0x03,0x01,0xFD,0xFE,0x01,0x03,0xFE,0xFC,0x03,0x00,0x02,
	0xFF,0xFC,0x01,0x02,0x01,0xFC,0xFE,0xFE,0xFF,0x06,0x02,
	0x00,0xFD,0xF6,0x01,0x07,0x01,0x01,0xFD,0xFE,0xFD,0xFD,
	0x01,0x03,0x02,0x00,0xFD,0xFD,0x01,0x00,0x03,0x02,0x01,
	0xFD,0x02,0xFD,0xFF,0x01,0x01,0x03,0xFA,0x05,0x03,0xFD,
	0x02,0xFE,0x04,0x04,0xF9,0xFD,0x04,0x04,0x02,0xFB,0x01,
	0xFE,0xFD,0x03,0x00,0x06,0x00,0x03,0xFE,0xFE,0xFE,0xFD,
	0x02,0x04,0x01,0xFC,0xFF,0x04,0x06,0xFB,0xFF,0xFD,0xFF,
	0x04,0x0C,0x02,0xF7,0xFD,0x02,0x00,0x02,0x02,0x01,0xFE,
	0x01,0x02,0x02,0x01,0xFD,0x00,0x00,0x03,0x00,0x01,0x00,
	0x00,0x04,0x00,0xFC,0xFB,0xFF,0x08,0x02,0xFF,0xFF,0xFD,
	0x01,0x02,0x02,0x03,0xFC,0xFF,0xFF,0xFF,0x01,0x07,0xFF,
	0xFC,0x00,0xFD,0x02,0x03,0x01,0xFE,0xFF,0xFE,0x01,0x04,
	0x00,0xFE,0x00,0xFF,0xFD,0x04,0x00,0x02,0xFD,0xFD,0x06,
	0xFF,0xFE,0xFE,0x00,0x00,0xFC,0x00,0x09,0xFD,0xFE,0xFF,
	0xFD,0xFF,0x04,0x02,0x01,0xFC,0xF9,0x05,0x02,0x03,0x01,
	0xF8,0xFF,0xFC,0x01,0x09,0x03,0xFB,0xFE,0xFD,0xFF,0xFF,
	0x01,0x02,0xFD,0x05,0xFF,0xFD,0xFB,0xFF,0x05,0x03,0xFE,
	0xFF,0xFE,0x00,0xFE,0xFE,0x01,0x01,0xFF,0x01,0xFF,0xFF,
	0x01,0x01,0xFF,0x01,0xF8,0xFD,0x06,0x04,0x01,0xFC,0xF8,
	0x01,0x01,0x00,0x03,0xFD,0x00,0x01,0xFD,0xFF,0x04,0xFB,
	0x04,0x02,0xF8,0xFF,0x05,0x00,0xFD,0xFE,0x00,0x04,0x01,
	0xFE,0xFE,0x02,0x01,0xFD,0x00,0xFE,0x00,0x01,0x02,0xFE,
	0x02,0xFF,0xFF,0x02,0xFB,0x00,0x01,0xFF,0x02,0xFE,0x00,
	0x02,0xFE,0xFC,0xFF,0x04,0x04,0x03,0xF8,0xFD,0x01,0x03,
	0x03,0xFE,0x00,0xFE,0xFC,0x07,0x03,0xFC,0x01,0x02,0x01,
	0xFD,0x02,0xFD,0x01,0x04,0x01,0x03,0xFB,0xFD,0x00,0x01,
	0x03,0xFD,0x01,0x04,0x02,0xFD,0xFE,0x00,0xFF,0x04,0x00,
	0x01,0xFC,0xFF,0x04,0x03,0x04,0xFE,0xF9,0x00,0x00,0x08,
	0xFF,0xFF,0x01,0xFE,0xFE,0xFD,0x04,0x05,0x01,0x01,0x01,
	0x01,0xFE,0xFA,0xFE,0x05,0x02,0x03,0xFC,0xFB,0x05,0x00,
	0x01,0x03,0xFE,0xFD,0x02,0x03,0x01,0x00,0xFF,0xFF,0xFF,
	0xFE,0x01,0x04,0x02,0xFF,0x01,0xFF,0xFF,0x00,0xFF,0x01,
	0x02,0x02,0x03,0xFE,0xFC,0xFF,0x04,0x07,0xFD,0x01,0xFB,
	0x02,0xFD,0xFF,0x08,0x02,0x04,0xF5,0xFC,0x03,0x03,0x05,
	0xFD,0xFD,0x05,0x03,0xFD,0x00,0xFC,0xFF,0x02,0xFE,0x06,
	0x01,0xFD,0x02,0xFF,0x01,0xFF,0x00,0xFF,0xFE,0x01,0x00,
	0x03,0x00,0x04,0xFE,0xFE,0xFE,0x00,0x01,0x02,0x03,0xFC,
	0xFE,0xFF,0x01,0x01,0xFF,0x01,0xFD,0x04,0x03,0xFE,0x02,
	0xFE,0xF9,0x04,0x01,0x03,0xFD,0xFD,0x02,0xFC,0x01,0xFE,
	0x03,0x06,0xFE,0xFD,0xFC,0x01,0x02,0xFF,0xFE,0xFF,0x02,
	0x02,0xFB,0xFF,0xFF,0xFF,0x06,0xFC,0xFF,0x00,0xFD,0x02,
	0x03,0xFE,0xF9,0x00,0x02,0x04,0x01,0xFC,0xFE,0x01,0x04,
	0xFE,0xFE,0x02,0xFD,0x04,0xFA,0xFC,0x05,0x00,0x06,0x01,
	0xF7,0x00,0x00,0x04,0x03,0xFE,0x01,0x01,0xFC,0xFE,0x01,
	0xFE,0x06,0xFF,0xFE,0xFF,0xFD,0x01,0x05,0xFD,0x03,0xFE,
	0xFE,0x05,0x01,0xFA,0x02,0x00,0xFC,0x05,0xFF,0x05,0x01,
	0xFA,0x01,0xFF,0xFE,0xFE,0x03,0x06,0xFF,0x01,0x01,0xFA,
	0x02,0xFC,0x03,0x04,0xFD,0x03,0x03,0xF9,0x03,0xFF,0xFE,
	0x01,0x03,0x01,0xFD,0x02,0x01,0xFF,0x03,0xFE,0x03,0x01,
	0xFC,0xFE,0xFF,0x02,0x04,0x00,0xFD,0x00,0x03,0x04,0x01,
	0xF9,0xFF,0xFE,0x01,0x08,0xFB,0x00,0x04,0x01,0xFF,0xFE,
	0xFC,0xFF,0x06,0x01,0x00,0xFD,0x01,0x05,0x00,0xFD,0xFE,
	0xFD,0x02,0x08,0x01,0xFD,0xFB,0x01,0x04,0xFF,0xFF,0x01,
	0xFF,0x01,0x01,0xFD,0x01,0x07,0x00,0xFB,0xFF,0xFE,0x03,
	0x05,0xFC,0xFF,0x02,0xFF,0x00,0x01,0x01,0x03,0xFD,0xFC,
	0x02,0xFD,0x04,0x03,0xFA,0x05,0x00,0xFF,0x00,0xFF,0x02,
	0xFD,0x01,0xFD,0xFF,0x03,0xFE,0x03,0x01,0xFC,0x01,0x00,
	0xFF,0xFC,0x06,0x00,0xFC,0x02,0xFE,0x01,0x01,0x00,0xFC,
	0xFC,0xFF,0x07,0xFF,0x00,0xFD,0xFC,0x01,0x06,0xFD,0xFE,
	0xF9,0x04,0x02,0x05,0xFA,0xFE,0xFC,0xFF,0x06,0xFF,0x01,
	0xFF,0x00,0x01,0x00,0xFF,0xFE,0x00,0x01,0xFD,0xFF,0xFF,
	0x01,0x06,0xFD,0x00,0xFE,0xFD,0x04,0xFE,0x00,0xFF,0x01,
	0x02,0xFF,0xFC,0x02,0xFD,0x00,0x03,0x00,0x01,0x00,0xFD,
	0xFC,0x01,0x02,0x02,0x01,0xFC,0xFE,0x01,0x00,0x02,0x07,
	0xFE,0xFB,0xFE,0xFC,0x02,0x04,0x00,0x00,0xFF,0xFE,0x00,
	0x01,0x00,0x00,0x00,0xFE,0x04,0x01,0xFE,0xFE,0xFE,0x01,
	0x03,0x02,0xFC,0xFF,0x06,0x02,0xFD,0xFC,0xFD,0x06,0x00,
	0xFD,0x02,0x01,0x02,0x02,0xFC,0x00,0x00,0xFE,0xFF,0x01,
	0x06,0x04,0xFD,0xFA,0xFC,0x01,0x04,0x00,0x02,0x04,0x03,
	0xFC,0xFD,0xFF,0x02,0xFF,0xFD,0x01,0x02,0x04,0x01,0x00,
	0xFA,0x01,0x04,0x00,0x00,0xFF,0x03,0x01,0x00,0x00,0x00,
	0xFD,0xFE,0x04,0x01,0xFF,0xFF,0xFE,0x03,0x04,0x01,0xFE,
	0x00,0x00,0x01,0x01,0xFB,0x04,0x04,0x00,0xFE,0xFF,0xFF,
	0x04,0x00,0xFF,0xFF,0x01,0x01,0x00,0x03,0x00,0x01,0xFD,
	0x01,0x01,0xFF,0x02,0x00,0xFF,0x01,0x03,0xFF,0xFD,0xFF,
	0x02,0x03,0x00,0x00,0xFB,0x00,0x00,0x02,0x03,0xFF,0x01,
	0xFE,0x02,0xFE,0x01,0x00,0x01,0x01,0xFF,0x00,0x01,0xFE,
	0x02,0xFF,0xFF,0x03,0xFE,0x01,0x01,0x02,0x02,0xFB,0x01,
	0xFF,0x00,0x06,0xFB,0xFF,0x02,0xFF,0x03,0xFD,0xFB,0x04,
	0x02,0x01,0x01,0xFD,0xFE,0xFF,0x02,0x02,0xFF,0xFE,0x03,
	0xFF,0xFD,0x03,0xFC,0x01,0x01,0xFF,0x00,0xFF,0x01,0xFF,
	0xFF,0x03,0xFE,0x02,0xFE,0xFC,0x02,0x00,0x02,0x00,0xFE,
	0x01,0x02,0xFD,0xFE,0x00,0xFC,0x03,0x02,0x00,0xFF,0x03,
	0xFD,0xFE,0x02,0xFE,0x00,0xFF,0x02,0x00,0x01,0xFC,0xFB,
	0x04,0x01,0xFF,0x01,0x00,0x00,0x00,0xFD,0x02,0x00,0xFF,
	0xFB,0x02,0x04,0xFD,0x01,0xFD,0xFF,0x03,0xFF,0xFD,0xFF,
	0x02,0x02,0xFF,0xFC,0xFC,0x05,0x01,0xFE,0x01,0xFF,0x01,
	0x03,0xFF,0xFF,0xFE,0x00,0xFF,0x01,0xFE,0x01,0x01,0x00,
	0xFF,0x02,0xFF,0xFF,0x03,0xFE,0xFF,0x04,0xFF,0xFE,0x00,
	0xFF,0x02,0x02,0xFF,0xFE,0xFE,0x01,0x02,0x01,0x01,0x02,
	0xFE,0xFC,0x02,0x03,0xFF,0x01,0xFF,0x00,0x00,0x00,0x04,
	0xFD,0x00,0x00,0xFE,0xFF,0x04,0x03,0xFD,0x00,0x02,0xFE,
	0x02,0xFE,0x01,0x03,0x00,0xFD,0x01,0x01,0x00,0x01,0xFF,
	0xFF,0x02,0x03,0xFE,0x03,0xFF,0xFB,0x00,0x01,0x05,0x01,
	0xFF,0x01,0xFC,0xFF,0x03,0xFF,0x02,0x02,0xFE,0x03,0x00,
	0xFE,0xFE,0x03,0xFF,0x03,0x01,0xFF,0x01,0xFD,0x02,0x01,
	0x01,0xFD,0x03,0x00,0xFD,0x01,0xFF,0x01,0x05,0xFC,0xFF,
	0x01,0xFD,0x04,0x02,0x01,0x00,0xFC,0xFF,0x02,0x01,0x03,
	0xFF,0xFC,0x01,0x01,0xFD,0x00,0x04,0x01,0x00,0xFD,0xFE,
	0x00,0x02,0x00,0xFD,0x01,0x00,0xFF,0x03,0x01,0xFE,0x00,
	0xFE,0xFE,0x00,0xFE,0x03,0x03,0xFD,0x00,0xFF,0xFF,0x02,
	0xFE,0xFD,0xFF,0x07,0xFE,0xFF,0xFE,0xFF,0x00,0x03,0xFF,
	0xFF,0x01,0xFE,0xFF,0x00,0xFF,0x01,0x02,0xFF,0xFD,0x01,
	0x00,0x01,0x00,0xFF,0x01,0xFD,0xFE,0x00,0x03,0x01,0xFF,
	0xFB,0xFE,0x03,0x02,0x01,0xFF,0xFF,0xFC,0x00,0x00,0x01,
	0x03,0xFE,0xFF,0x01,0x01,0xFB,0xFE,0x01,0x04,0x01,0xFE,
	0xFE,0x00,0xFE,0x01,0x01,0xFE,0x00,0x03,0x02,0xFC,0xFD,
	0x01,0x00,0x00,0xFD,0x01,0x04,0x01,0xFC,0x01,0x02,0xFF,
	0xFF,0xFE,0x00,0x04,0x01,0xFE,0x00,0x01,0xFF,0xFF,0xFF,
	0xFF,0x04,0x01,0xFE,0x03,0xFF,0xFF,0xFE,0x02,0xFF,0x00,
	0x02,0xFF,0x03,0xFE,0x01,0x00,0x00,0x01,0x00,0xFF,0xFE,
	0x01,0x03,0x02,0xFF,0x00,0xFE,0x01,0x04,0xFF,0x03,0xFF,
	0xFC,0xFF,0x03,0x03,0x01,0x01,0xFE,0xFE,0x01,0x00,0x01,
	0x02,0x01,0x01,0xFF,0xFD,0x00,0x01,0x01,0x02,0x02,0xFF,
	0x00,0x02,0xFF,0x00,0x00,0x01,0xFE,0x00,0x01,0x02,0x01,
	0xFE,0x02,0xFF,0x01,0xFE,0x01,0x04,0xFE,0x01,0xFC,0xFF,
	0x04,0xFF,0x01,0x03,0xFC,0x01,0x01,0xFD,0x02,0x03,0xFE,
	0x02,0xFE,0xFF,0xFF,0x01,0x02,0xFF,0x03,0x01,0xFB,0x02,
	0x02,0x00,0x00,0xFE,0x01,0xFE,0x02,0x01,0xFF,0xFF,0xFD,
	0x03,0x00,0x02,0x01,0xFC,0x03,0xFE,0x02,0x02,0xFE,0x00,
	0xFF,0xFF,0x02,0x00,0x01,0xFE,0x01,0xFF,0x00,0x01,0x00,
	0xFF,0x00,0xFF,0x01,0xFE,0x02,0xFF,0x00,0x00,0xFF,0x02,
	0xFE,0xFE,0x00,0x00,0x01,0xFE,0x01,0xFF,0x02,0xFD,0xFD,
	0x04,0xFF,0x01,0x02,0xFB,0xFF,0x00,0xFF,0x02,0x02,0xFD,
	0xFF,0x00,0xFE,0x01,0x01,0xFD,0xFF,0x03,0x01,0x00,0xFE,
	0x00,0xFE,0x00,0x01,0xFF,0xFF,0xFF,0x00,0x01,0xFF,0xFF,
	0x00,0xFE,0x00,0x03,0x02,0xFE,0xFE,0xFF,0x03,0x02,0xFC,
	0xFE,0xFF,0x02,0x03,0x00,0xFC,0xFF,0x00,0x02,0x02,0x00,
	0xFF,0xFE,0xFF,0x01,0x01,0x02,0xFF,0x00,0x00,0xFF,0xFF,
	0xFF,0x02,0x01,0x02,0xFE,0xFC,0x03,0x01,0x01,0x01,0xFC,
	0xFF,0x02,0x04,0x01,0xFE,0xFD,0x01,0xFF,0x04,0x01,0x00,
	0x00,0xFE,0x00,0xFE,0x00,0xFF,0x00,0x05,0xFF,0x02,0xFE,
	0xFE,0x03,0x00,0xFE,0x00,0x02,0x01,0x01,0x01,0xFD,0xFD,
	0x02,0x01,0x00,0x00,0x02,0x00,0x01,0xFF,0xFE,0x02,0x00,
	0x01,0x00,0xFE,0x01,0x00,0x01,0x01,0xFD,0xFF,0x02,0x03,
	0x00,0xFF,0xFE,0x01,0x00,0x00,0x01,0x01,0xFF,0x01,0xFF,
	0xFF,0x00,0x00,0x04,0xFF,0xFF,0xFF,0x00,0x00,0xFF,0x03,
	0x00,0x02,0x00,0xFE,0xFF,0x02,0xFF,0x00,0x07,0x01,0x00,
	0x00,0x00,0x00,0x00,0x00,0x00,0x00,0x00,0x00,0x00,0x00,
	0x00,0x00,0x00,0x00,0x00,0x00,0x00,0x00,0x00,0x00,0x00,
	0x00,0x17,0x01,0x00,0x28,0x00,0x00,0x00,0x00,0x00,0x00,
	0x00,0x00,0x00,0x00,0x00,0x00,0x00,0x00,0x00,0x00,0x00,
	0x00,0x00,0x00,0x00,0x00,0x00,0x00,0x00,0x00,0x00,0x00,
	0x00,0x00,0x00,0x00,0x00,0x00,0x00,0x00,0x00,0x00,0x00,
	0x00,0x00,0x00,0x00,0x00,0x00,0x00,0x00,0x00,0x00,0x00,
	0x00,0x00,0x00,0x00,0x00,0x00,0x00,0x00,0x00,0x00,0x00,
	0x00,0x00,0x00,0x00,0x00,0x00,0x00,0x00,0x00,0x00,0x00,
	0x00,0x00,0x00,0x00,0x00,0x00,0x00,0x00,0x00,0x00,0x00,
	0x00,0x00,0x00,0x00,0x00,0x00,0x00,0x00,0x00,0x00,0x00,
	0x00,0x00,0x00,0x00,0x00,0x00,0x00,0x20,0x00,0x28,0x00,
	0x20,0x00,0x50,0x00,0x20,0x00,0x78,0x00,0x20,0x00,0xA0,
	0x00,0x20,0x00,0xA0,0x00,0x9E,0x00,0x00,0x01,0x9E,0x00,
	0x00,0x01,0x9E,0x00,0x00,0x01,0x9E,0x00,0x00,0x01,0x9E,
	0x00,0x00,0x01,0x9E,0x00,0x00,0x01,0x9E,0x00,0x00,0x00,
	0x20,0x00,0x28,0x00,0x20,0x00,0x50,0x00,0x20,0x00,0x78,
	0x00,0x20,0x00,0xA0,0x00,0x20,0x00,0xA0,0x00,0x9E,0x00,
	0x00,0x01,0x9E,0x00,0x00,0x01,0x9E,0x00,0x00,0x01,0x9E,
	0x00,0x00,0x01,0x9E,0x00,0x00,0x01,0x9E,0x00,0x00,0x01,
	0x9E,0x00,0x05,0x05,0x00,0x00,0x00,0x00,0x00,0x00,0x00,
	0x00,0x00,0x00,0x00,0x00,0x00,0x00,0x00,0x00,0x00,0x00,
	0x00,0x00,0x00,0x00,0x00,0x00,0x00,0x00,0x00,0x00,0x00,
	0x00,0x00,0x00,0x00,0x00,0x00,0x00,0x00,0x00,0x00,0x00,
	0x00,0x00,0x00,0x00,0x00,0x00,0x00,0x00,0x00,0x00,0x00,
	0x80,0x00,0x00,0x20,0x20,0x20,0x20,0x20,0x20,0x20,0x20,
	0x20,0x20,0x20,0x20,0x20,0x20,0x20,0x20,0x20,0x20,0x20,
	0x20,0x20,0x20,0x07,0x01,0x00,0x00,0x00,0x00,0x00,0x00,
	0x00,0x00,0x00,0x00,0x00,0x00,0x00,0x00,0x00,0x00,0x00,
	0x00,0x00,0x00,0x00,0x00,0x00,0x00,0x17,0x01,0x00,0x28,
	0x00,0x00,0x00,0x00,0x00,0x00,0x00,0x00,0x00,0x00,0x00,
	0x00,0x00,0x00,0x00,0x00,0x00,0x00,0x00,0x00,0x00,0x00,
	0x00,0x00,0x00,0x00,0x00,0x00,0x00,0x00,0x00,0x00,0x00,
	0x00,0x00,0x00,0x00,0x00,0x00,0x00,0x00,0x00,0x00,0x00,
	0x00,0x00,0x00,0x00,0x00,0x00,0x00,0x00,0x00,0x00,0x00,
	0x00,0x00,0x00,0x00,0x00,0x00,0x00,0x00,0x00,0x00,0x00,
	0x00,0x00,0x00,0x00,0x00,0x00,0x00,0x00,0x00,0x00,0x00,
	0x00,0x00,0x00,0x00,0x00,0x00,0x00,0x00,0x00,0x00,0x00,
	0x00,0x00,0x00,0x00,0x00,0x00,0x00,0x00,0x00,0x00,0x00,
	0x00,0x00,0x20,0x00,0x28,0x00,0x20,0x00,0x50,0x00,0x20,
	0x00,0x78,0x00,0x20,0x00,0xA0,0x00,0x20,0x00,0xA0,0x00,
	0x81,0x00,0x00,0x01,0x80,0x00,0x81,0x01,0x00,0x00,0x80,
	0x02,0x81,0x00,0x00,0x03,0x80,0x00,0x81,0x03,0x00,0x00,
	0x80,0x04,0x81,0x00,0x00,0x00,0x20,0x00,0x28,0x00,0x20,
	0x00,0x50,0x00,0x20,0x00,0x78,0x00,0x20,0x00,0xA0,0x00,
	0x20,0x00,0xA0,0x00,0x81,0x00,0x00,0x01,0x80,0x00,0x81,
	0x01,0x00,0x00,0x80,0x02,0x81,0x00,0x00,0x03,0x80,0x00,
	0x81,0x03,0x00,0x00,0x80,0x04,0x81,0x00,0x05,0x05,0x00,
	0x00,0x00,0x00,0x00,0x00,0x00,0x00,0x00,0x00,0x00,0x00,
	0x00,0x00,0x00,0x00,0x00,0x00,0x00,0x00,0x00,0x00,0x00,
	0x00,0x00,0x00,0x00,0x00,0x00,0x00,0x00,0x00,0x00,0x00,
	0x00,0x00,0x00,0x00,0x00,0x00,0x00,0x00,0x00,0x00,0x00,
	0x00,0x00,0x00,0x00,0x00,0x00,0x80,0x00,0x00,0x20,0x20,
	0x20,0x20,0x20,0x20,0x20,0x20,0x20,0x20,0x20,0x20,0x20,
	0x20,0x20,0x20,0x20,0x20,0x20,0x20,0x20,0x20,0x07,0x01,
	0x00,0x00,0x00,0x00,0x00,0x00,0x00,0x00,0x00,0x00,0x00,
	0x00,0x00,0x00,0x00,0x00,0x00,0x00,0x00,0x00,0x00,0x00,
	0x00,0x00,0x17,0x01,0x00,0x28,0x00,0x00,0x00,0x00,0x00,
	0x00,0x00,0x00,0x00,0x00,0x00,0x00,0x00,0x00,0x00,0x00,
	0x00,0x00,0x00,0x00,0x00,0x00,0x00,0x00,0x00,0x00,0x00,
	0x00,0x00,0x00,0x00,0x00,0x00,0x00,0x00,0x00,0x00,0x00,
	0x00,0x00,0x00,0x00,0x00,0x00,0x00,0x00,0x00,0x00,0x00,
	0x00,0x00,0x00,0x00,0x00,0x00,0x00,0x00,0x00,0x00,0x00,
	0x00,0x00,0x00,0x00,0x00,0x00,0x00,0x00,0x00,0x00,0x00,
	0x00,0x00,0x00,0x00,0x00,0x00,0x00,0x00,0x00,0x00,0x00,
	0x00,0x00,0x00,0x00,0x00,0x00,0x00,0x00,0x00,0x00,0x00,
	0x00,0x00,0x00,0x00,0x00,0x00,0x00,0x00,0x30,0x00,0x04,
	0x00,0x40,0x00,0x08,0x00,0x2C,0x00,0x0E,0x00,0x08,0x00,
	0x18,0x00,0x16,0x00,0x20,0x00,0x08,0x00,0x80,0x00,0x81,
	0x00,0x00,0x01,0x80,0x00,0x81,0x01,0x00,0x00,0x80,0x02,
	0x81,0x00,0x00,0x03,0x80,0x00,0x81,0x03,0x00,0x00,0x00,
	0x00,0x20,0x00,0x0A,0x00,0x28,0x00,0x1E,0x00,0x18,0x00,
	0x32,0x00,0x20,0x00,0x3C,0x00,0x20,0x00,0x46,0x00,0x20,
	0x00,0x81,0x00,0x00,0x00,0x80,0x01,0x81,0x00,0x00,0x02,
	0x80,0x00,0x81,0x02,0x00,0x00,0x80,0x03,0x81,0x00,0x00,
	0x04,0x80,0x00,0x06,0x06,0x02,0x03,0x05,0x02,0x03,0x05,
	0x00,0x00,0x00,0x00,0x00,0x00,0x00,0x00,0x00,0x00,0x00,
	0x00,0x00,0x00,0x00,0x00,0x00,0x00,0x00,0x00,0x00,0x00,
	0x00,0x00,0x00,0x00,0x00,0x00,0x00,0x00,0x00,0x00,0x00,
	0x00,0x00,0x00,0x00,0x00,0x00,0x00,0x00,0x00,0x40,0x00,
	0x00,0x80,0x00,0x00,0x20,0x20,0x20,0x20,0x20,0x20,0x20,
	0x20,0x20,0x20,0x20,0x20,0x20,0x20,0x20,0x20,0x20,0x20,
	0x20,0x20,0x20,0x20,0x07,0x01,0x00,0x00,0x00,0x00,0x00,
	0x00,0x00,0x00,0x00,0x00,0x00,0x00,0x00,0x00,0x00,0x00,
	0x00,0x00,0x00,0x00,0x00,0x00,0x00,0x00,0x17,0x01,0x00,
	0x28,0x00,0x00,0x00,0x00,0x00,0x00,0x00,0x00,0x00,0x00,
	0x00,0x00,0x00,0x00,0x00,0x00,0x00,0x00,0x00,0x00,0x00,
	0x00,0x00,0x00,0x00,0x00,0x00,0x00,0x00,0x00,0x00,0x00,
	0x00,0x00,0x00,0x00,0x00,0x00,0x00,0x00,0x00,0x00,0x00,
	0x00,0x00,0x00,0x00,0x00,0x00,0x00,0x00,0x00,0x00,0x00,
	0x00,0x00,0x00,0x00,0x00,0x00,0x00,0x00,0x00,0x00,0x00,
	0x00,0x00,0x00,0x00,0x00,0x00,0x00,0x00,0x00,0x00,0x00,
	0x00,0x00,0x00,0x00,0x00,0x00,0x00,0x00,0x00,0x00,0x00,
	0x00,0x00,0x00,0x00,0x00,0x00,0x00,0x00,0x00,0x00,0x00,
	0x00,0x00,0x00,0x20,0x00,0x28,0x00,0x20,0x00,0x50,0x00,
	0x20,0x00,0x78,0x00,0x20,0x00,0xA0,0x00,0x20,0x00,0xA0,
	0x00,0x08,0x00,0x81,0x01,0x00,0x00,0x80,0x02,0x81,0x00,
	0x00,0x03,0x80,0x00,0x81,0x03,0x00,0x00,0x80,0x04,0x81,
	0x00,0x00,0x05,0x80,0x00,0x00,0x00,0x20,0x00,0x28,0x00,
	0x20,0x00,0x50,0x00,0x20,0x00,0x78,0x00,0x20,0x00,0xA0,
	0x00,0x20,0x00,0xA0,0x00,0x20,0x00,0x46,0x01,0x80,0x00,
	0x81,0x01,0x00,0x00,0x80,0x02,0x81,0x00,0x00,0x03,0x80,
	0x00,0x81,0x03,0x00,0x00,0x80,0x04,0x81,0x00,0x05,0x05,
	0x00,0x00,0x00,0x00,0x00,0x00,0x00,0x00,0x00,0x00,0x00,
	0x00,0x00,0x00,0x00,0x00,0x00,0x00,0x00,0x00,0x00,0x00,
	0x00,0x00,0x00,0x00,0x00,0x00,0x00,0x00,0x00,0x00,0x00,
	0x00,0x00,0x00,0x00,0x00,0x00,0x00,0x00,0x00,0x00,0x00,
	0x00,0x00,0x00,0x00,0x00,0x00,0x00,0x80,0x00,0x00,0x20,
	0x20,0x20,0x20,0x20,0x20,0x20,0x20,0x20,0x20,0x20,0x20,
	0x20,0x20,0x20,0x20,0x20,0x20,0x20,0x20,0x20,0x20,0x07,
	0x01,0x00,0x00,0x00,0x00,0x00,0x00,0x00,0x00,0x00,0x00,
	0x00,0x00,0x00,0x00,0x00,0x00,0x00,0x00,0x00,0x00,0x00,
	0x00,0x00,0x00,0x17,0x01,0x00,0x28,0x00,0x00,0x00,0x00,
	0x00,0x00,0x00,0x00,0x00,0x00,0x00,0x00,0x00,0x00,0x00,
	0x00,0x00,0x00,0x00,0x00,0x00,0x00,0x00,0x00,0x00,0x00,
	0x00,0x00,0x00,0x00,0x00,0x00,0x00,0x00,0x00,0x00,0x00,
	0x00,0x00,0x00,0x00,0x00,0x00,0x00,0x00,0x00,0x00,0x00,
	0x00,0x00,0x00,0x00,0x00,0x00,0x00,0x00,0x00,0x00,0x00,
	0x00,0x00,0x00,0x00,0x00,0x00,0x00,0x00,0x00,0x00,0x00,
	0x00,0x00,0x00,0x00,0x00,0x00,0x00,0x00,0x00,0x00,0x00,
	0x00,0x00,0x00,0x00,0x00,0x00,0x00,0x00,0x00,0x00,0x00,
	0x00,0x00,0x00,0x00,0x00,0x00,0x00,0x00,0x00,0x20,0x00,
	0x28,0x00,0x20,0x00,0x50,0x00,0x20,0x00,0x78,0x00,0x20,
	0x00,0xA0,0x00,0x20,0x00,0xA0,0x00,0x81,0x00,0x00,0x01,
	0x80,0x00,0x81,0x01,0x00,0x00,0x80,0x02,0x81,0x00,0x00,
	0x03,0x80,0x00,0x81,0x03,0x00,0x00,0x80,0x04,0x81,0x00,
	0x00,0x00,0x20,0x00,0x28,0x00,0x20,0x00,0x50,0x00,0x20,
	0x00,0x78,0x00,0x20,0x00,0xA0,0x00,0x20,0x00,0xA0,0x00,
	0x81,0x00,0x00,0x01,0x80,0x00,0x81,0x01,0x00,0x00,0x80,
	0x02,0x81,0x00,0x00,0x03,0x80,0x00,0x81,0x03,0x00,0x00,
	0x80,0x04,0x81,0x00,0x05,0x05,0x00,0x00,0x00,0x00,0x00,
	0x00,0x00,0x00,0x00,0x00,0x00,0x00,0x00,0x00,0x00,0x00,
	0x00,0x00,0x00,0x00,0x00,0x00,0x00,0x00,0x00,0x00,0x00,
	0x00,0x00,0x00,0x00,0x00,0x00,0x00,0x00,0x00,0x00,0x00,
	0x00,0x00,0x00,0x00,0x00,0x00,0x00,0x00,0x00,0x00,0x20,
	0x00,0x00,0x80,0x00,0x00,0x20,0x20,0x20,0x20,0x20,0x20,
	0x20,0x20,0x20,0x20,0x20,0x20,0x20,0x20,0x20,0x20,0x20,
	0x20,0x20,0x20,0x20,0x20,0x07,0x01,0x00,0x00,0x00,0x00,
	0x00,0x00,0x00,0x00,0x00,0x00,0x00,0x00,0x00,0x00,0x00,
	0x00,0x00,0x00,0x00,0x00,0x00,0x00,0x00,0x00,0x17,0x01,
	0x00,0x28,0x00,0x00,0x00,0x00,0x00,0x00,0x00,0x00,0x00,
	0x00,0x00,0x00,0x00,0x00,0x00,0x00,0x00,0x00,0x00,0x00,
	0x00,0x00,0x00,0x00,0x00,0x00,0x00,0x00,0x00,0x00,0x00,
	0x00,0x00,0x00,0x00,0x00,0x00,0x00,0x00,0x00,0x00,0x00,
	0x00,0x00,0x00,0x00,0x00,0x00,0x00,0x00,0x00,0x00,0x00,
	0x00,0x00,0x00,0x00,0x00,0x00,0x00,0x00,0x00,0x00,0x00,
	0x00,0x00,0x00,0x00,0x00,0x00,0x00,0x00,0x00,0x00,0x00,
	0x00,0x00,0x00,0x00,0x00,0x00,0x00,0x00,0x00,0x00,0x00,
	0x00,0x00,0x00,0x00,0x00,0x00,0x00,0x00,0x00,0x00,0x00,
	0x00,0x00,0x00,0x00,0x20,0x00,0x28,0x00,0x20,0x00,0x50,
	0x00,0x20,0x00,0x78,0x00,0x20,0x00,0xA0,0x00,0x20,0x00,
	0xA0,0x00,0x80,0x00,0x81,0x01,0x00,0x00,0x80,0x02,0x81,
	0x00,0x00,0x03,0x80,0x00,0x81,0x03,0x00,0x00,0x80,0x04,
	0x81,0x00,0x00,0x05,0x80,0x00,0x00,0x00,0x20,0x00,0x28,
	0x00,0x20,0x00,0x50,0x00,0x20,0x00,0x78,0x00,0x20,0x00,
	0xA0,0x00,0x20,0x00,0xA0,0x00,0x81,0x00,0x00,0x01,0x80,
	0x00,0x81,0x01,0x00,0x00,0x80,0x02,0x81,0x00,0x00,0x03,
	0x80,0x00,0x81,0x03,0x00,0x00,0x80,0x04,0x81,0x00,0x05,
	0x05,0x00,0x00,0x00,0x00,0x00,0x00,0x00,0x00,0x00,0x00,
	0x00,0x00,0x00,0x00,0x00,0x00,0x00,0x00,0x00,0x00,0x00,
	0x00,0x00,0x00,0x00,0x00,0x00,0x00,0x00,0x00,0x00,0x00,
	0x00,0x00,0x00,0x00,0x00,0x00,0x00,0x00,0x00,0x00,0x00,
	0x00,0x00,0x00,0x00,0x00,0x00,0x00,0x00,0x80,0x00,0x00,
	0x20,0x20,0x20,0x20,0x20,0x20,0x20,0x20,0x20,0x20,0x20,
	0x20,0x20,0x20,0x20,0x20,0x20,0x20,0x20,0x20,0x20,0x20,
	0x07,0x01,0x00,0x00,0x00,0x00,0x00,0x00,0x00,0x00,0x00,
	0x00,0x00,0x00,0x00,0x00,0x00,0x00,0x00,0x00,0x00,0x00,
	0x00,0x00,0x00,0x00,0x17,0x01,0x00,0x28,0x00,0x00,0x00,
	0x00,0x00,0x00,0x00,0x00,0x00,0x00,0x00,0x00,0x00,0x00,
	0x00,0x00,0x00,0x00,0x00,0x00,0x00,0x00,0x00,0x00,0x00,
	0x00,0x00,0x00,0x00,0x00,0x00,0x00,0x00,0x00,0x00,0x00,
	0x00,0x00,0x00,0x00,0x00,0x00,0x00,0x00,0x00,0x00,0x00,
	0x00,0x00,0x00,0x00,0x00,0x00,0x00,0x00,0x00,0x00,0x00,
	0x00,0x00,0x00,0x00,0x00,0x00,0x00,0x00,0x00,0x00,0x00,
	0x00,0x00,0x00,0x00,0x00,0x00,0x00,0x00,0x00,0x00,0x00,
	0x00,0x00,0x00,0x00,0x00,0x00,0x00,0x00,0x00,0x00,0x00,
	0x00,0x00,0x00,0x00,0x00,0x00,0x00,0x00,0x00,0x00,0x20,
	0x00,0x28,0x00,0x20,0x00,0x50,0x00,0x20,0x00,0x78,0x00,
	0x20,0x00,0xA0,0x00,0x20,0x00,0xA0,0x00,0x81,0x00,0x00,
	0x01,0x80,0x00,0x81,0x01,0x00,0x00,0x80,0x02,0x81,0x00,
	0x00,0x03,0x80,0x00,0x81,0x03,0x00,0x00,0x80,0x04,0x81,
	0x00,0x00,0x00,0x20,0x00,0x28,0x00,0x20,0x00,0x50,0x00,
	0x20,0x00,0x78,0x00,0x20,0x00,0xA0,0x00,0x20,0x00,0xA0,
	0x00,0x00,0x00,0x80,0x01,0x81,0x00,0x00,0x02,0x80,0x00,
	0x81,0x02,0x00,0x00,0x80,0x03,0x81,0x00,0x00,0x04,0x80,
	0x00,0x81,0x04,0x00,0x00,0x05,0x05,0x00,0x00,0x00,0x00,
	0x00,0x00,0x00,0x00,0x00,0x00,0x00,0x00,0x00,0x00,0x00,
	0x00,0x00,0x00,0x00,0x00,0x00,0x00,0x00,0x00,0x00,0x00,
	0x00,0x00,0x00,0x00,0x00,0x00,0x00,0x00,0x00,0x00,0x00,
	0x00,0x00,0x00,0x00,0x00,0x00,0x00,0x00,0x00,0x00,0x00,
	0x00,0x00,0x00,0x80,0x00,0x00,0x20,0x20,0x20,0x20,0x20,
	0x20,0x20,0x20,0x20,0x20,0x20,0x20,0x20,0x20,0x20,0x20,
	0x20,0x20,0x20,0x20,0x20,0x20,0x07,0x01,0x00,0x00,0x00,
	0x00,0x00,0x00,0x00,0x00,0x00,0x00,0x00,0x00,0x00,0x00,
	0x00,0x00,0x00,0x00,0x00,0x00,0x00,0x00,0x00,0x00,0x17,
	0x01,0x00,0x28,0x00,0x00,0x00,0x00,0x00,0x00,0x00,0x00,
	0x00,0x00,0x00,0x00,0x00,0x00,0x00,0x00,0x00,0x00,0x00,
	0x00,0x00,0x00,0x00,0x00,0x00,0x00,0x00,0x00,0x00,0x00,
	0x00,0x00,0x00,0x00,0x00,0x00,0x00,0x00,0x00,0x00,0x00,
	0x00,0x00,0x00,0x00,0x00,0x00,0x00,0x00,0x00,0x00,0x00,
	0x00,0x00,0x00,0x00,0x00,0x00,0x00,0x00,0x00,0x00,0x00,
	0x00,0x00,0x00,0x00,0x00,0x00,0x00,0x00,0x00,0x00,0x00,
	0x00,0x00,0x00,0x00,0x00,0x00,0x00,0x00,0x00,0x00,0x00,
	0x00,0x00,0x00,0x00,0x00,0x00,0x00,0x00,0x00,0x00,0x00,
	0x00,0x00,0x00,0x00,0x00,0x20,0x00,0x28,0x00,0x20,0x00,
	0x50,0x00,0x20,0x00,0x78,0x00,0x20,0x00,0xA0,0x00,0x20,
	0x00,0xA0,0x00,0x00,0x00,0x80,0x01,0x81,0x00,0x00,0x02,
	0x80,0x00,0x81,0x02,0x00,0x00,0x80,0x03,0x81,0x00,0x00,
	0x04,0x80,0x00,0x81,0x04,0x00,0x00,0x00,0x00,0x20,0x00,
	0x28,0x00,0x20,0x00,0x50,0x00,0x20,0x00,0x78,0x00,0x20,
	0x00,0xA0,0x00,0x20,0x00,0xA0,0x00,0x80,0x00,0x81,0x01,
	0x00,0x00,0x80,0x02,0x81,0x00,0x00,0x03,0x80,0x00,0x81,
	0x03,0x00,0x00,0x80,0x04,0x81,0x00,0x00,0x05,0x80,0x00,
	0x05,0x05,0x00,0x00,0x00,0x00,0x00,0x00,0x00,0x00,0x00,
	0x00,0x00,0x00,0x00,0x00,0x00,0x00,0x00,0x00,0x00,0x00,
	0x00,0x00,0x00,0x00,0x00,0x00,0x00,0x00,0x00,0x00,0x00,
	0x00,0x00,0x00,0x00,0x00,0x00,0x00,0x00,0x00,0x00,0x00,
	0x00,0x00,0x00,0x00,0x00,0x00,0x00,0x00,0x00,0x80,0x00,
	0x00,0x20,0x20,0x20,0x20,0x20,0x20,0x20,0x20,0x20,0x20,
	0x20,0x20,0x20,0x20,0x20,0x20,0x20,0x20,0x20,0x20,0x20,
	0x20,0x07,0x01,0x00,0x00,0x00,0x00,0x00,0x00,0x00,0x00,
	0x00,0x00,0x00,0x00,0x00,0x00,0x00,0x00,0x00,0x00,0x00,
	0x00,0x00,0x00,0x00,0x00,0x17,0x01,0x00,0x28,0x00,0x00,
	0x00,0x00,0x00,0x00,0x00,0x00,0x00,0x00,0x00,0x00,0x00,
	0x00,0x00,0x00,0x00,0x00,0x00,0x00,0x00,0x00,0x00,0x00,
	0x00,0x00,0x00,0x00,0x00,0x00,0x00,0x00,0x00,0x00,0x00,
	0x00,0x00,0x00,0x00,0x00,0x00,0x00,0x00,0x00,0x00,0x00,
	0x00,0x00,0x00,0x00,0x00,0x00,0x00,0x00,0x00,0x00,0x00,
	0x00,0x00,0x00,0x00,0x00,0x00,0x00,0x00,0x00,0x00,0x00,
	0x00,0x00,0x00,0x00,0x00,0x00,0x00,0x00,0x00,0x00,0x00,
	0x00,0x00,0x00,0x00,0x00,0x00,0x00,0x00,0x00,0x00,0x00,
	0x00,0x00,0x00,0x00,0x00,0x00,0x00,0x00,0x00,0x00,0x00,
	0x20,0x00,0x28,0x00,0x20,0x00,0x50,0x00,0x20,0x00,0x78,
	0x00,0x20,0x00,0xA0,0x00,0x20,0x00,0xA0,0x00,0x80,0x00,
	0x81,0x01,0x00,0x00,0x80,0x02,0x81,0x00,0x00,0x03,0x80,
	0x00,0x81,0x03,0x00,0x00,0x80,0x04,0x81,0x00,0x00,0x05,
	0x80,0x00,0x00,0x00,0x20,0x00,0x28,0x00,0x20,0x00,0x50,
	0x00,0x20,0x00,0x78,0x00,0x20,0x00,0xA0,0x00,0x20,0x00,
	0xA0,0x00,0x81,0x00,0x00,0x01,0x80,0x00,0x81,0x01,0x00,
	0x00,0x80,0x02,0x81,0x00,0x00,0x03,0x80,0x00,0x81,0x03,
	0x00,0x00,0x80,0x04,0x81,0x00,0x05,0x05,0x00,0x00,0x00,
	0x00,0x00,0x00,0x00,0x00,0x00,0x00,0x00,0x00,0x00,0x00,
	0x00,0x00,0x00,0x00,0x00,0x00,0x00,0x00,0x00,0x00,0x00,
	0x00,0x00,0x00,0x00,0x00,0x00,0x00,0x00,0x00,0x00,0x00,
	0x00,0x00,0x00,0x00,0x00,0x00,0x00,0x00,0x00,0x00,0x00,
	0x00,0x00,0x00,0x00,0x80,0x00,0x00,0x20,0x20,0x20,0x20,
	0x20,0x20,0x20,0x20,0x20,0x20,0x20,0x20,0x20,0x20,0x20,
	0x20,0x20,0x20,0x20,0x20,0x20,0x20,0x07,0x01,0x00,0x00,
	0x00,0x00,0x00,0x00,0x00,0x00,0x00,0x00,0x00,0x00,0x00,
	0x00,0x00,0x00,0x00,0x00,0x00,0x00,0x00,0x00,0x00,0x00,
	0x17,0x01,0x00,0x28,0x00,0x00,0x00,0x00,0x00,0x00,0x00,
	0x00,0x00,0x00,0x00,0x00,0x00,0x00,0x00,0x00,0x00,0x00,
	0x00,0x00,0x00,0x00,0x00,0x00,0x00,0x00,0x00,0x00,0x00,
	0x00,0x00,0x00,0x00,0x00,0x00,0x00,0x00,0x00,0x00,0x00,
	0x00,0x00,0x00,0x00,0x00,0x00,0x00,0x00,0x00,0x00,0x00,
	0x00,0x00,0x00,0x00,0x00,0x00,0x00,0x00,0x00,0x00,0x00,
	0x00,0x00,0x00,0x00,0x00,0x00,0x00,0x00,0x00,0x00,0x00,
	0x00,0x00,0x00,0x00,0x00,0x00,0x00,0x00,0x00,0x00,0x00,
	0x00,0x00,0x00,0x00,0x00,0x00,0x00,0x00,0x00,0x00,0x00,
	0x00,0x00,0x00,0x00,0x00,0x00,0x20,0x00,0x28,0x00,0x20,
	0x00,0x50,0x00,0x20,0x00,0x78,0x00,0x20,0x00,0xA0,0x00,
	0x20,0x00,0xA0,0x00,0x81,0x00,0x00,0x01,0x80,0x00,0x81,
	0x01,0x00,0x00,0x80,0x02,0x81,0x00,0x00,0x03,0x80,0x00,
	0x81,0x03,0x00,0x00,0x80,0x04,0x81,0x00,0x00,0x00,0x20,
	0x00,0x28,0x00,0x20,0x00,0x50,0x00,0x20,0x00,0x78,0x00,
	0x20,0x00,0xA0,0x00,0x20,0x00,0xA0,0x00,0x81,0x00,0x00,
	0x01,0x80,0x00,0x81,0x01,0x00,0x00,0x80,0x02,0x81,0x00,
	0x00,0x03,0x80,0x00,0x81,0x03,0x00,0x00,0x80,0x04,0x81,
	0x00,0x05,0x05,0x00,0x00,0x00,0x00,0x00,0x00,0x00,0x00,
	0x00,0x00,0x00,0x00,0x00,0x00,0x00,0x00,0x00,0x00,0x00,
	0x00,0x00,0x00,0x00,0x00,0x00,0x00,0x00,0x00,0x00,0x00,
	0x00,0x00,0x00,0x00,0x00,0x00,0x00,0x00,0x00,0x00,0x00,
	0x00,0x00,0x00,0x00,0x00,0x00,0x00,0x00,0x00,0x00,0x80,
	0x00,0x00,0x20,0x20,0x20,0x20,0x20,0x20,0x20,0x20,0x20,
	0x20,0x20,0x20,0x20,0x20,0x20,0x20,0x20,0x20,0x20,0x20,
	0x20,0x20,0x07,0x01,0x00,0x00,0x00,0x00,0x00,0x00,0x00,
	0x00,0x00,0x00,0x00,0x00,0x00,0x00,0x00,0x00,0x00,0x00,
	0x00,0x00,0x00,0x00,0x00,0x00,0x17,0x01,0x00,0x28,0x00,
	0x00,0x00,0x00,0x00,0x00,0x00,0x00,0x00,0x00,0x00,0x00,
	0x00,0x00,0x00,0x00,0x00,0x00,0x00,0x00,0x00,0x00,0x00,
	0x00,0x00,0x00,0x00,0x00,0x00,0x00,0x00,0x00,0x00,0x00,
	0x00,0x00,0x00,0x00,0x00,0x00,0x00,0x00,0x00,0x00,0x00,
	0x00,0x00,0x00,0x00,0x00,0x00,0x00,0x00,0x00,0x00,0x00,
	0x00,0x00,0x00,0x00,0x00,0x00,0x00,0x00,0x00,0x00,0x00,
	0x00,0x00,0x00,0x00,0x00,0x00,0x00,0x00,0x00,0x00,0x00,
	0x00,0x00,0x00,0x00,0x00,0x00,0x00,0x00,0x00,0x00,0x00,
	0x00,0x00,0x00,0x00,0x00,0x00,0x00,0x00,0x00,0x00,0x00,
	0x00,0x20,0x00,0x28,0x00,0x20,0x00,0x50,0x00,0x20,0x00,
	0x78,0x00,0x20,0x00,0xA0,0x00,0x20,0x00,0xA0,0x00,0x00,
	0x00,0x80,0x01,0x81,0x00,0x00,0x2A,0x80,0x00,0x81,0x2A,
	0x0C,0x00,0x80,0x2B,0x81,0x00,0x00,0x2C,0x80,0x00,0x81,
	0x2C,0x00,0x00,0x00,0x00,0x20,0x00,0x28,0x00,0x20,0x00,
	0x50,0x00,0x20,0x00,0x78,0x00,0x20,0x00,0xA0,0x00,0x20,
	0x00,0x0A,0x0F,0x80,0x00,0x81,0x0F,0x0A,0x00,0x54,0x10,
	0x81,0x00,0x0A,0x11,0x80,0x00,0x81,0x11,0x0A,0x00,0x55,
	0x12,0x20,0x00,0x0A,0x13,0x80,0x00,0x05,0x05,0x00,0x00,
	0x00,0x00,0x00,0x00,0x00,0x00,0x00,0x00,0x00,0x00,0x00,
	0x00,0x00,0x00,0x00,0x00,0x00,0x00,0x00,0x00,0x00,0x00,
	0x00,0x00,0x00,0x00,0x00,0x00,0x00,0x00,0x00,0x00,0x00,
	0x00,0x00,0x00,0x00,0x00,0x00,0x00,0x00,0x00,0x00,0x00,
	0x00,0x00,0x00,0x00,0x00,0x80,0x00,0x00,0x20,0x20,0x20,
	0x20,0x20,0x20,0x20,0x20,0x20,0x20,0x20,0x20,0x20,0x20,
	0x20,0x20,0x20,0x20,0x20,0x20,0x20,0x20,0x07,0x01,0x00,
	0x00,0x00,0x00,0x00,0x00,0x00,0x00,0x00,0x00,0x00,0x00,
	0x00,0x00,0x00,0x00,0x00,0x00,0x00,0x00,0x00,0x00,0x00,
	0x00,0x17,0x01,0x00,0x28,0x00,0x00,0x00,0x00,0x00,0x00,
	0x00,0x00,0x00,0x00,0x00,0x00,0x00,0x00,0x00,0x00,0x00,
	0x00,0x00,0x00,0x00,0x00,0x00,0x00,0x00,0x00,0x00,0x00,
	0x00,0x00,0x00,0x00,0x00,0x00,0x00,0x00,0x00,0x00,0x00,
	0x00,0x00,0x00,0x00,0x00,0x00,0x00,0x00,0x00,0x00,0x00,
	0x00,0x00,0x00,0x00,0x00,0x00,0x00,0x00,0x00,0x00,0x00,
	0x00,0x00,0x00,0x00,0x00,0x00,0x00,0x00,0x00,0x00,0x00,
	0x00,0x00,0x00,0x00,0x00,0x00,0x00,0x00,0x00,0x00,0x00,
	0x00,0x00,0x00,0x00,0x00,0x00,0x00,0x00,0x00,0x00,0x00,
	0x00,0x00,0x00,0x00,0x00,0x00,0x00,0x20,0x00,0x28,0x00,
	0x20,0x00,0x50,0x00,0x20,0x00,0x78,0x00,0x20,0x00,0xA0,
	0x00,0x20,0x00,0xA0,0x00,0x00,0x00,0x00,0x01,0x00,0x00,
	0x00,0x01,0x00,0x00,0x00,0x01,0x80,0x00,0x00,0x01,0x00,
	0x00,0x00,0x01,0x00,0x00,0x00,0x01,0x00,0x00,0x00,0x00,
	0x20,0x00,0x28,0x00,0x20,0x00,0x50,0x00,0x20,0x00,0x78,
	0x00,0x20,0x00,0xA0,0x00,0x20,0x00,0xA0,0x00,0x81,0x00,
	0x00,0x01,0x80,0x00,0x81,0x01,0x00,0x00,0x80,0x02,0x81,
	0x00,0x00,0x03,0x80,0x00,0x81,0x03,0x00,0x00,0x80,0x04,
	0x81,0x00,0x05,0x05,0x00,0x00,0x00,0x00,0x00,0x00,0x00,
	0x00,0x00,0x00,0x00,0x00,0x00,0x00,0x00,0x00,0x00,0x00,
	0x00,0x00,0x00,0x00,0x00,0x00,0x00,0x00,0x00,0x00,0x00,
	0x00,0x00,0x00,0x00,0x00,0x00,0x00,0x00,0x00,0x00,0x00,
	0x00,0x00,0x00,0x00,0x00,0x00,0x00,0x00,0x00,0x00,0x00,
	0x80,0x00,0x00,0x20,0x20,0x20,0x20,0x20,0x20,0x20,0x20,
	0x20,0x20,0x20,0x20,0x20,0x20,0x20,0x20,0x20,0x20,0x20,
	0x20,0x20,0x20,0x07,0x01,0x00,0x00,0x00,0x00,0x00,0x00,
	0x00,0x00,0x00,0x00,0x00,0x00,0x00,0x00,0x00,0x00,0x00,
	0x00,0x00,0x00,0x00,0x00,0x00,0x00,0x17,0x01,0x00,0x28,
	0x00,0x00,0x00,0x00,0x00,0x00,0x00,0x00,0x00,0x00,0x00,
	0x00,0x00,0x00,0x00,0x00,0x00,0x00,0x00,0x00,0x00,0x00,
	0x00,0x00,0x00,0x00,0x00,0x00,0x00,0x00,0x00,0x00,0x00,
	0x00,0x00,0x00,0x00,0x00,0x00,0x00,0x00,0x00,0x00,0x00,
	0x00,0x00,0x00,0x00,0x00,0x00,0x00,0x00,0x00,0x00,0x00,
	0x00,0x00,0x00,0x00,0x00,0x00,0x00,0x00,0x00,0x00,0x00,
	0x00,0x00,0x00,0x00,0x00,0x00,0x00,0x00,0x00,0x00,0x00,
	0x00,0x00,0x00,0x00,0x00,0x00,0x00,0x00,0x00,0x00,0x00,
	0x00,0x00,0x00,0x00,0x00,0x00,0x00,0x00,0x00,0x00,0x00,
	0x00,0x00,0x20,0x00,0x28,0x00,0x20,0x00,0x50,0x00,0x20,
	0x00,0x78,0x00,0x20,0x00,0xA0,0x00,0x20,0x00,0xA0,0x00,
	0x00,0x00,0x80,0x01,0x81,0x00,0x00,0x02,0x80,0x00,0x81,
	0x02,0x00,0x00,0x80,0x03,0x81,0x00,0x00,0x04,0x80,0x00,
	0x81,0x04,0x00,0x00,0x00,0x00,0x20,0x00,0x28,0x00,0x20,
	0x00,0x50,0x00,0x20,0x00,0x78,0x00,0x20,0x00,0xA0,0x00,
	0x20,0x00,0xA0,0x00,0x80,0x00,0x81,0x01,0x00,0x00,0x80,
	0x02,0x81,0x00,0x00,0x03,0x80,0x00,0x81,0x03,0x00,0x00,
	0x80,0x04,0x81,0x00,0x00,0x05,0x80,0x00,0x05,0x05,0x00,
	0x00,0x00,0x00,0x00,0x00,0x00,0x00,0x00,0x00,0x00,0x00,
	0x00,0x00,0x00,0x00,0x00,0x00,0x00,0x00,0x00,0x00,0x00,
	0x00,0x00,0x00,0x00,0x00,0x00,0x00,0x00,0x00,0x00,0x00,
	0x00,0x00,0x00,0x00,0x00,0x00,0x00,0x00,0x00,0x00,0x00,
	0x00,0x00,0x00,0x00,0x00,0x00,0x80,0x00,0x00,0x20,0x20,
	0x20,0x20,0x20,0x20,0x20,0x20,0x20,0x20,0x20,0x20,0x20,
	0x20,0x20,0x20,0x20,0x20,0x20,0x20,0x20,0x20,0x07,0x01,
	0x00,0x00,0x00,0x00,0x00,0x00,0x00,0x00,0x00,0x00,0x00,
	0x00,0x00,0x00,0x00,0x00,0x00,0x00,0x00,0x00,0x00,0x00,
	0x00,0x00,0x17,0x01,0x00,0x28,0x00,0x00,0x00,0x00,0x00,
	0x00,0x00,0x00,0x00,0x00,0x00,0x00,0x00,0x00,0x00,0x00,
	0x00,0x00,0x00,0x00,0x00,0x00,0x00,0x00,0x00,0x00,0x00,
	0x00,0x00,0x00,0x00,0x00,0x00,0x00,0x00,0x00,0x00,0x00,
	0x00,0x00,0x00,0x00,0x00,0x00,0x00,0x00,0x00,0x00,0x00,
	0x00,0x00,0x00,0x00,0x00,0x00,0x00,0x00,0x00,0x00,0x00,
	0x00,0x00,0x00,0x00,0x00,0x00,0x00,0x00,0x00,0x00,0x00,
	0x00,0x00,0x00,0x00,0x00,0x00,0x00,0x00,0x00,0x00,0x00,
	0x00,0x00,0x00,0x00,0x00,0x00,0x00,0x00,0x00,0x00,0x00,
	0x00,0x00,0x00,0x00,0x00,0x00,0x00,0x00,0x20,0x00,0x28,
	0x00,0x20,0x00,0x50,0x00,0x20,0x00,0x78,0x00,0x20,0x00,
	0xA0,0x00,0x20,0x00,0xA0,0x00,0x98,0x00,0x00,0x01,0x98,
	0x00,0x00,0x01,0x98,0x00,0x00,0x01,0x98,0x00,0x00,0x01,
	0x80,0x00,0x00,0x01,0x80,0x00,0x00,0x01,0x80,0x00,0x00,
	0x00,0x20,0x00,0x28,0x00,0x20,0x00,0x50,0x00,0x20,0x00,
	0x78,0x00,0x20,0x00,0xA0,0x00,0x20,0x00,0xA0,0x00,0x9A,
	0x00,0x00,0x01,0x9A,0x00,0x00,0x01,0x9A,0x00,0x00,0x01,
	0x9A,0x00,0x00,0x01,0x9A,0x00,0x00,0x01,0x9A,0x00,0x00,
	0x01,0x9C,0x00,0x05,0x05,0x00,0x00,0x00,0x00,0x00,0x00,
	0x00,0x00,0x00,0x00,0x00,0x00,0x00,0x00,0x00,0x00,0x00,
	0x00,0x00,0x00,0x00,0x00,0x00,0x00,0x00,0x00,0x00,0x00,
	0x00,0x00,0x00,0x00,0x00,0x00,0x00,0x00,0x00,0x00,0x00,
	0x00,0x00,0x00,0x00,0x00,0x00,0x00,0x00,0x00,0x00,0x00,
	0x00,0x80,0x00,0x00,0x20,0x20,0x20,0x20,0x20,0x20,0x20,
	0x20,0x20,0x20,0x20,0x20,0x20,0x20,0x20,0x20,0x20,0x20,
	0x20,0x20,0x20,0x20,0x07,0x01,0x00,0x00,0x00,0x00,0x00,
	0x00,0x00,0x00,0x00,0x00,0x00,0x00,0x00,0x00,0x00,0x00,
	0x00,0x00,0x00,0x00,0x00,0x00,0x00,0x00,0x17,0x01,0x00,
	0x28,0x00,0x00,0x00,0x00,0x00,0x00,0x00,0x00,0x00,0x00,
	0x00,0x00,0x00,0x00,0x00,0x00,0x00,0x00,0x00,0x00,0x00,
	0x00,0x00,0x00,0x00,0x00,0x00,0x00,0x00,0x00,0x00,0x00,
	0x00,0x00,0x00,0x00,0x00,0x00,0x00,0x00,0x00,0x00,0x00,
	0x00,0x00,0x00,0x00,0x00,0x00,0x00,0x00,0x00,0x00,0x00,
	0x00,0x00,0x00,0x00,0x00,0x00,0x00,0x00,0x00,0x00,0x00,
	0x00,0x00,0x00,0x00,0x00,0x00,0x00,0x00,0x00,0x00,0x00,
	0x00,0x00,0x00,0x00,0x00,0x00,0x00,0x00,0x00,0x00,0x00,
	0x00,0x00,0x00,0x00,0x00,0x00,0x00,0x00,0x00,0x00,0x00,
	0x00,0x00,0x00,0x20,0x00,0x28,0x00,0x20,0x00,0x50,0x00,
	0x20,0x00,0x78,0x00,0x20,0x00,0xA0,0x00,0x20,0x00,0xA0,
	0x00,0x9E,0x00,0x00,0x01,0x9E,0x00,0x00,0x01,0x9E,0x00,
	0x00,0x01,0x9E,0x00,0x00,0x01,0x9E,0x00,0x00,0x01,0x9E,
	0x00,0x00,0x01,0x9E,0x00,0x00,0x00,0x20,0x00,0x28,0x00,
	0x20,0x00,0x50,0x00,0x20,0x00,0x78,0x00,0x20,0x00,0xA0,
	0x00,0x20,0x00,0xA0,0x00,0x9A,0x00,0x00,0x01,0x9A,0x00,
	0x00,0x01,0x9A,0x00,0x00,0x01,0x9A,0x00,0x00,0x01,0x9A,
	0x00,0x00,0x01,0x9A,0x00,0x00,0x01,0x9A,0x00,0x05,0x05,
	0x00,0x00,0x00,0x00,0x00,0x00,0x00,0x00,0x00,0x00,0x00,
	0x00,0x00,0x00,0x00,0x00,0x00,0x00,0x00,0x00,0x00,0x00,
	0x00,0x00,0x00,0x00,0x00,0x00,0x00,0x00,0x00,0x00,0x00,
	0x00,0x00,0x00,0x00,0x00,0x00,0x00,0x00,0x00,0x00,0x00,
	0x00,0x00,0x00,0x00,0x00,0x00,0x00,0x80,0x00,0x00,0x20,
	0x20,0x20,0x20,0x20,0x20,0x20,0x20,0x20,0x20,0x20,0x20,
	0x20,0x20,0x20,0x20,0x20,0x20,0x20,0x20,0x20,0x20,0x07,
	0x01,0x00,0x00,0x00,0x00,0x00,0x00,0x00,0x00,0x00,0x00,
	0x00,0x00,0x00,0x00,0x00,0x00,0x00,0x00,0x00,0x00,0x00,
	0x00,0x00,0x00,0x17,0x01,0x00,0x28,0x00,0x00,0x00,0x00,
	0x00,0x00,0x00,0x00,0x00,0x00,0x00,0x00,0x00,0x00,0x00,
	0x00,0x00,0x00,0x00,0x00,0x00,0x00,0x00,0x00,0x00,0x00,
	0x00,0x00,0x00,0x00,0x00,0x00,0x00,0x00,0x00,0x00,0x00,
	0x00,0x00,0x00,0x00,0x00,0x00,0x00,0x00,0x00,0x00,0x00,
	0x00,0x00,0x00,0x00,0x00,0x00,0x00,0x00,0x00,0x00,0x00,
	0x00,0x00,0x00,0x00,0x00,0x00,0x00,0x00,0x00,0x00,0x00,
	0x00,0x00,0x00,0x00,0x00,0x00,0x00,0x00,0x00,0x00,0x00,
	0x00,0x00,0x00,0x00,0x00,0x00,0x00,0x00,0x00,0x00,0x00,
	0x00,0x00,0x00,0x00,0x00,0x00,0x00,0x00,0x00,0x20,0x00,
	0x28,0x00,0x20,0x00,0x50,0x00,0x20,0x00,0x78,0x00,0x20,
	0x00,0xA0,0x00,0x20,0x00,0xA0,0x00,0x9E,0x00,0x00,0x01,
	0x9E,0x00,0x00,0x01,0x9E,0x00,0x00,0x01,0x9E,0x00,0x00,
	0x01,0x9E,0x00,0x00,0x01,0x9E,0x00,0x00,0x01,0x9E,0x00,
	0x00,0x00,0x20,0x00,0x28,0x00,0x20,0x00,0x50,0x00,0x20,
	0x00,0x78,0x00,0x20,0x00,0xA0,0x00,0x20,0x00,0xA0,0x00,
	0x9E,0x00,0x00,0x01,0x9E,0x00,0x00,0x01,0x9E,0x00,0x00,
	0x01,0x9E,0x00,0x00,0x01,0x9E,0x00,0x00,0x01,0x9E,0x00,
	0x00,0x01,0x9E,0x00,0x05,0x05,0x00,0x00,0x00,0x00,0x00,
	0x00,0x00,0x00,0x00,0x00,0x00,0x00,0x00,0x00,0x00,0x00,
	0x00,0x00,0x00,0x00,0x00,0x00,0x00,0x00,0x00,0x00,0x00,
	0x00,0x00,0x00,0x00,0x00,0x00,0x00,0x00,0x00,0x00,0x00,
	0x00,0x00,0x00,0x00,0x00,0x00,0x00,0x00,0x00,0x00,0x00,
	0x00,0x00,0x80,0x00,0x00,0x20,0x20,0x20,0x20,0x20,0x20,
	0x20,0x20,0x20,0x20,0x20,0x20,0x20,0x20,0x20,0x20,0x20,
	0x20,0x20,0x20,0x20,0x20,0x07,0x01,0x00,0x00,0x00,0x00,
	0x00,0x00,0x00,0x00,0x00,0x00,0x00,0x00,0x00,0x00,0x00,
	0x00,0x00,0x00,0x00,0x00,0x00,0x00,0x00,0x00,0x17,0x01,
	0x00,0x28,0x00,0x00,0x00,0x00,0x00,0x00,0x00,0x00,0x00,
	0x00,0x00,0x00,0x00,0x00,0x00,0x00,0x00,0x00,0x00,0x00,
	0x00,0x00,0x00,0x00,0x00,0x00,0x00,0x00,0x00,0x00,0x00,
	0x00,0x00,0x00,0x00,0x00,0x00,0x00,0x00,0x00,0x00,0x00,
	0x00,0x00,0x00,0x00,0x00,0x00,0x00,0x00,0x00,0x00,0x00,
	0x00,0x00,0x00,0x00,0x00,0x00,0x00,0x00,0x00,0x00,0x00,
	0x00,0x00,0x00,0x00,0x00,0x00,0x00,0x00,0x00,0x00,0x00,
	0x00,0x00,0x00,0x00,0x00,0x00,0x00,0x00,0x00,0x00,0x00,
	0x00,0x00,0x00,0x00,0x00,0x00,0x00,0x00,0x00,0x00,0x00,
	0x00,0x00,0x00,0x00,0x20,0x00,0x28,0x00,0x20,0x00,0x50,
	0x00,0x20,0x00,0x78,0x00,0x20,0x00,0xA0,0x00,0x20,0x00,
	0xA0,0x00,0x9E,0x00,0x00,0x01,0x9E,0x00,0x00,0x01,0x9E,
	0x00,0x00,0x01,0x9E,0x00,0x00,0x01,0x9E,0x00,0x00,0x01,
	0x9E,0x00,0x00,0x01,0x9E,0x00,0x00,0x00,0x20,0x00,0x28,
	0x00,0x20,0x00,0x50,0x00,0x20,0x00,0x78,0x00,0x20,0x00,
	0xA0,0x00,0x20,0x00,0xA0,0x00,0x9E,0x00,0x00,0x01,0x9E,
	0x00,0x00,0x01,0x9E,0x00,0x00,0x01,0x9E,0x00,0x00,0x01,
	0x9E,0x00,0x00,0x01,0x9E,0x00,0x00,0x01,0x9E,0x00,0x05,
	0x05,0x00,0x00,0x00,0x00,0x00,0x00,0x00,0x00,0x00,0x00,
	0x00,0x00,0x00,0x00,0x00,0x00,0x00,0x00,0x00,0x00,0x00,
	0x00,0x00,0x00,0x00,0x00,0x00,0x00,0x00,0x00,0x00,0x00,
	0x00,0x00,0x00,0x00,0x00,0x00,0x00,0x00,0x00,0x00,0x00,
	0x00,0x00,0x00,0x00,0x00,0x00,0x00,0x00,0x80,0x00,0x00,
	0x20,0x20,0x20,0x20,0x20,0x20,0x20,0x20,0x20,0x20,0x20,
	0x20,0x20,0x20,0x20,0x20,0x20,0x20,0x20,0x20,0x20,0x20,
	0x07,0x01,0x00,0x00,0x00,0x00,0x00,0x00,0x00,0x00,0x00,
	0x00,0x00,0x00,0x00,0x00,0x00,0x00,0x00,0x00,0x00,0x00,
	0x00,0x00,0x00,0x00,0x17,0x01,0x00,0x28,0x00,0x00,0x00,
	0x00,0x00,0x00,0x00,0x00,0x00,0x00,0x00,0x00,0x00,0x00,
	0x00,0x00,0x00,0x00,0x00,0x00,0x00,0x00,0x00,0x00,0x00,
	0x00,0x00,0x00,0x00,0x00,0x00,0x00,0x00,0x00,0x00,0x00,
	0x00,0x00,0x00,0x00,0x00,0x00,0x00,0x00,0x00,0x00,0x00,
	0x00,0x00,0x00,0x00,0x00,0x00,0x00,0x00,0x00,0x00,0x00,
	0x00,0x00,0x00,0x00,0x00,0x00,0x00,0x00,0x00,0x00,0x00,
	0x00,0x00,0x00,0x00,0x00,0x00,0x00,0x00,0x00,0x00,0x00,
	0x00,0x00,0x00,0x00,0x00,0x00,0x00,0x00,0x00,0x00,0x00,
	0x00,0x00,0x00,0x00,0x00,0x00,0x00,0x00,0x00,0x00,0x20,
	0x00,0x28,0x00,0x20,0x00,0x50,0x00,0x20,0x00,0x78,0x00,
	0x20,0x00,0xA0,0x00,0x20,0x00,0xA0,0x00,0x98,0x00,0x00,
	0x01,0x98,0x00,0x00,0x01,0x80,0x00,0x00,0x01,0x80,0x00,
	0x00,0x01,0x80,0x00,0x00,0x01,0x80,0x00,0x00,0x01,0x80,
	0x00,0x00,0x00,0x20,0x00,0x28,0x00,0x20,0x00,0x50,0x00,
	0x20,0x00,0x78,0x00,0x20,0x00,0xA0,0x00,0x20,0x00,0xA0,
	0x00,0x9A,0x00,0x00,0x01,0x9A,0x00,0x00,0x01,0x9A,0x00,
	0x00,0x01,0x9A,0x00,0x00,0x01,0x9C,0x00,0x00,0x01,0x9C,
	0x00,0x00,0x01,0x9C,0x00,0x05,0x05,0x00,0x00,0x00,0x00,
	0x00,0x00,0x00,0x00,0x00,0x00,0x00,0x00,0x00,0x00,0x00,
	0x00,0x00,0x00,0x00,0x00,0x00,0x00,0x00,0x00,0x00,0x00,
	0x00,0x00,0x00,0x00,0x00,0x00,0x00,0x00,0x00,0x00,0x00,
	0x00,0x00,0x00,0x00,0x00,0x00,0x00,0x00,0x00,0x00,0x00,
	0x00,0x00,0x00,0x80,0x00,0x00,0x20,0x20,0x20,0x20,0x20,
	0x20,0x20,0x20,0x20,0x20,0x20,0x20,0x20,0x20,0x20,0x20,
	0x20,0x20,0x20,0x20,0x20,0x20,0x07,0x01,0x00,0x00,0x74,
	0x75,0x2E,0x73,0x61,0x63,0x2E,0x72,0x72,0x2E,0x65,0x39,
	0x2E,0x74,0x77,0x2E,0x68,0x78,0x31,0x39,0x39,0x00,0x17,
	0x01,0x00,0x28,0x00,0x00,0x00,0x00,0x00,0x00,0x00,0x00,
	0x00,0x00,0x00,0x00,0x00,0x00,0x00,0x00,0x00,0x00,0x00,
	0x00,0x00,0x00,0x00,0x00,0x00,0x00,0x00,0x00,0x00,0x00,
	0x00,0x00,0x00,0x00,0x00,0x00,0x00,0x00,0x00,0x00,0x00,
	0x00,0x00,0x00,0x00,0x00,0x00,0x00,0x00,0x00,0x00,0x00,
	0x00,0x00,0x00,0x00,0x00,0x00,0x00,0x00,0x00,0x00,0x00,
	0x00,0x00,0x00,0x00,0x00,0x00,0x00,0x00,0x00,0x00,0x00,
	0x00,0x00,0x00,0x00,0x00,0x00,0x00,0x00,0x00,0x00,0x00,
	0x00,0x00,0x00,0x00,0x00,0x00,0x00,0x00,0x00,0x00,0x00,
	0x00,0x00,0x00,0x00,0x00,0x20,0x00,0x28,0x00,0x20,0x00,
	0x50,0x00,0x20,0x00,0x78,0x00,0x20,0x00,0xA0,0x00,0x20,
	0x00,0xA0,0x00,0x9E,0x00,0x00,0x01,0x9E,0x00,0x00,0x01,
	0x9E,0x00,0x00,0x01,0x9E,0x00,0x00,0x01,0x9E,0x00,0x00,
	0x01,0x9E,0x00,0x00,0x01,0x9E,0x00,0x00,0x00,0x20,0x00,
	0x28,0x00,0x20,0x00,0x50,0x00,0x20,0x00,0x78,0x00,0x20,
	0x00,0xA0,0x00,0x20,0x00,0xA0,0x00,0x9A,0x00,0x00,0x01,
	0x9A,0x00,0x00,0x01,0x9A,0x00,0x00,0x01,0x9A,0x00,0x00,
	0x01,0x9A,0x00,0x00,0x01,0x9A,0x00,0x00,0x01,0x9A,0x00,
	0x05,0x05,0x00,0x00,0x00,0x00,0x00,0x00,0x00,0x00,0x00,
	0x00,0x00,0x00,0x00,0x00,0x00,0x00,0x00,0x00,0x00,0x00,
	0x00,0x00,0x00,0x00,0x00,0x00,0x00,0x00,0x00,0x00,0x00,
	0x00,0x00,0x00,0x00,0x00,0x00,0x00,0x00,0x00,0x00,0x00,
	0x00,0x00,0x00,0x00,0x00,0x00,0x00,0x00,0x00,0x80,0x00,
	0x00,0x20,0x20,0x20,0x20,0x20,0x20,0x20,0x20,0x20,0x20,
	0x20,0x20,0x20,0x20,0x20,0x20,0x20,0x20,0x20,0x20,0x20,
	0x20,
};
